X,Y,OBJECTID,acci_id,tamainid,numunits,AccidentDate,AccidentTime,DayOfWeek,WasFatal,WasHitAndRun,TransImmedMedCare,UCRCode,UCRDescription,CoordX,CoordY,Location,Inside_Outside,City,Accuracy,Distance,Units,Direction,From_At,IntersectingStreet,AddrNumber,AddrDirection,AddrStreetName,AddrStreetNameSuffix,CrossStreetDirection,CrossStreetName,CrossStreetSuffix,LightConditionDescription,WeatherDescription,WeatherOther,RelationDescription,IntersectionTypeDescription,RoadConfigurationDescription,MannerOfCrashDescription,MannerOfCrashOther,DATASOURCE,URL,F7Days,F28Days,COMPSTAT_28D,WEEKLY_7D,AccidentDateTime
1049526.75,451220.839895009994507,4008,1304050600  ,161249,2,2013-04-05T00:00:00.000Z,1835,FRI,0,0,0,3104      ,3104-INJURY TRAFFIC ACCIDENT/BICYCLE                   ,1049526.75,451220.84,E SPEEDWAY BL                 ,INSIDE                                                 ,TUCSON              ,N/A,     ,N/A,  ,At,N AVENIDA JEANINE             ,        ,N ,AVENIDA JEANINE                         ,    ,E ,SPEEDWAY                                ,BL  ,DAYLIGHT                                               ,CLEAR                                                  ,                         ,NON-CONTROLLED ACCESS - INTERSECTION (WITHIN)          ,FOUR-WAY INTERSECTION                                  ,"2-WAY, DIVIDED POSITIVE MEDIAN BARRIER                 ",ANGLE (FRONT TO SIDE) (OTHER THAN LEFT TURN)           ,                         ,TPD_TRAFFIC_INCIDENTS,,,,,,
1003525.75,445696.479986876249313,1045,1211180183  ,159035,2,2012-11-18T00:00:00.000Z,0814,SUN,0,0,1,3104      ,3104-INJURY TRAFFIC ACCIDENT/BICYCLE                   ,1003525.75,445696.48,E BROADWAY BL                 ,INSIDE                                                 ,TUCSON              ,N/A,     ,N/A,  ,At,S TUCSON BLVD                 ,        ,E ,BROADWAY                                ,BL  ,N ,TUCSON                                  ,BL  ,DAYLIGHT                                               ,CLEAR                                                  ,                         ,NON-CONTROLLED ACCESS - INTERSECTION (WITHIN)          ,FOUR-WAY INTERSECTION                                  ,"2-WAY, NOT DIVIDED                                     ",ANGLE (FRONT TO SIDE) (OTHER THAN LEFT TURN)           ,                         ,TPD_TRAFFIC_INCIDENTS,,,,,,
995968.75,449811.62007874250412,1082,1810210393  ,205720,2,2018-10-21T00:00:00.000Z,1918,SUN,0,1,0,3114      ,3114-INJURY TRAF ACCIDENT/HIT & RUN/BICYCLE            ,995968.75,449811.62,EUCLID AV                     ,INSIDE                                                 ,TUCSON              ,N/A,     ,N/A,  ,At,2ND ST                        ,        ,E ,2ND                                     ,ST  ,N ,EUCLID                                  ,    ,DARK-LIGHTED                                           ,RAIN                                                   ,                         ,NON-CONTROLLED ACCESS - INTERSECTION (WITHIN)          ,FOUR-WAY INTERSECTION                                  ,"2-WAY, NOT DIVIDED WITH CONT LEFT TURN LANE            ",OTHER                                                  ,PEDALCYCLE               ,TPD_TRAFFIC_INCIDENTS,\\central\data\Transportation\Traffic\Accident Data\2018\1810210393.pdf,,,,,
994539.12007873877883,450256.339895009994507,1092,1809230327  ,205063,2,2018-09-23T00:00:00.000Z,1435,SUN,0,0,0,3204      ,3204-PROP DMG TRAF ACCIDENT/BICYCLE                    ,994539.12,450256.34,E 1ST ST                      ,INSIDE                                                 ,TUCSON              ,N/A,     ,N/A,  ,At,N 3RD AV                      ,        ,E ,1ST                                     ,ST  ,N ,3RD                                     ,AV  ,DAYLIGHT                                               ,CLEAR                                                  ,                         ,NON-CONTROLLED ACCESS - INTERSECTION (WITHIN)          ,FOUR-WAY INTERSECTION                                  ,"2-WAY, NOT DIVIDED                                     ",OTHER                                                  ,PEDALCYCLE               ,TPD_TRAFFIC_INCIDENTS,\\central\data\Transportation\Traffic\Accident Data\2018\1809230327.pdf,,,,,
1042742.25,440590.31003937125206,1102,1301180494  ,159917,2,2013-01-18T00:00:00.000Z,1730,FRI,0,0,0,3114      ,3114-INJURY TRAF ACCIDENT/HIT & RUN/BICYCLE            ,1042742.25,440590.31,E 22ND ST                     ,INSIDE                                                 ,TUCSON              ,N/A,     ,N/A,  ,At,S CAMINO SECO                 ,        ,E ,22ND                                    ,ST  ,S ,CAMINO SECO                             ,    ,DUSK                                                   ,CLEAR                                                  ,                         ,NON-CONTROLLED ACCESS - INTERSECTION-RELATED           ,FOUR-WAY INTERSECTION                                  ,"2-WAY, DIVIDED POSITIVE MEDIAN BARRIER                 ",LEFT TURN                                              ,                         ,TPD_TRAFFIC_INCIDENTS,,,,,,
991354.580052495002747,440233.859908133745193,1168,1302080130  ,160298,2,2013-02-08T00:00:00.000Z,0639,FRI,0,0,1,3104      ,3104-INJURY TRAFFIC ACCIDENT/BICYCLE                   ,991354.58,440233.86,W 22ND ST                     ,INSIDE                                                 ,TUCSON              ,N/A,     ,N/A,  ,At,S 10TH AV                     ,        ,S ,10TH                                    ,AV  ,W ,22ND                                    ,ST  ,DAYLIGHT                                               ,CLEAR                                                  ,                         ,NON-CONTROLLED ACCESS - INTERSECTION (WITHIN)          ,FOUR-WAY INTERSECTION                                  ,"2-WAY, DIVIDED, UNPROT (PAINTED > 4 FEET) MEDIAN       ",OTHER                                                  ,FRONT TO BICYCLE         ,TPD_TRAFFIC_INCIDENTS,,,,,,
997430.5,447926.5,1185,1708210015  ,195857,2,2017-08-21T00:00:00.000Z,1702,MON,0,0,1,3104      ,3104-INJURY TRAFFIC ACCIDENT/BICYCLE                   ,997430.5,447926.5,6TH ST                        ,INSIDE                                                 ,TUCSON              ,N/A,     ,N/A,  ,At,FREMONT AV                    ,        ,E ,6TH                                     ,ST  ,N ,FREMONT                                 ,AV  ,DAYLIGHT                                               ,CLEAR                                                  ,                         ,NON-CONTROLLED ACCESS - INTERSECTION (WITHIN)          ,T-INTERSECTION                                         ,"2-WAY, NOT DIVIDED WITH CONT LEFT TURN LANE            ",ANGLE (FRONT TO SIDE) (OTHER THAN LEFT TURN)           ,                         ,TPD_TRAFFIC_INCIDENTS,\\central\data\Transportation\Traffic\Accident Data\2017\1708210015.pdf,,,,,
1037957.839895013719797,445836.06988188624382,1249,1401030328  ,166582,2,2014-01-03T00:00:00.000Z,1520,FRI,0,0,1,3104      ,3104-INJURY TRAFFIC ACCIDENT/BICYCLE                   ,1037957.84,445836.07,E BROADWAY BL                 ,INSIDE                                                 ,TUCSON              ,N/A,     ,N/A,  ,From,N PANTANO RD                  ,        ,E ,BROADWAY                                ,BL  ,N ,PANTANO                                 ,RD  ,DAYLIGHT                                               ,CLEAR                                                  ,                         ,NON-CONTROLLED ACCESS - DRIVEWAY                       ,,"2-WAY, DIVIDED POSITIVE MEDIAN BARRIER                 ",ANGLE (FRONT TO SIDE) (OTHER THAN LEFT TURN)           ,                         ,TPD_TRAFFIC_INCIDENTS,,,,,,
1037957.839895013719797,445836.06988188624382,1251,1309290159  ,164762,2,2013-09-29T00:00:00.000Z,0839,SUN,0,0,1,3104      ,3104-INJURY TRAFFIC ACCIDENT/BICYCLE                   ,1037957.84,445836.07,N PANTANO RD                  ,INSIDE                                                 ,TUCSON              ,N/A,     ,N/A,  ,From,E BROADWAY BL                 ,        ,E ,BROADWAY                                ,BL  ,N ,PANTANO                                 ,RD  ,DAYLIGHT                                               ,CLEAR                                                  ,                         ,NON-CONTROLLED ACCESS - DRIVEWAY                       ,T-INTERSECTION                                         ,"2-WAY, NOT DIVIDED                                     ",ANGLE (FRONT TO SIDE) (OTHER THAN LEFT TURN)           ,                         ,TPD_TRAFFIC_INCIDENTS,,,,,,
1037957.839895013719797,445836.06988188624382,1270,1906240511  ,211607,3,2019-06-24T00:00:00.000Z,1459,MON,0,0,1,3104      ,3104-INJURY TRAFFIC ACCIDENT/BICYCLE                   ,1037957.84,445836.07,BROADWAY BL                   ,INSIDE                                                 ,TUCSON              ,Approximately,N/A  ,Feet,W ,From,PANTANO RD                    ,        ,E ,BROADWAY                                ,BL  ,N ,PANTANO                                 ,RD  ,DAYLIGHT                                               ,CLEAR                                                  ,                         ,NOT JUNCTION RELATED                                   ,,"2-WAY, DIVIDED, UNPROT (PAINTED > 4 FEET) MEDIAN       ",OTHER                                                  ,PEDALCYCLE               ,TPD_TRAFFIC_INCIDENTS,\\central\data\Transportation\Traffic\Accident Data\2019\1906240511.pdf,,,,,
1011369.06003937125206,450452.919947504997253,1303,1404090229  ,168353,2,2014-04-09T00:00:00.000Z,0126,WED,0,0,0,3104      ,3104-INJURY TRAFFIC ACCIDENT/BICYCLE                   ,1011369.06,450452.92,N ALVERNON WY                 ,INSIDE                                                 ,TUCSON              ,N/A,     ,N/A,  ,At,E 2ND ST                      ,        ,E ,2ND                                     ,ST  ,N ,ALVERNON                                ,WY  ,DAYLIGHT                                               ,CLEAR                                                  ,                         ,NON-CONTROLLED ACCESS - INTERSECTION-RELATED           ,T-INTERSECTION                                         ,"2-WAY, NOT DIVIDED                                     ",HEAD-ON (FRONT-TO-FRONT) (OTHER THAN LEFT TURN)        ,                         ,TPD_TRAFFIC_INCIDENTS,,,,,,
995984.529855642467737,448380.919947504997253,1309,1809110006  ,204737,2,2018-09-11T00:00:00.000Z,1057,TUE,0,0,0,3104      ,3104-INJURY TRAFFIC ACCIDENT/BICYCLE                   ,995984.53,448380.92,EUCLID                        ,INSIDE                                                 ,TUCSON              ,N/A,     ,N/A,  ,At,5TH ST                        ,        ,E ,5TH                                     ,ST  ,N ,EUCLID                                  ,AV  ,DAYLIGHT                                               ,CLEAR                                                  ,                         ,NON-CONTROLLED ACCESS - INTERSECTION (WITHIN)          ,FOUR-WAY INTERSECTION                                  ,"2-WAY, DIVIDED POSITIVE MEDIAN BARRIER                 ",ANGLE (FRONT TO SIDE) (OTHER THAN LEFT TURN)           ,                         ,TPD_TRAFFIC_INCIDENTS,\\central\data\Transportation\Traffic\Accident Data\2018\1809110006.pdf,,,,,
1037055.209973752498627,440541.149934381246567,1315,1704070236  ,192608,2,2017-04-07T00:00:00.000Z,1203,FRI,0,0,1,3104      ,3104-INJURY TRAFFIC ACCIDENT/BICYCLE                   ,1037055.21,440541.15,E 22ND ST                     ,INSIDE                                                 ,TUCSON              ,Approximately,150  ,Feet,W ,From,S PANTANO RD                  ,        ,E ,22ND                                    ,ST  ,S ,PANTANO                                 ,RD  ,DAYLIGHT                                               ,CLEAR                                                  ,                         ,NON-CONTROLLED ACCESS - DRIVEWAY                       ,FOUR-WAY INTERSECTION                                  ,"2-WAY, DIVIDED, UNPROT (PAINTED > 4 FEET) MEDIAN       ",ANGLE (FRONT TO SIDE) (OTHER THAN LEFT TURN)           ,                         ,TPD_TRAFFIC_INCIDENTS,\\central\data\Transportation\Traffic\Accident Data\2017\1704070236.pdf,,,,,
984075.270013123750687,413626.12992125749588,1382,1211010181  ,158774,2,2012-11-01T00:00:00.000Z,1338,THU,0,0,0,3104      ,3104-INJURY TRAFFIC ACCIDENT/BICYCLE                   ,984075.27,413626.13,S MIDVALE PARK RD             ,INSIDE                                                 ,TUCSON              ,Approximately,500  ,Feet,N ,From,W VALENCIA RD                 ,        ,S ,MIDVALE PARK                            ,RD  ,W ,VALENCIA                                ,RD  ,DAYLIGHT                                               ,CLEAR                                                  ,                         ,NOT JUNCTION RELATED                                   ,UNKNOWN                                                ,"2-WAY, DIVIDED POSITIVE MEDIAN BARRIER                 ",REAR-TO-SIDE                                           ,                         ,TPD_TRAFFIC_INCIDENTS,,,,,,
984075.270013123750687,413626.12992125749588,1392,1803050468  ,200727,2,2018-03-05T00:00:00.000Z,1628,MON,0,0,1,3104      ,3104-INJURY TRAFFIC ACCIDENT/BICYCLE                   ,984075.27,413626.13,VALENCIA RD                   ,INSIDE                                                 ,TUCSON              ,Approximately,100  ,Feet,W ,From,MIDVALE PARK RD               ,        ,S ,MIDVALE PARK                            ,RD  ,W ,VALENCIA                                ,RD  ,DAYLIGHT                                               ,CLEAR                                                  ,                         ,NON-CONTROLLED ACCESS - INTERSECTION-RELATED           ,FOUR-WAY INTERSECTION                                  ,"2-WAY, DIVIDED, UNPROT (PAINTED > 4 FEET) MEDIAN       ",OTHER                                                  ,PEDALCYCLE               ,TPD_TRAFFIC_INCIDENTS,\\central\data\Transportation\Traffic\Accident Data\2018\1803050468.pdf,,,,,
990140.899934384971857,458038.81003937125206,1441,1210290192  ,159950,2,2012-10-29T00:00:00.000Z,1719,MON,0,0,0,3114      ,3114-INJURY TRAF ACCIDENT/HIT & RUN/BICYCLE            ,990140.9,458038.81,W KELSO ST                    ,INSIDE                                                 ,TUCSON              ,N/A,     ,N/A,  ,From,N ORACLE RD                   ,        ,W ,KELSO                                   ,ST  ,N ,ORACLE                                  ,RD  ,DAYLIGHT                                               ,CLEAR                                                  ,                         ,NOT JUNCTION RELATED                                   ,,"2-WAY, NOT DIVIDED                                     ",ANGLE (FRONT TO SIDE) (OTHER THAN LEFT TURN)           ,                         ,TPD_TRAFFIC_INCIDENTS,,,,,,
996458.56003937125206,449343.029855646193027,1497,1908010290  ,212493,2,2019-08-01T00:00:00.000Z,2243,THU,0,0,0,3104      ,3104-INJURY TRAFFIC ACCIDENT/BICYCLE                   ,996458.56,449343.03,E UNIVERSITY BL               ,INSIDE                                                 ,TUCSON              ,Approximately,100  ,Feet,W ,From,TYNDALL AV                    ,        ,N ,TYNDALL                                 ,AV  ,E ,UNIVERSITY                              ,BL  ,DARK-LIGHTED                                           ,CLOUDY                                                 ,                         ,NON-CONTROLLED ACCESS - INTERSECTION-RELATED           ,FOUR-WAY INTERSECTION                                  ,"2-WAY, NOT DIVIDED WITH CONT LEFT TURN LANE            ",,PEDALCYCLE               ,TPD_TRAFFIC_INCIDENTS,\\central\data\Transportation\Traffic\Accident Data\2019\1908010290.pdf,,,,,
1000760.669947504997253,450970.169947504997253,1511,1805050148  ,202165,2,2018-05-05T00:00:00.000Z,0629,SAT,0,0,1,3104      ,3104-INJURY TRAFFIC ACCIDENT/BICYCLE                   ,1000760.67,450970.17,SPEEDWAY BL                   ,INSIDE                                                 ,TUCSON              ,Approximately,UNK  ,Feet,N ,From,CAMPBELL AV                   ,        ,N ,CAMPBELL                                ,AV  ,E ,SPEEDWAY                                ,BL  ,DAYLIGHT                                               ,CLEAR                                                  ,                         ,NON-CONTROLLED ACCESS - INTERSECTION-RELATED           ,FOUR-WAY INTERSECTION                                  ,"2-WAY, DIVIDED, UNPROT (PAINTED > 4 FEET) MEDIAN       ",OTHER                                                  ,PEDALCYCLE               ,TPD_TRAFFIC_INCIDENTS,\\central\data\Transportation\Traffic\Accident Data\2018\1805050148.pdf,,,,,
1000760.669947504997253,450970.169947504997253,1515,1710090266  ,197097,2,2017-10-09T00:00:00.000Z,1218,MON,0,0,0,3104      ,3104-INJURY TRAFFIC ACCIDENT/BICYCLE                   ,1000760.67,450970.17,E SPEEDWAY BL                 ,INSIDE                                                 ,TUCSON              ,Approximately,100  ,Feet,E ,From,N CAMPBELL AV                 ,        ,N ,CAMPBELL                                ,AV  ,E ,SPEEDWAY                                ,BL  ,DAYLIGHT                                               ,CLEAR                                                  ,                         ,NON-CONTROLLED ACCESS - DRIVEWAY                       ,FOUR-WAY INTERSECTION                                  ,"2-WAY, DIVIDED, UNPROT (PAINTED > 4 FEET) MEDIAN       ",SINGLE VEHICLE                                         ,                         ,TPD_TRAFFIC_INCIDENTS,\\central\data\Transportation\Traffic\Accident Data\2017\1710090266.pdf,,,,,
1000760.669947504997253,450970.169947504997253,1516,1410310407  ,171828,2,2014-10-31T00:00:00.000Z,1556,FRI,0,1,0,3114      ,3114-INJURY TRAF ACCIDENT/HIT & RUN/BICYCLE            ,1000760.67,450970.17,N CAMPBELL AV                 ,INSIDE                                                 ,TUCSON              ,N/A,     ,N/A,  ,At,E SPEEDWAY BL                 ,        ,N ,CAMPBELL                                ,AV  ,E ,SPEEDWAY                                ,BL  ,DAYLIGHT                                               ,CLEAR                                                  ,                         ,NON-CONTROLLED ACCESS - INTERSECTION-RELATED           ,FOUR-WAY INTERSECTION                                  ,"2-WAY, DIVIDED POSITIVE MEDIAN BARRIER                 ","SIDESWIPE, SAME DIRECTION                              ",                         ,TPD_TRAFFIC_INCIDENTS,,,,,,
1000760.669947504997253,450970.169947504997253,1523,1310150556  ,165072,2,2013-10-15T00:00:00.000Z,2219,TUE,0,0,0,3104      ,3104-INJURY TRAFFIC ACCIDENT/BICYCLE                   ,1000760.67,450970.17,E SPEEDWAY BL                 ,INSIDE                                                 ,TUCSON              ,N/A,     ,N/A,E ,At,N CAMPBELL AV                 ,        ,N ,CAMPBELL                                ,AV  ,E ,SPEEDWAY                                ,BL  ,DARK-LIGHTED                                           ,CLEAR                                                  ,                         ,NON-CONTROLLED ACCESS - INTERSECTION-RELATED           ,FOUR-WAY INTERSECTION                                  ,"2-WAY, DIVIDED POSITIVE MEDIAN BARRIER                 ",ANGLE (FRONT TO SIDE) (OTHER THAN LEFT TURN)           ,                         ,TPD_TRAFFIC_INCIDENTS,,,,,,
1000760.669947504997253,450970.169947504997253,1527,1311240211  ,165867,2,2013-11-24T00:00:00.000Z,1016,SUN,0,0,0,3104      ,3104-INJURY TRAFFIC ACCIDENT/BICYCLE                   ,1000760.67,450970.17,N CAMPBELL AV                 ,INSIDE                                                 ,TUCSON              ,Approximately,100  ,Feet,N ,From,E SPEEDWAY BL                 ,        ,N ,CAMPBELL                                ,AV  ,E ,SPEEDWAY                                ,BL  ,DAYLIGHT                                               ,CLEAR                                                  ,                         ,NOT JUNCTION RELATED                                   ,,"2-WAY, DIVIDED POSITIVE MEDIAN BARRIER                 ",ANGLE (FRONT TO SIDE) (OTHER THAN LEFT TURN)           ,                         ,TPD_TRAFFIC_INCIDENTS,,,,,,
984797.62007873877883,456052.020013123750687,1576,1705260151  ,193905,2,2017-05-26T00:00:00.000Z,0808,FRI,0,0,0,3104      ,3104-INJURY TRAFFIC ACCIDENT/BICYCLE                   ,984797.62,456052.02,W GRANT RD                    ,INSIDE                                                 ,TUCSON              ,Approximately,300  ,Feet,E ,From,N FORBES BL                   ,        ,N ,FORBES                                  ,BL  ,W ,GRANT                                   ,RD  ,DAYLIGHT                                               ,CLEAR                                                  ,                         ,NOT JUNCTION RELATED                                   ,,"2-WAY, DIVIDED, UNPROT (PAINTED > 4 FEET) MEDIAN       ",SINGLE VEHICLE                                         ,                         ,TPD_TRAFFIC_INCIDENTS,\\central\data\Transportation\Traffic\Accident Data\2017\1705260151.pdf,,,,,
995934.31003937125206,452206.31003937125206,1599,1303040242  ,160699,2,2013-03-04T00:00:00.000Z,1036,MON,0,0,0,3104      ,3104-INJURY TRAFFIC ACCIDENT/BICYCLE                   ,995934.31,452206.31,N EUCLID AV                   ,INSIDE                                                 ,TUCSON              ,N/A,     ,N/A,  ,At,E DRACHMAN ST                 ,        ,E ,DRACHMAN                                ,ST  ,N ,EUCLID                                  ,AV  ,DAYLIGHT                                               ,CLEAR                                                  ,                         ,NON-CONTROLLED ACCESS - INTERSECTION (WITHIN)          ,FOUR-WAY INTERSECTION                                  ,,ANGLE (FRONT TO SIDE) (OTHER THAN LEFT TURN)           ,                         ,TPD_TRAFFIC_INCIDENTS,,,,,,
990181.970144357532263,455258.830052495002747,1601,1308130497  ,163790,2,2013-08-13T00:00:00.000Z,1847,TUE,0,0,0,3104      ,3104-INJURY TRAFFIC ACCIDENT/BICYCLE                   ,990181.97,455258.83,N ORACLE RD                   ,INSIDE                                                 ,TUCSON              ,Approximately,30   ,Feet,N ,From,W RILLITO ST                  ,        ,N ,ORACLE                                  ,RD  ,W ,RILLITO                                 ,ST  ,DARK-LIGHTED                                           ,CLEAR                                                  ,                         ,,,"2-WAY, DIVIDED POSITIVE MEDIAN BARRIER                 ",ANGLE (FRONT TO SIDE) (OTHER THAN LEFT TURN)           ,                         ,TPD_TRAFFIC_INCIDENTS,,,,,,
990181.970144357532263,455258.830052495002747,1603,1709080209  ,196297,2,2017-09-08T00:00:00.000Z,0943,FRI,0,1,0,3114      ,3114-INJURY TRAF ACCIDENT/HIT & RUN/BICYCLE            ,990181.97,455258.83,N ORACLE RD                   ,INSIDE                                                 ,TUCSON              ,Approximately,50   ,Feet,S ,From,W RILLITO ST                  ,        ,N ,ORACLE                                  ,RD  ,W ,RILLITO                                 ,ST  ,DAYLIGHT                                               ,CLEAR                                                  ,                         ,NON-CONTROLLED ACCESS - DRIVEWAY                       ,FOUR-WAY INTERSECTION                                  ,"2-WAY, DIVIDED, UNPROT (PAINTED > 4 FEET) MEDIAN       ",SINGLE VEHICLE                                         ,                         ,TPD_TRAFFIC_INCIDENTS,\\central\data\Transportation\Traffic\Accident Data\2017\1709080209.pdf,,,,,
1048550.37007873877883,441083.75,1615,1901160375  ,207820,2,2019-01-16T00:00:00.000Z,1449,WED,0,0,0,3204      ,3204-PROP DMG TRAF ACCIDENT/BICYCLE                    ,1048550.37,441083.75,S HARRISON RD                 ,INSIDE                                                 ,TUCSON              ,Approximately,5    ,Feet,N ,From,E OLD SPANISH TRL             ,        ,S ,HARRISON                                ,RD  ,E ,OLD SPANISH                             ,TR  ,DAYLIGHT                                               ,CLEAR                                                  ,                         ,NON-CONTROLLED ACCESS - INTERSECTION-RELATED           ,FOUR-WAY INTERSECTION                                  ,"2-WAY, DIVIDED, UNPROT (PAINTED > 4 FEET) MEDIAN       ",OTHER                                                  ,PEDALCYCLE               ,TPD_TRAFFIC_INCIDENTS,\\central\data\Transportation\Traffic\Accident Data\2019\1901160375.pdf,,,,,
1019284.31003937125206,451193.979986876249313,1642,1712070457  ,198608,2,2017-12-07T00:00:00.000Z,1553,THU,0,0,0,3204      ,3204-PROP DMG TRAF ACCIDENT/BICYCLE                    ,1019284.31,451193.98,SPEEDWAY BL                   ,INSIDE                                                 ,TUCSON              ,Approximately,UNK  ,Feet,E ,From,ROSEMONT BL                   ,        ,N ,ROSEMONT                                ,BL  ,E ,SPEEDWAY                                ,BL  ,DAYLIGHT                                               ,CLEAR                                                  ,                         ,NON-CONTROLLED ACCESS - INTERSECTION-RELATED           ,FOUR-WAY INTERSECTION                                  ,"2-WAY, DIVIDED, UNPROT (PAINTED > 4 FEET) MEDIAN       ",OTHER                                                  ,PEDALCYCLE               ,TPD_TRAFFIC_INCIDENTS,\\central\data\Transportation\Traffic\Accident Data\2017\1712070457.pdf,,,,,
995324.0,466672.62007874250412,1668,1304190563  ,161434,2,2013-04-19T00:00:00.000Z,1709,FRI,0,1,0,3214      ,3214-PROP DMG TRAF ACCIDENT/HIT & RUN/BICYCLE          ,995324,466672.62,N 1ST AV                      ,INSIDE                                                 ,TUCSON              ,N/A,     ,N/A,  ,At,E ROGER RD                    ,        ,N ,1ST                                     ,AV  ,E ,ROGER                                   ,RD  ,DAYLIGHT                                               ,CLEAR                                                  ,                         ,NON-CONTROLLED ACCESS - DRIVEWAY                       ,,"2-WAY, NOT DIVIDED                                     ",ANGLE (FRONT TO SIDE) (OTHER THAN LEFT TURN)           ,                         ,TPD_TRAFFIC_INCIDENTS,,,,,,
1016600.140091862529516,453793.270013123750687,1673,1906200777  ,211527,2,2019-06-20T00:00:00.000Z,2106,THU,0,0,0,3104      ,3104-INJURY TRAFFIC ACCIDENT/BICYCLE                   ,1016600.14,453793.27,PIMA ST E                     ,,TUCSON              ,N/A,     ,N/A,  ,At,SWAN RD N                     ,        ,E ,PIMA                                    ,ST  ,N ,SWAN                                    ,RD  ,DARK-LIGHTED                                           ,CLEAR                                                  ,                         ,,FOUR-WAY INTERSECTION                                  ,"2-WAY, NOT DIVIDED                                     ",,PEDALCYCLE               ,TPD_TRAFFIC_INCIDENTS,\\central\data\Transportation\Traffic\Accident Data\2019\1906200777.pdf,,,,,
1016600.140091862529516,453793.270013123750687,1676,1309090163  ,164321,2,2013-09-09T00:00:00.000Z,1012,MON,0,0,0,3104      ,3104-INJURY TRAFFIC ACCIDENT/BICYCLE                   ,1016600.14,453793.27,S SWAN RD                     ,INSIDE                                                 ,TUCSON              ,N/A,     ,N/A,  ,At,E PIMA ST                     ,        ,E ,PIMA                                    ,ST  ,N ,SWAN                                    ,RD  ,DAYLIGHT                                               ,CLOUDY                                                 ,                         ,NON-CONTROLLED ACCESS - INTERSECTION (WITHIN)          ,FOUR-WAY INTERSECTION                                  ,"2-WAY, NOT DIVIDED WITH CONT LEFT TURN LANE            ",LEFT TURN                                              ,                         ,TPD_TRAFFIC_INCIDENTS,,,,,,
1011219.87007873877883,460982.859908133745193,1690,1401170229  ,166800,2,2014-01-17T00:00:00.000Z,1322,FRI,0,0,0,3104      ,3104-INJURY TRAFFIC ACCIDENT/BICYCLE                   ,1011219.87,460982.86,N ALVERNON WY                 ,INSIDE                                                 ,TUCSON              ,N/A,     ,N/A,  ,At,E PRESIDIO RD                 ,        ,N ,ALVERNON                                ,WY  ,E ,PRESIDIO                                ,RD  ,DAYLIGHT                                               ,CLEAR                                                  ,                         ,NON-CONTROLLED ACCESS - INTERSECTION (WITHIN)          ,T-INTERSECTION                                         ,"2-WAY, DIVIDED, UNPROT (PAINTED > 4 FEET) MEDIAN       ",ANGLE (FRONT TO SIDE) (OTHER THAN LEFT TURN)           ,                         ,TPD_TRAFFIC_INCIDENTS,,,,,,
995453.37007873877883,456138.410104990005493,1738,1211070208  ,160090,2,2012-11-07T00:00:00.000Z,1551,WED,0,0,0,3104      ,3104-INJURY TRAFFIC ACCIDENT/BICYCLE                   ,995453.37,456138.41,1ST AV N                      ,INSIDE                                                 ,TUCSON              ,Approximately,30   ,Feet,S ,At,GRANT RD E                    ,        ,N ,1ST                                     ,AV  ,E ,GRANT                                   ,RD  ,DAYLIGHT                                               ,CLEAR                                                  ,                         ,NON-CONTROLLED ACCESS - INTERSECTION-RELATED           ,FOUR-WAY INTERSECTION                                  ,"2-WAY, NOT DIVIDED WITH CONT LEFT TURN LANE            ",OTHER                                                  ,RT TURN                  ,TPD_TRAFFIC_INCIDENTS,,,,,,
1032653.979986876249313,445805.169947504997253,1761,1504130456  ,175273,2,2015-04-13T00:00:00.000Z,1651,MON,0,0,0,3104      ,3104-INJURY TRAFFIC ACCIDENT/BICYCLE                   ,1032653.98,445805.17,E BROADWAY BL                 ,INSIDE                                                 ,TUCSON              ,N/A,     ,N/A,  ,At,N KOLB RD                     ,        ,E ,BROADWAY                                ,BL  ,N ,KOLB                                    ,RD  ,DAYLIGHT                                               ,CLEAR                                                  ,                         ,NON-CONTROLLED ACCESS - INTERSECTION (WITHIN)          ,FOUR-WAY INTERSECTION                                  ,"2-WAY, DIVIDED POSITIVE MEDIAN BARRIER                 ",SINGLE VEHICLE                                         ,                         ,TPD_TRAFFIC_INCIDENTS,,,,,,
1000665.56003937125206,466777.089895009994507,1793,1411140454  ,172110,2,2014-11-14T00:00:00.000Z,1830,FRI,0,0,1,3104      ,3104-INJURY TRAFFIC ACCIDENT/BICYCLE                   ,1000665.56,466777.09,N CAMPBELL AV                 ,INSIDE                                                 ,TUCSON              ,N/A,     ,N/A,  ,At,E ROGER RD                    ,        ,N ,CAMPBELL                                ,AV  ,E ,ROGER                                   ,RD  ,DARK-LIGHTED                                           ,UNKNOWN                                                ,                         ,NON-CONTROLLED ACCESS - INTERSECTION-RELATED           ,FOUR-WAY INTERSECTION                                  ,"2-WAY, DIVIDED, UNPROT (PAINTED > 4 FEET) MEDIAN       ",ANGLE (FRONT TO SIDE) (OTHER THAN LEFT TURN)           ,                         ,TPD_TRAFFIC_INCIDENTS,,,,,,
994702.830052495002747,456801.06988188624382,1828,1906250281  ,211628,2,2019-06-25T00:00:00.000Z,1105,TUE,0,0,1,3104      ,3104-INJURY TRAFFIC ACCIDENT/BICYCLE                   ,994702.83,456801.07,N LOS ALTOS                   ,INSIDE                                                 ,TUCSON              ,Approximately,10   ,Feet,S ,From,E ALTURAS ST                  ,        ,E ,ALTURAS                                 ,ST  ,N ,LOS ALTOS                               ,AV  ,DAYLIGHT                                               ,CLEAR                                                  ,                         ,NON-CONTROLLED ACCESS - INTERSECTION-RELATED           ,FOUR-WAY INTERSECTION                                  ,"2-WAY, NOT DIVIDED                                     ",OTHER                                                  ,PEDAL CYCLE              ,TPD_TRAFFIC_INCIDENTS,\\central\data\Transportation\Traffic\Accident Data\2019\1906250281.pdf,,,,,