X,Y,OBJECTID,acci_id,tamainid,numunits,AccidentDate,AccidentTime,DayOfWeek,WasFatal,WasHitAndRun,TransImmedMedCare,UCRCode,UCRDescription,CoordX,CoordY,Location,Inside_Outside,City,Accuracy,Distance,Units,Direction,From_At,IntersectingStreet,AddrNumber,AddrDirection,AddrStreetName,AddrStreetNameSuffix,CrossStreetDirection,CrossStreetName,CrossStreetSuffix,LightConditionDescription,WeatherDescription,WeatherOther,RelationDescription,IntersectionTypeDescription,RoadConfigurationDescription,MannerOfCrashDescription,MannerOfCrashOther,DATASOURCE,URL,F7Days,F28Days,COMPSTAT_28D,WEEKLY_7D,AccidentDateTime
995914.12007873877883,453311.419947504997253,1837,1704210317  ,193014,2,2017-04-21T00:00:00.000Z,1408,FRI,0,0,0,3104      ,3104-INJURY TRAFFIC ACCIDENT/BICYCLE                   ,995914.12,453311.42,E ELM ST                      ,INSIDE                                                 ,TUCSON              ,N/A,     ,N/A,  ,At,N EUCLID AV                   ,        ,E ,ELM                                     ,ST  ,N ,EUCLID                                  ,AV  ,DAYLIGHT                                               ,CLEAR                                                  ,                         ,NON-CONTROLLED ACCESS - INTERSECTION (WITHIN)          ,FOUR-WAY INTERSECTION                                  ,"2-WAY, NOT DIVIDED WITH CONT LEFT TURN LANE            ",SINGLE VEHICLE                                         ,                         ,TPD_TRAFFIC_INCIDENTS,\\central\data\Transportation\Traffic\Accident Data\2017\1704210317.pdf,,,,,
1022077.25,445912.089895009994507,1892,1403120388  ,167860,2,2014-03-12T00:00:00.000Z,1704,WED,0,0,0,3104      ,3104-INJURY TRAFFIC ACCIDENT/BICYCLE                   ,1022077.25,445912.09,E BROADWAY BL                 ,INSIDE                                                 ,TUCSON              ,Approximately,100  ,Feet,W ,From,N CRAYCROFT RD                ,        ,E ,BROADWAY                                ,BL  ,N ,CRAYCROFT                               ,RD  ,DAYLIGHT                                               ,CLEAR                                                  ,                         ,CONTROLLED ACCESS - THRU ROADWAY                       ,UNKNOWN                                                ,"2-WAY, DIVIDED POSITIVE MEDIAN BARRIER                 ",SINGLE VEHICLE                                         ,                         ,TPD_TRAFFIC_INCIDENTS,,,,,,
1011272.06003937125206,457681.779855646193027,1946,1504230469  ,175465,2,2015-04-23T00:00:00.000Z,2015,THU,0,0,1,3104      ,3104-INJURY TRAFFIC ACCIDENT/BICYCLE                   ,1011272.06,457681.78,N ALVERNON WY                 ,INSIDE                                                 ,TUCSON              ,Approximately,3    ,Feet,S ,From,E FLOWER ST                   ,        ,N ,ALVERNON                                ,WY  ,E ,FLOWER                                  ,ST  ,DARK-LIGHTED                                           ,CLEAR                                                  ,                         ,NOT JUNCTION RELATED                                   ,,"2-WAY, NOT DIVIDED WITH CONT LEFT TURN LANE            ",SINGLE VEHICLE                                         ,                         ,TPD_TRAFFIC_INCIDENTS,,,,,,
998036.529855642467737,464065.31003937125206,1979,1809020175  ,204563,2,2018-09-02T00:00:00.000Z,0904,SUN,0,0,1,3104      ,3104-INJURY TRAFFIC ACCIDENT/BICYCLE                   ,998036.53,464065.31,MOUNTAIN AV N                 ,INSIDE                                                 ,TUCSON              ,Approximately,100  ,Feet,S ,From,PRINCE RD E                   ,        ,N ,MOUNTAIN                                ,AV  ,E ,PRINCE                                  ,RD  ,DAYLIGHT                                               ,CLEAR                                                  ,                         ,NON-CONTROLLED ACCESS - INTERSECTION-RELATED           ,FOUR-WAY INTERSECTION                                  ,"2-WAY, DIVIDED, UNPROT (PAINTED > 4 FEET) MEDIAN       ",OTHER                                                  ,PEDALCYCLE               ,TPD_TRAFFIC_INCIDENTS,\\central\data\Transportation\Traffic\Accident Data\2018\1809020175.pdf,,,,,
998036.529855642467737,464065.31003937125206,1980,1712080584  ,198661,2,2017-12-08T00:00:00.000Z,2124,FRI,0,0,0,3204      ,3204-PROP DMG TRAF ACCIDENT/BICYCLE                    ,998036.53,464065.31,PRINCE RD                     ,INSIDE                                                 ,TUCSON              ,Approximately,200  ,Feet,W ,From,MOUNTAIN AV                   ,        ,N ,MOUNTAIN                                ,AV  ,E ,PRINCE                                  ,RD  ,DARK-LIGHTED                                           ,CLEAR                                                  ,                         ,NOT JUNCTION RELATED                                   ,,"2-WAY, NOT DIVIDED WITH CONT LEFT TURN LANE            ",OTHER                                                  ,PEDALCYCLE               ,TPD_TRAFFIC_INCIDENTS,\\central\data\Transportation\Traffic\Accident Data\2017\1712080584.pdf,,,,,
998036.529855642467737,464065.31003937125206,1981,1709060105  ,196231,2,2017-09-06T00:00:00.000Z,0709,WED,0,0,0,3104      ,3104-INJURY TRAFFIC ACCIDENT/BICYCLE                   ,998036.53,464065.31,N MOUNTAIN AV                 ,INSIDE                                                 ,TUCSON              ,N/A,     ,N/A,  ,At,E PRINCE RD                   ,        ,N ,MOUNTAIN                                ,AV  ,E ,PRINCE                                  ,RD  ,DAYLIGHT                                               ,CLEAR                                                  ,                         ,NON-CONTROLLED ACCESS - INTERSECTION (WITHIN)          ,FOUR-WAY INTERSECTION                                  ,"2-WAY, NOT DIVIDED                                     ",SINGLE VEHICLE                                         ,                         ,TPD_TRAFFIC_INCIDENTS,\\central\data\Transportation\Traffic\Accident Data\2017\1709060105.pdf,,,,,
998387.5,450377.089895009994507,17,1902120008  ,208491,2,2019-02-12T00:00:00.000Z,1415,TUE,0,0,0,3204      ,3204-PROP DMG TRAF ACCIDENT/BICYCLE                    ,998387.5,450377.09,MOUNTAIN                      ,INSIDE                                                 ,TUCSON              ,Approximately,100  ,Feet,S ,From,1ST ST                        ,1322    ,E ,1ST                                     ,ST  ,  ,                                        ,    ,DAYLIGHT                                               ,CLEAR                                                  ,                         ,NON-CONTROLLED ACCESS - INTERSECTION-RELATED           ,T-INTERSECTION                                         ,"2-WAY, NOT DIVIDED                                     ",ANGLE (FRONT TO SIDE) (OTHER THAN LEFT TURN)           ,                         ,TPD_TRAFFIC_INCIDENTS,\\central\data\Transportation\Traffic\Accident Data\2019\1902120008.pdf,,,,,
1011564.540026247501373,437763.990157477557659,38,1308030281  ,163595,2,2013-08-03T00:00:00.000Z,1402,SAT,0,0,1,3104      ,3104-INJURY TRAFFIC ACCIDENT/BICYCLE                   ,1011564.54,437763.99,E 29TH ST                     ,INSIDE                                                 ,TUCSON              ,N/A,     ,N/A,  ,At,S ALVERNON WY                 ,        ,E ,29TH                                    ,ST  ,S ,ALVERNON                                ,WY  ,DAYLIGHT                                               ,CLEAR                                                  ,                         ,NON-CONTROLLED ACCESS - INTERSECTION (WITHIN)          ,UNKNOWN                                                ,"2-WAY, DIVIDED POSITIVE MEDIAN BARRIER                 ",SINGLE VEHICLE                                         ,                         ,TPD_TRAFFIC_INCIDENTS,,,,,,
1006058.279855642467737,451000.43011811375618,195,1611130569  ,188720,2,2016-11-13T00:00:00.000Z,2244,SUN,0,0,0,3104      ,3104-INJURY TRAFFIC ACCIDENT/BICYCLE                   ,1006058.28,451000.43,COUNTRY CLUB RD N             ,,TUCSON              ,N/A,     ,N/A,  ,At,SPEEDWAY BL E                 ,        ,N ,COUNTRY CLUB                            ,RD  ,E ,SPEEDWAY                                ,BL  ,DARK-LIGHTED                                           ,CLEAR                                                  ,                         ,NON-CONTROLLED ACCESS - INTERSECTION (WITHIN)          ,FOUR-WAY INTERSECTION                                  ,"2-WAY, DIVIDED, UNPROT (PAINTED > 4 FEET) MEDIAN       ",SINGLE VEHICLE                                         ,                         ,TPD_TRAFFIC_INCIDENTS,\\central\data\Transportation\Traffic\Accident Data\2016\1611130569.pdf,,,,,
1006058.279855642467737,451000.43011811375618,218,1410300420  ,171810,2,2014-10-30T00:00:00.000Z,1641,THU,0,1,0,3114      ,3114-INJURY TRAF ACCIDENT/HIT & RUN/BICYCLE            ,1006058.28,451000.43,N COUNTRY CLUB RD             ,INSIDE                                                 ,TUCSON              ,N/A,     ,N/A,  ,At,E SPEEDWAY BL                 ,        ,N ,COUNTRY CLUB                            ,RD  ,E ,SPEEDWAY                                ,BL  ,DAYLIGHT                                               ,CLEAR                                                  ,                         ,NON-CONTROLLED ACCESS - INTERSECTION (WITHIN)          ,FOUR-WAY INTERSECTION                                  ,"2-WAY, DIVIDED POSITIVE MEDIAN BARRIER                 ",LEFT TURN                                              ,                         ,TPD_TRAFFIC_INCIDENTS,,,,,,
992235.06003937125206,446619.62007874250412,290,1401210185  ,166865,2,2014-01-21T00:00:00.000Z,1045,TUE,0,1,0,3114      ,3114-INJURY TRAF ACCIDENT/HIT & RUN/BICYCLE            ,992235.06,446619.62,E ALAMEDA ST                  ,INSIDE                                                 ,TUCSON              ,N/A,     ,N/A,  ,At,N STONE AV                    ,        ,E ,ALAMEDA                                 ,ST  ,N ,STONE                                   ,AV  ,,,                         ,,,,,                         ,TPD_TRAFFIC_INCIDENTS,,,,,,
1019446.62007873877883,445909.609908133745193,310,1605150282  ,184053,2,2016-05-15T00:00:00.000Z,1334,SUN,0,0,0,3104      ,3104-INJURY TRAFFIC ACCIDENT/BICYCLE                   ,1019446.62,445909.61,BROADWAY BL E                 ,INSIDE                                                 ,TUCSON              ,Approximately,40   ,Feet,E ,From,ROSEMONT BL N                 ,        ,E ,BROADWAY                                ,BL  ,N ,ROSEMONT                                ,BL  ,DAYLIGHT                                               ,CLEAR                                                  ,                         ,NOT JUNCTION RELATED                                   ,,"2-WAY, DIVIDED, UNPROT (PAINTED > 4 FEET) MEDIAN       ",SINGLE VEHICLE                                         ,                         ,TPD_TRAFFIC_INCIDENTS,\\central\data\Transportation\Traffic\Accident Data\2016\1605150282.pdf,,,,,
1019446.62007873877883,445909.609908133745193,323,1802150552  ,200303,2,2018-02-15T00:00:00.000Z,1937,THU,0,1,0,3114      ,3114-INJURY TRAF ACCIDENT/HIT & RUN/BICYCLE            ,1019446.62,445909.61,BROADWAY BL                   ,,TUCSON              ,N/A,     ,N/A,  ,At,ROSEMONT BL                   ,        ,E ,BROADWAY                                ,BL  ,N ,ROSEMONT                                ,BL  ,DARK-LIGHTED                                           ,RAIN                                                   ,                         ,NON-CONTROLLED ACCESS - INTERSECTION (WITHIN)          ,FOUR-WAY INTERSECTION                                  ,"2-WAY, DIVIDED, UNPROT (PAINTED > 4 FEET) MEDIAN       ",OTHER                                                  ,PEDALCYCLE               ,TPD_TRAFFIC_INCIDENTS,\\central\data\Transportation\Traffic\Accident Data\2018\1802150552.pdf,,,,,
1037902.87007873877883,451143.490157477557659,350,1605080258  ,183854,2,2016-05-08T00:00:00.000Z,1147,SUN,0,0,0,3204      ,3204-PROP DMG TRAF ACCIDENT/BICYCLE                    ,1037902.87,451143.49,E SPEEDWAY BL                 ,INSIDE                                                 ,TUCSON              ,Approximately,UNK  ,Feet,W ,From,N PANTANO RD                  ,        ,N ,PANTANO                                 ,RD  ,E ,SPEEDWAY                                ,BL  ,DAYLIGHT                                               ,CLEAR                                                  ,                         ,NON-CONTROLLED ACCESS - INTERSECTION-RELATED           ,FOUR-WAY INTERSECTION                                  ,"2-WAY, DIVIDED, UNPROT (PAINTED > 4 FEET) MEDIAN       ",SINGLE VEHICLE                                         ,                         ,TPD_TRAFFIC_INCIDENTS,\\central\data\Transportation\Traffic\Accident Data\2016\1605080258.pdf,,,,,
1037902.87007873877883,451143.490157477557659,352,1411110367  ,172021,2,2014-11-11T00:00:00.000Z,1546,TUE,0,0,1,3104      ,3104-INJURY TRAFFIC ACCIDENT/BICYCLE                   ,1037902.87,451143.49,E SPEEDWAY BL                 ,INSIDE                                                 ,TUCSON              ,Approximately,.25  ,Miles,W ,From,N PANTANO RD                  ,        ,N ,PANTANO                                 ,RD  ,E ,SPEEDWAY                                ,BL  ,DAYLIGHT                                               ,CLEAR                                                  ,                         ,NOT JUNCTION RELATED                                   ,,"2-WAY, DIVIDED POSITIVE MEDIAN BARRIER                 ",ANGLE (FRONT TO SIDE) (OTHER THAN LEFT TURN)           ,                         ,TPD_TRAFFIC_INCIDENTS,,,,,,
1037902.87007873877883,451143.490157477557659,355,1410030598  ,171313,2,2014-10-03T00:00:00.000Z,2345,FRI,0,0,0,3104      ,3104-INJURY TRAFFIC ACCIDENT/BICYCLE                   ,1037902.87,451143.49,SPEEDWAY BL E                 ,INSIDE                                                 ,TUCSON              ,N/A,     ,N/A,  ,At,PANTANO RD N                  ,        ,N ,PANTANO                                 ,RD  ,E ,SPEEDWAY                                ,BL  ,DARK-LIGHTED                                           ,CLEAR                                                  ,                         ,NON-CONTROLLED ACCESS - INTERSECTION (WITHIN)          ,FOUR-WAY INTERSECTION                                  ,"2-WAY, DIVIDED POSITIVE MEDIAN BARRIER                 ",LEFT TURN                                              ,                         ,TPD_TRAFFIC_INCIDENTS,,,,,,
1037902.87007873877883,451143.490157477557659,364,1305250491  ,162268,2,2013-05-25T00:00:00.000Z,2110,SAT,0,0,0,3104      ,3104-INJURY TRAFFIC ACCIDENT/BICYCLE                   ,1037902.87,451143.49,N PANTANO RD                  ,INSIDE                                                 ,TUCSON              ,Approximately,75   ,Feet,S ,From,E SPEEDWAY BL                 ,        ,N ,PANTANO                                 ,RD  ,E ,SPEEDWAY                                ,BL  ,DARK-LIGHTED                                           ,CLEAR                                                  ,                         ,NOT JUNCTION RELATED                                   ,FOUR-WAY INTERSECTION                                  ,"2-WAY, NOT DIVIDED                                     ",REAR-TO-SIDE                                           ,                         ,TPD_TRAFFIC_INCIDENTS,,,,,,
996731.62007873877883,458758.839895009994507,435,1710230571  ,197457,2,2017-10-23T00:00:00.000Z,1811,MON,0,0,0,3104      ,3104-INJURY TRAFFIC ACCIDENT/BICYCLE                   ,996731.62,458758.84,GLENN ST E                    ,INSIDE                                                 ,TUCSON              ,N/A,     ,N/A,  ,At,PARK AV N                     ,        ,E ,GLENN                                   ,ST  ,N ,PARK                                    ,AV  ,DARK-LIGHTED                                           ,CLEAR                                                  ,                         ,NON-CONTROLLED ACCESS - INTERSECTION (WITHIN)          ,FOUR-WAY INTERSECTION                                  ,"2-WAY, NOT DIVIDED                                     ",SINGLE VEHICLE                                         ,                         ,TPD_TRAFFIC_INCIDENTS,\\central\data\Transportation\Traffic\Accident Data\2017\1710230571.pdf,,,,,
1001206.279855642467737,450976.12007874250412,589,1704130168  ,192782,2,2017-04-13T00:00:00.000Z,0950,THU,0,1,0,3214      ,3214-PROP DMG TRAF ACCIDENT/HIT & RUN/BICYCLE          ,1001206.28,450976.12,E SPEEDWAY BL                 ,INSIDE                                                 ,TUCSON              ,N/A,     ,N/A,  ,At,N NORRIS AV                   ,        ,N ,NORRIS                                  ,AV  ,E ,SPEEDWAY                                ,BL  ,DAYLIGHT                                               ,CLEAR                                                  ,                         ,NON-CONTROLLED ACCESS - INTERSECTION (WITHIN)          ,T-INTERSECTION                                         ,"2-WAY, DIVIDED, UNPROT (PAINTED > 4 FEET) MEDIAN       ",SINGLE VEHICLE                                         ,                         ,TPD_TRAFFIC_INCIDENTS,\\central\data\Transportation\Traffic\Accident Data\2017\1704130168.pdf,,,,,
996017.5,445586.359908133745193,598,1208160137  ,157648,2,2012-08-16T00:00:00.000Z,1343,THU,0,0,0,3104      ,3104-INJURY TRAFFIC ACCIDENT/BICYCLE                   ,996017.5,445586.36,N EUCLID AV                   ,INSIDE                                                 ,TUCSON              ,N/A,20   ,Feet,N ,From,E .BROADWAY BL                ,        ,E ,BROADWAY                                ,BL  ,N ,EUCLID                                  ,AV  ,DAYLIGHT                                               ,CLEAR                                                  ,                         ,NOT JUNCTION RELATED                                   ,FOUR-WAY INTERSECTION                                  ,"2-WAY, DIVIDED POSITIVE MEDIAN BARRIER                 ","SIDESWIPE, SAME DIRECTION                              ",                         ,TPD_TRAFFIC_INCIDENTS,,,,,,
1009957.779855642467737,456330.729986876249313,600,1707130371  ,194884,2,2017-07-13T00:00:00.000Z,1350,THU,0,0,1,3104      ,3104-INJURY TRAFFIC ACCIDENT/BICYCLE                   ,1009957.78,456330.73,E GRANT RD                    ,INSIDE                                                 ,TUCSON              ,Approximately,75   ,Feet,E ,From,N DODGE BL                    ,        ,N ,DODGE                                   ,BL  ,E ,GRANT                                   ,RD  ,DAYLIGHT                                               ,CLEAR                                                  ,                         ,NON-CONTROLLED ACCESS - DRIVEWAY                       ,FOUR-WAY INTERSECTION                                  ,"2-WAY, NOT DIVIDED WITH CONT LEFT TURN LANE            ",SINGLE VEHICLE                                         ,                         ,TPD_TRAFFIC_INCIDENTS,\\central\data\Transportation\Traffic\Accident Data\2017\1707130371.pdf,,,,,
1009957.779855642467737,456330.729986876249313,643,1511130473  ,179688,2,2015-11-13T00:00:00.000Z,1852,FRI,0,0,0,3104      ,3104-INJURY TRAFFIC ACCIDENT/BICYCLE                   ,1009957.78,456330.73,GRANT RD E                    ,INSIDE                                                 ,TUCSON              ,Approximately,200  ,Feet,E ,From,DODGE BL N                    ,        ,N ,DODGE                                   ,BL  ,E ,GRANT                                   ,RD  ,DARK-LIGHTED                                           ,CLEAR                                                  ,                         ,NOT JUNCTION RELATED                                   ,,"2-WAY, NOT DIVIDED WITH CONT LEFT TURN LANE            ",SINGLE VEHICLE                                         ,                         ,TPD_TRAFFIC_INCIDENTS,,,,,,
1032713.81003937125206,440514.459973752498627,679,1701190068  ,190370,2,2017-01-19T00:00:00.000Z,0531,THU,0,0,0,3104      ,3104-INJURY TRAFFIC ACCIDENT/BICYCLE                   ,1032713.81,440514.46,22ND ST E                     ,INSIDE                                                 ,TUCSON              ,N/A,     ,N/A,  ,At,KOLB RD S                     ,        ,E ,22ND                                    ,ST  ,S ,KOLB                                    ,RD  ,DARK-LIGHTED                                           ,CLEAR                                                  ,                         ,NON-CONTROLLED ACCESS - INTERSECTION (WITHIN)          ,FOUR-WAY INTERSECTION                                  ,"2-WAY, DIVIDED, UNPROT (PAINTED > 4 FEET) MEDIAN       ",SINGLE VEHICLE                                         ,                         ,TPD_TRAFFIC_INCIDENTS,\\central\data\Transportation\Traffic\Accident Data\2017\1701190068.pdf,,,,,
1032713.81003937125206,440514.459973752498627,696,1308300274  ,164114,2,2013-08-30T00:00:00.000Z,1042,FRI,0,1,0,3114      ,3114-INJURY TRAF ACCIDENT/HIT & RUN/BICYCLE            ,1032713.81,440514.46,S KOLB RD                     ,INSIDE                                                 ,TUCSON              ,Approximately,150  ,Feet,S ,At,E 22ND ST                     ,        ,E ,22ND                                    ,ST  ,S ,KOLB                                    ,RD  ,DAYLIGHT                                               ,CLOUDY                                                 ,                         ,NOT JUNCTION RELATED                                   ,FOUR-WAY INTERSECTION                                  ,"2-WAY, DIVIDED POSITIVE MEDIAN BARRIER                 ",OTHER                                                  ,BICYCLE AND VEHICLE      ,TPD_TRAFFIC_INCIDENTS,,,,,,
1032713.81003937125206,440514.459973752498627,714,1210160165  ,158565,2,2012-10-16T00:00:00.000Z,1333,TUE,0,0,0,3104      ,3104-INJURY TRAFFIC ACCIDENT/BICYCLE                   ,1032713.81,440514.46,S KOLB RD                     ,INSIDE                                                 ,TUCSON              ,N/A,     ,N/A,  ,At,E 22 ST                       ,        ,E ,22ND                                    ,ST  ,S ,KOLB                                    ,RD  ,DAYLIGHT                                               ,CLEAR                                                  ,                         ,NON-CONTROLLED ACCESS - INTERSECTION-RELATED           ,FOUR-WAY INTERSECTION                                  ,"2-WAY, DIVIDED POSITIVE MEDIAN BARRIER                 ",ANGLE (FRONT TO SIDE) (OTHER THAN LEFT TURN)           ,                         ,TPD_TRAFFIC_INCIDENTS,,,,,,
1032713.81003937125206,440514.459973752498627,720,1509290139  ,178595,2,2015-09-29T00:00:00.000Z,0624,TUE,0,0,0,3104      ,3104-INJURY TRAFFIC ACCIDENT/BICYCLE                   ,1032713.81,440514.46,22ND ST E                     ,INSIDE                                                 ,TUCSON              ,Approximately,UNK  ,Feet,E ,From,KOLB RD S                     ,        ,E ,22ND                                    ,ST  ,S ,KOLB                                    ,RD  ,DAYLIGHT                                               ,CLEAR                                                  ,                         ,NON-CONTROLLED ACCESS - INTERSECTION-RELATED           ,FOUR-WAY INTERSECTION                                  ,"2-WAY, DIVIDED, UNPROT (PAINTED > 4 FEET) MEDIAN       ",SINGLE VEHICLE                                         ,                         ,TPD_TRAFFIC_INCIDENTS,,,,,,
1032713.81003937125206,440514.459973752498627,728,1605130179  ,183987,2,2016-05-13T00:00:00.000Z,0932,FRI,0,0,1,3104      ,3104-INJURY TRAFFIC ACCIDENT/BICYCLE                   ,1032713.81,440514.46,22ND ST E                     ,INSIDE                                                 ,TUCSON              ,N/A,     ,N/A,  ,At,KOLB RD S                     ,        ,E ,22ND                                    ,ST  ,S ,KOLB                                    ,RD  ,DAYLIGHT                                               ,CLEAR                                                  ,                         ,NON-CONTROLLED ACCESS - INTERSECTION (WITHIN)          ,FOUR-WAY INTERSECTION                                  ,"2-WAY, DIVIDED, UNPROT (PAINTED > 4 FEET) MEDIAN       ",SINGLE VEHICLE                                         ,                         ,TPD_TRAFFIC_INCIDENTS,\\central\data\Transportation\Traffic\Accident Data\2016\1605130179.pdf,,,,,
1032713.81003937125206,440514.459973752498627,730,1605260451  ,184347,2,2016-05-26T00:00:00.000Z,1811,THU,0,0,1,3104      ,3104-INJURY TRAFFIC ACCIDENT/BICYCLE                   ,1032713.81,440514.46,22ND ST E                     ,INSIDE                                                 ,TUCSON              ,Approximately,2/10 ,Miles,E ,From,KOLB RD S                     ,        ,E ,22ND                                    ,ST  ,S ,KOLB                                    ,RD  ,DAYLIGHT                                               ,CLEAR                                                  ,                         ,NOT JUNCTION RELATED                                   ,,"2-WAY, DIVIDED, UNPROT (PAINTED > 4 FEET) MEDIAN       ",SINGLE VEHICLE                                         ,                         ,TPD_TRAFFIC_INCIDENTS,\\central\data\Transportation\Traffic\Accident Data\2016\1605260451.pdf,,,,,
1032713.81003937125206,440514.459973752498627,732,1602030519  ,181593,2,2016-02-03T00:00:00.000Z,2051,WED,0,0,1,3104      ,3104-INJURY TRAFFIC ACCIDENT/BICYCLE                   ,1032713.81,440514.46,S KOLB RD                     ,INSIDE                                                 ,TUCSON              ,N/A,     ,N/A,  ,At,E 22ND ST                     ,        ,E ,22ND                                    ,ST  ,S ,KOLB                                    ,RD  ,DARK-LIGHTED                                           ,CLEAR                                                  ,                         ,NON-CONTROLLED ACCESS - INTERSECTION (WITHIN)          ,FOUR-WAY INTERSECTION                                  ,"2-WAY, DIVIDED, UNPROT (PAINTED > 4 FEET) MEDIAN       ",SINGLE VEHICLE                                         ,                         ,TPD_TRAFFIC_INCIDENTS,,,,,,
1016566.339895013719797,456427.270013123750687,763,1607010283  ,185117,2,2016-07-01T00:00:00.000Z,1418,FRI,0,1,0,3214      ,3214-PROP DMG TRAF ACCIDENT/HIT & RUN/BICYCLE          ,1016566.34,456427.27,GRANT RD E                    ,,TUCSON              ,Approximately,UNK  ,Feet,W ,From,SWAN RD N                     ,        ,E ,GRANT                                   ,RD  ,N ,SWAN                                    ,RD  ,DAYLIGHT                                               ,CLOUDY                                                 ,                         ,NOT JUNCTION RELATED                                   ,,"2-WAY, DIVIDED, UNPROT (PAINTED > 4 FEET) MEDIAN       ",SINGLE VEHICLE                                         ,                         ,TPD_TRAFFIC_INCIDENTS,\\central\data\Transportation\Traffic\Accident Data\2016\1607010283.pdf,,,,,
1016566.339895013719797,456427.270013123750687,774,1501080221  ,173321,2,2015-01-08T00:00:00.000Z,1256,THU,0,0,0,3104      ,3104-INJURY TRAFFIC ACCIDENT/BICYCLE                   ,1016566.34,456427.27,SWAN RD N                     ,INSIDE                                                 ,TUCSON              ,Approximately,200  ,Feet,S ,From,GRANT RD E                    ,        ,E ,GRANT                                   ,RD  ,N ,SWAN                                    ,RD  ,DAYLIGHT                                               ,RAIN                                                   ,                         ,NON-CONTROLLED ACCESS - DRIVEWAY                       ,FOUR-WAY INTERSECTION                                  ,"2-WAY, NOT DIVIDED                                     ",ANGLE (FRONT TO SIDE) (OTHER THAN LEFT TURN)           ,                         ,TPD_TRAFFIC_INCIDENTS,,,,,,
1016566.339895013719797,456427.270013123750687,782,1208020172  ,157407,2,2012-08-02T00:00:00.000Z,1530,THU,0,1,1,3114      ,3114-INJURY TRAF ACCIDENT/HIT & RUN/BICYCLE            ,1016566.34,456427.27,SWAN RD                       ,INSIDE                                                 ,TUCSON              ,N/A,     ,N/A,  ,At,GRANT  RD                     ,        ,E ,GRANT                                   ,RD  ,N ,SWAN                                    ,RD  ,DAYLIGHT                                               ,CLEAR                                                  ,                         ,NON-CONTROLLED ACCESS - INTERSECTION (WITHIN)          ,FOUR-WAY INTERSECTION                                  ,"2-WAY, DIVIDED POSITIVE MEDIAN BARRIER                 ",OTHER                                                  ,RIGHT TURN               ,TPD_TRAFFIC_INCIDENTS,,,,,,
1016566.339895013719797,456427.270013123750687,791,1307260117  ,163447,2,2013-07-26T00:00:00.000Z,0732,FRI,0,0,0,3104      ,3104-INJURY TRAFFIC ACCIDENT/BICYCLE                   ,1016566.34,456427.27,N SWAN RD                     ,INSIDE                                                 ,TUCSON              ,N/A,     ,N/A,  ,From,N GRANT RD                    ,        ,E ,GRANT                                   ,RD  ,N ,SWAN                                    ,RD  ,DAYLIGHT                                               ,CLEAR                                                  ,                         ,NON-CONTROLLED ACCESS - DRIVEWAY                       ,,"2-WAY, DIVIDED POSITIVE MEDIAN BARRIER                 ",OTHER                                                  ,RIGHT TURN               ,TPD_TRAFFIC_INCIDENTS,,,,,,
1016566.339895013719797,456427.270013123750687,815,1708080278  ,195466,2,2017-08-08T00:00:00.000Z,1109,TUE,0,1,0,3114      ,3114-INJURY TRAF ACCIDENT/HIT & RUN/BICYCLE            ,1016566.34,456427.27,GRANT RD E                    ,INSIDE                                                 ,TUCSON              ,Approximately,UNK  ,Feet,E ,From,SWAN RD N                     ,        ,E ,GRANT                                   ,RD  ,N ,SWAN                                    ,RD  ,DAYLIGHT                                               ,CLEAR                                                  ,                         ,NOT JUNCTION RELATED                                   ,,"2-WAY, DIVIDED, UNPROT (PAINTED > 4 FEET) MEDIAN       ",SINGLE VEHICLE                                         ,                         ,TPD_TRAFFIC_INCIDENTS,\\central\data\Transportation\Traffic\Accident Data\2017\1708080278.pdf,,,,,
1016566.339895013719797,456427.270013123750687,819,1711130367  ,197988,2,2017-11-13T00:00:00.000Z,1418,MON,0,1,0,3214      ,3214-PROP DMG TRAF ACCIDENT/HIT & RUN/BICYCLE          ,1016566.34,456427.27,SWAN RD N                     ,INSIDE                                                 ,TUCSON              ,Approximately,UNK  ,Feet,N ,From,GRANT RD E                    ,        ,E ,GRANT                                   ,RD  ,N ,SWAN                                    ,RD  ,DAYLIGHT                                               ,CLEAR                                                  ,                         ,NOT JUNCTION RELATED                                   ,,"2-WAY, DIVIDED, UNPROT (PAINTED > 4 FEET) MEDIAN       ",OTHER                                                  ,PEDALCYCLIST             ,TPD_TRAFFIC_INCIDENTS,\\central\data\Transportation\Traffic\Accident Data\2017\1711130367.pdf,,,,,
1016566.339895013719797,456427.270013123750687,832,1704120349  ,192756,2,2017-04-12T00:00:00.000Z,1457,WED,0,0,0,3104      ,3104-INJURY TRAFFIC ACCIDENT/BICYCLE                   ,1016566.34,456427.27,SWAN RD N                     ,OUTSIDE                                                ,TUCSON              ,Approximately,300  ,Feet,N ,From,GRANT RD E                    ,        ,E ,GRANT                                   ,RD  ,N ,SWAN                                    ,RD  ,DAYLIGHT                                               ,CLEAR                                                  ,                         ,NON-CONTROLLED ACCESS - DRIVEWAY                       ,FOUR-WAY INTERSECTION                                  ,"2-WAY, NOT DIVIDED WITH CONT LEFT TURN LANE            ",SINGLE VEHICLE                                         ,                         ,TPD_TRAFFIC_INCIDENTS,\\central\data\Transportation\Traffic\Accident Data\2017\1704120349.pdf,,,,,