X,Y,OBJECTID,acci_id,tamainid,numunits,AccidentDate,AccidentTime,DayOfWeek,WasFatal,WasHitAndRun,TransImmedMedCare,UCRCode,UCRDescription,CoordX,CoordY,Location,Inside_Outside,City,Accuracy,Distance,Units,Direction,From_At,IntersectingStreet,AddrNumber,AddrDirection,AddrStreetName,AddrStreetNameSuffix,CrossStreetDirection,CrossStreetName,CrossStreetSuffix,LightConditionDescription,WeatherDescription,WeatherOther,RelationDescription,IntersectionTypeDescription,RoadConfigurationDescription,MannerOfCrashDescription,MannerOfCrashOther,DATASOURCE,URL,F7Days,F28Days,COMPSTAT_28D,WEEKLY_7D,AccidentDateTime
1016566.339895013719797,456427.270013123750687,836,1703010542  ,191606,2,2017-03-01T00:00:00.000Z,2145,WED,0,0,0,3104      ,3104-INJURY TRAFFIC ACCIDENT/BICYCLE                   ,1016566.34,456427.27,GRANT RD E                    ,INSIDE                                                 ,TUCSON              ,N/A,     ,N/A,  ,At,SWAN RD N                     ,        ,E ,GRANT                                   ,RD  ,N ,SWAN                                    ,RD  ,DARK-LIGHTED                                           ,CLOUDY                                                 ,                         ,NON-CONTROLLED ACCESS - INTERSECTION (WITHIN)          ,FOUR-WAY INTERSECTION                                  ,"2-WAY, DIVIDED, UNPROT (PAINTED > 4 FEET) MEDIAN       ",SINGLE VEHICLE                                         ,                         ,TPD_TRAFFIC_INCIDENTS,\\central\data\Transportation\Traffic\Accident Data\2017\1703010542.pdf,,,,,
1016566.339895013719797,456427.270013123750687,861,1810160075  ,205573,2,2018-10-16T00:00:00.000Z,0255,TUE,0,1,0,3114      ,3114-INJURY TRAF ACCIDENT/HIT & RUN/BICYCLE            ,1016566.34,456427.27,GRANT RD                      ,INSIDE                                                 ,TUCSON              ,Approximately,90   ,Feet,W ,From,SWAN RD                       ,        ,E ,GRANT                                   ,RD  ,N ,SWAN                                    ,RD  ,DARK-LIGHTED                                           ,RAIN                                                   ,                         ,NON-CONTROLLED ACCESS - INTERSECTION-RELATED           ,FOUR-WAY INTERSECTION                                  ,"2-WAY, DIVIDED, UNPROT (PAINTED > 4 FEET) MEDIAN       ",OTHER                                                  ,PEDALCYCLE               ,TPD_TRAFFIC_INCIDENTS,\\central\data\Transportation\Traffic\Accident Data\2018\1810160075.pdf,,,,,
990093.700131233781576,463491.25,866,1510160174  ,178983,2,2015-10-16T00:00:00.000Z,1016,FRI,0,0,0,3104      ,3104-INJURY TRAFFIC ACCIDENT/BICYCLE                   ,990093.7,463491.25,W WINDSOR ST                  ,INSIDE                                                 ,TUCSON              ,N/A,     ,N/A,  ,At,N ORACLE RD                   ,        ,N ,ORACLE                                  ,RD  ,W ,WINDSOR                                 ,ST  ,DAYLIGHT                                               ,CLEAR                                                  ,                         ,NON-CONTROLLED ACCESS - INTERSECTION (WITHIN)          ,FOUR-WAY INTERSECTION                                  ,"2-WAY, DIVIDED, UNPROT (PAINTED > 4 FEET) MEDIAN       ",SINGLE VEHICLE                                         ,                         ,TPD_TRAFFIC_INCIDENTS,,,,,,
990111.31003937125206,461884.5,889,1210160144  ,158563,2,2012-10-16T00:00:00.000Z,1252,TUE,0,0,0,3104      ,3104-INJURY TRAFFIC ACCIDENT/BICYCLE                   ,990111.31,461884.5,ORACLE RD                     ,INSIDE                                                 ,TUCSON              ,Measured,286.4,Feet,N ,From,NAVAJO RD                     ,        ,W ,NAVAJO                                  ,RD  ,N ,ORACLE                                  ,RD  ,DAYLIGHT                                               ,CLEAR                                                  ,                         ,NON-CONTROLLED ACCESS - DRIVEWAY                       ,UNKNOWN                                                ,"2-WAY, DIVIDED POSITIVE MEDIAN BARRIER                 ",ANGLE (FRONT TO SIDE) (OTHER THAN LEFT TURN)           ,                         ,TPD_TRAFFIC_INCIDENTS,,,,,,
990048.25,466575.910104990005493,996,1305160291  ,162063,2,2013-05-16T00:00:00.000Z,1334,THU,0,0,1,3104      ,3104-INJURY TRAFFIC ACCIDENT/BICYCLE                   ,990048.25,466575.91,N ORACLE RD                   ,INSIDE                                                 ,TUCSON              ,Approximately,200  ,Feet,S ,From,W ROGER RD                    ,        ,N ,ORACLE                                  ,RD  ,W ,ROGER                                   ,RD  ,DAYLIGHT                                               ,CLEAR                                                  ,                         ,NON-CONTROLLED ACCESS - DRIVEWAY                       ,,"2-WAY, DIVIDED POSITIVE MEDIAN BARRIER                 ",ANGLE (FRONT TO SIDE) (OTHER THAN LEFT TURN)           ,                         ,TPD_TRAFFIC_INCIDENTS,,,,,,
990048.25,466575.910104990005493,997,1304030300  ,161118,1,2013-04-03T00:00:00.000Z,1241,WED,0,0,0,3104      ,3104-INJURY TRAFFIC ACCIDENT/BICYCLE                   ,990048.25,466575.91,N ORACLE RD                   ,INSIDE                                                 ,TUCSON              ,Approximately,50   ,Feet,S ,From,W ROGER RD                    ,        ,N ,ORACLE                                  ,RD  ,W ,ROGER                                   ,RD  ,DAYLIGHT                                               ,CLEAR                                                  ,                         ,,,"2-WAY, DIVIDED, UNPROT (PAINTED > 4 FEET) MEDIAN       ","SIDESWIPE, SAME DIRECTION                              ",                         ,TPD_TRAFFIC_INCIDENTS,,,,,,
994032.37007873877883,452172.839895009994507,2018,1309240426  ,164671,2,2013-09-24T00:00:00.000Z,1658,TUE,0,0,0,3104      ,3104-INJURY TRAFFIC ACCIDENT/BICYCLE                   ,994032.37,452172.84,E DRACHMAN ST                 ,INSIDE                                                 ,TUCSON              ,N/A,     ,N/A,  ,At,N 4TH AV                      ,        ,N ,4TH                                     ,AV  ,E ,DRACHMAN                                ,ST  ,DAYLIGHT                                               ,CLEAR                                                  ,                         ,NON-CONTROLLED ACCESS - INTERSECTION-RELATED           ,ROUNDABOUT                                             ,"2-WAY, NOT DIVIDED                                     ","SIDESWIPE, OPPOSITE DIRECTION                          ",                         ,TPD_TRAFFIC_INCIDENTS,,,,,,
992065.279855642467737,456082.279855646193027,2021,1311190111  ,165748,2,2013-11-19T00:00:00.000Z,0840,TUE,0,0,0,3104      ,3104-INJURY TRAFFIC ACCIDENT/BICYCLE                   ,992065.28,456082.28,N STONE AV                    ,INSIDE                                                 ,TUCSON              ,N/A,     ,N/A,  ,At,E GRANT RD                    ,        ,E ,GRANT                                   ,RD  ,N ,STONE                                   ,AV  ,DAYLIGHT                                               ,CLEAR                                                  ,                         ,NON-CONTROLLED ACCESS - INTERSECTION (WITHIN)          ,FOUR-WAY INTERSECTION                                  ,"2-WAY, DIVIDED, UNPROT (PAINTED > 4 FEET) MEDIAN       ",ANGLE (FRONT TO SIDE) (OTHER THAN LEFT TURN)           ,                         ,TPD_TRAFFIC_INCIDENTS,,,,,,
994017.25,458766.75,2040,1411030366  ,171880,2,2014-11-03T00:00:00.000Z,1605,MON,0,0,0,3104      ,3104-INJURY TRAFFIC ACCIDENT/BICYCLE                   ,994017.25,458766.75,GLENN ST E                    ,INSIDE                                                 ,TUCSON              ,N/A,     ,N/A,  ,At,GERONIMO AV N                 ,        ,N ,GERONIMO                                ,AV  ,E ,GLENN                                   ,ST  ,DAYLIGHT                                               ,CLEAR                                                  ,                         ,NON-CONTROLLED ACCESS - INTERSECTION (WITHIN)          ,FOUR-WAY INTERSECTION                                  ,"2-WAY, NOT DIVIDED                                     ",OTHER                                                  ,BICYCLE HIT              ,TPD_TRAFFIC_INCIDENTS,,,,,,
986965.0,445806.37007874250412,2044,1504220357  ,175432,2,2015-04-22T00:00:00.000Z,1556,WED,0,1,0,3114      ,3114-INJURY TRAF ACCIDENT/HIT & RUN/BICYCLE            ,986965,445806.37,GRANDE AV N                   ,INSIDE                                                 ,TUCSON              ,Approximately,25   ,Feet,N ,From,ALAMEDA ST W                  ,        ,W ,ALAMEDA                                 ,ST  ,N ,GRANDE                                  ,AV  ,DAYLIGHT                                               ,CLEAR                                                  ,                         ,NOT JUNCTION RELATED                                   ,,"2-WAY, DIVIDED, UNPROT (PAINTED > 4 FEET) MEDIAN       ",SINGLE VEHICLE                                         ,                         ,TPD_TRAFFIC_INCIDENTS,,,,,,
1028338.5,445765.479986876249313,2060,1304020398  ,161099,2,2013-04-02T00:00:00.000Z,1530,TUE,0,0,0,3104      ,3104-INJURY TRAFFIC ACCIDENT/BICYCLE                   ,1028338.5,445765.48,E BROADWAY BL                 ,INSIDE                                                 ,TUCSON              ,N/A,     ,N/A,  ,At,S MELVILLE AV                 ,        ,E ,BROADWAY                                ,BL  ,S ,MELVILLE                                ,AV  ,DAYLIGHT                                               ,CLEAR                                                  ,                         ,NON-CONTROLLED ACCESS - INTERSECTION (WITHIN)          ,T-INTERSECTION                                         ,ONE WAY TRAFFICWAY                                     ,ANGLE (FRONT TO SIDE) (OTHER THAN LEFT TURN)           ,                         ,TPD_TRAFFIC_INCIDENTS,,,,,,
1000717.56003937125206,460762.950131230056286,2075,1904240485  ,210229,2,2019-04-24T00:00:00.000Z,1658,WED,0,0,0,3104      ,3104-INJURY TRAFFIC ACCIDENT/BICYCLE                   ,1000717.56,460762.95,E HENDRICK DR                 ,,TUCSON              ,Approximately,UNK  ,Feet,E ,From,N CAMPBELL AV                 ,        ,N ,CAMPBELL                                ,AV  ,E ,HEDRICK                                 ,DR  ,DAYLIGHT                                               ,CLEAR                                                  ,                         ,NON-CONTROLLED ACCESS - INTERSECTION-RELATED           ,FOUR-WAY INTERSECTION                                  ,"2-WAY, NOT DIVIDED                                     ",,PEDALCYCLE               ,TPD_TRAFFIC_INCIDENTS,\\central\data\Transportation\Traffic\Accident Data\2019\1904240485.pdf,,,,,
1000700.81988188996911,456395.910104990005493,2082,1310070259  ,164928,2,2013-10-07T00:00:00.000Z,1301,MON,0,0,1,3104      ,3104-INJURY TRAFFIC ACCIDENT/BICYCLE                   ,1000700.82,456395.91,N CAMPBELL AV                 ,INSIDE                                                 ,TUCSON              ,N/A,     ,N/A,  ,At,E SPRING ST                   ,        ,N ,CAMPBELL                                ,AV  ,E ,SPRING                                  ,ST  ,DAYLIGHT                                               ,CLOUDY                                                 ,                         ,CONTROLLED ACCESS - INTERSECTION (WITHIN)              ,FOUR-WAY INTERSECTION                                  ,"2-WAY, NOT DIVIDED                                     ",ANGLE (FRONT TO SIDE) (OTHER THAN LEFT TURN)           ,                         ,TPD_TRAFFIC_INCIDENTS,,,,,,
1003354.56003937125206,456186.890091866254807,2087,1804160543  ,201731,2,2018-04-16T00:00:00.000Z,1712,MON,0,0,0,3104      ,3104-INJURY TRAFFIC ACCIDENT/BICYCLE                   ,1003354.56,456186.89,GRANT RD                      ,INSIDE                                                 ,TUCSON              ,Approximately,55   ,Feet,W ,From,TUCSON BL                     ,        ,E ,GRANT                                   ,RD  ,N ,TUCSON                                  ,BL  ,DAYLIGHT                                               ,CLOUDY                                                 ,                         ,NON-CONTROLLED ACCESS - INTERSECTION-RELATED           ,FOUR-WAY INTERSECTION                                  ,"2-WAY, NOT DIVIDED WITH CONT LEFT TURN LANE            ",OTHER                                                  ,PEDALCYCLE               ,TPD_TRAFFIC_INCIDENTS,\\central\data\Transportation\Traffic\Accident Data\2018\1804160543.pdf,,,,,
1003354.56003937125206,456186.890091866254807,2089,1809120554  ,204778,4,2018-09-12T00:00:00.000Z,1819,WED,0,0,1,3104      ,3104-INJURY TRAFFIC ACCIDENT/BICYCLE                   ,1003354.56,456186.89,GRANT RD                      ,,TUCSON              ,N/A,     ,N/A,  ,At,TUCSON BL                     ,        ,E ,GRANT                                   ,RD  ,N ,TUCSON                                  ,BL  ,DAYLIGHT                                               ,CLEAR                                                  ,                         ,NON-CONTROLLED ACCESS - INTERSECTION (WITHIN)          ,FOUR-WAY INTERSECTION                                  ,"2-WAY, NOT DIVIDED WITH CONT LEFT TURN LANE            ",OTHER                                                  ,PEDALCYCLE               ,TPD_TRAFFIC_INCIDENTS,\\central\data\Transportation\Traffic\Accident Data\2018\1809120554.pdf,,,,,
1003354.56003937125206,456186.890091866254807,2090,1707110077  ,194826,2,2017-07-11T00:00:00.000Z,0606,TUE,0,0,0,3104      ,3104-INJURY TRAFFIC ACCIDENT/BICYCLE                   ,1003354.56,456186.89,N TUCSON BL                   ,INSIDE                                                 ,TUCSON              ,Approximately,10   ,Feet,N ,From,E GRANT RD                    ,        ,E ,GRANT                                   ,RD  ,N ,TUCSON                                  ,BL  ,DAWN                                                   ,RAIN                                                   ,                         ,NON-CONTROLLED ACCESS - INTERSECTION-RELATED           ,FOUR-WAY INTERSECTION                                  ,"2-WAY, NOT DIVIDED WITH CONT LEFT TURN LANE            ",SINGLE VEHICLE                                         ,                         ,TPD_TRAFFIC_INCIDENTS,\\central\data\Transportation\Traffic\Accident Data\2017\1707110077.pdf,,,,,
1003354.56003937125206,456186.890091866254807,2091,1707140172  ,194908,2,2017-07-14T00:00:00.000Z,0830,FRI,0,1,0,3114      ,3114-INJURY TRAF ACCIDENT/HIT & RUN/BICYCLE            ,1003354.56,456186.89,E GRANT RD                    ,INSIDE                                                 ,TUCSON              ,N/A,     ,N/A,  ,At,N TUCSON BL                   ,        ,E ,GRANT                                   ,RD  ,N ,TUCSON                                  ,BL  ,DAYLIGHT                                               ,CLEAR                                                  ,                         ,NON-CONTROLLED ACCESS - INTERSECTION (WITHIN)          ,FOUR-WAY INTERSECTION                                  ,"2-WAY, NOT DIVIDED WITH CONT LEFT TURN LANE            ",SINGLE VEHICLE                                         ,                         ,TPD_TRAFFIC_INCIDENTS,\\central\data\Transportation\Traffic\Accident Data\2017\1707140172.pdf,,,,,
1025473.37007873877883,456511.919947504997253,2118,1212040353  ,159254,2,2012-12-04T00:00:00.000Z,1502,TUE,0,0,0,3104      ,3104-INJURY TRAFFIC ACCIDENT/BICYCLE                   ,1025473.37,456511.92,GRANT RD                      ,INSIDE                                                 ,TUCSON              ,N/A,     ,N/A,  ,At,RIDGEWAY                      ,        ,E ,GRANT                                   ,RD  ,N ,RIDGEWAY                                ,RD  ,DAYLIGHT                                               ,CLEAR                                                  ,                         ,NON-CONTROLLED ACCESS - INTERSECTION-RELATED           ,T-INTERSECTION                                         ,"2-WAY, DIVIDED POSITIVE MEDIAN BARRIER                 ","SIDESWIPE, OPPOSITE DIRECTION                          ",                         ,TPD_TRAFFIC_INCIDENTS,,,,,,
991384.62007873877883,456740.06003937125206,2125,1403290281  ,168159,2,2014-03-29T00:00:00.000Z,1144,SAT,0,0,0,3104      ,3104-INJURY TRAFFIC ACCIDENT/BICYCLE                   ,991384.62,456740.06,W ALTURAS ST                  ,INSIDE                                                 ,TUCSON              ,N/A,     ,N/A,  ,At,N CASTRO AV                   ,        ,W ,ALTURAS                                 ,ST  ,N ,CASTRO                                  ,AV  ,DAYLIGHT                                               ,CLEAR                                                  ,                         ,NON-CONTROLLED ACCESS - INTERSECTION (WITHIN)          ,FOUR-WAY INTERSECTION                                  ,"2-WAY, NOT DIVIDED                                     ",ANGLE (FRONT TO SIDE) (OTHER THAN LEFT TURN)           ,                         ,TPD_TRAFFIC_INCIDENTS,,,,,,
1016636.62007873877883,451173.209973752498627,2204,1710210276  ,197406,2,2017-10-21T00:00:00.000Z,1258,SAT,0,0,0,3104      ,3104-INJURY TRAFFIC ACCIDENT/BICYCLE                   ,1016636.62,451173.21,E SPEEDWAY BL                 ,,TUCSON              ,Approximately,150  ,Feet,E ,From,N SWAN RD                     ,        ,E ,SPEEDWAY                                ,BL  ,N ,SWAN                                    ,RD  ,DAYLIGHT                                               ,CLEAR                                                  ,                         ,NOT JUNCTION RELATED                                   ,,"2-WAY, DIVIDED, UNPROT (PAINTED > 4 FEET) MEDIAN       ",OTHER                                                  ,PEDALCYCLE               ,TPD_TRAFFIC_INCIDENTS,\\central\data\Transportation\Traffic\Accident Data\2017\1710210276.pdf,,,,,
1016636.62007873877883,451173.209973752498627,2205,1710170418  ,197281,2,2017-10-17T00:00:00.000Z,1612,TUE,0,1,0,3114      ,3114-INJURY TRAF ACCIDENT/HIT & RUN/BICYCLE            ,1016636.62,451173.21,E SPEEDWAY BL                 ,INSIDE                                                 ,TUCSON              ,Approximately,1000 ,Feet,W ,From,N SWAN RD                     ,        ,E ,SPEEDWAY                                ,BL  ,N ,SWAN                                    ,RD  ,DAYLIGHT                                               ,CLOUDY                                                 ,                         ,NON-CONTROLLED ACCESS - INTERSECTION-RELATED           ,FOUR-WAY INTERSECTION                                  ,"2-WAY, DIVIDED POSITIVE MEDIAN BARRIER                 ","SIDESWIPE, SAME DIRECTION                              ",                         ,TPD_TRAFFIC_INCIDENTS,\\central\data\Transportation\Traffic\Accident Data\2017\1710170418.pdf,,,,,
1016636.62007873877883,451173.209973752498627,2221,1302020287  ,160194,2,2013-02-02T00:00:00.000Z,1130,SAT,0,0,0,3104      ,3104-INJURY TRAFFIC ACCIDENT/BICYCLE                   ,1016636.62,451173.21,SPEEDWAY                      ,INSIDE                                                 ,TUCSON              ,Approximately,100  ,Feet,E ,From,SWAN                          ,        ,E ,SPEEDWAY                                ,BL  ,N ,SWAN                                    ,RD  ,DAYLIGHT                                               ,CLEAR                                                  ,                         ,NON-CONTROLLED ACCESS - DRIVEWAY                       ,T-INTERSECTION                                         ,"2-WAY, DIVIDED POSITIVE MEDIAN BARRIER                 ",ANGLE (FRONT TO SIDE) (OTHER THAN LEFT TURN)           ,                         ,TPD_TRAFFIC_INCIDENTS,,,,,,
1005993.87007873877883,456228.81988188624382,2287,1802080561  ,200117,2,2018-02-08T00:00:00.000Z,1738,THU,0,0,0,3104      ,3104-INJURY TRAFFIC ACCIDENT/BICYCLE                   ,1005993.87,456228.82,GRANT RD                      ,INSIDE                                                 ,TUCSON              ,N/A,     ,N/A,  ,At,COUNTRY CLUB RD               ,        ,N ,COUNTRY CLUB                            ,RD  ,E ,GRANT                                   ,RD  ,DAYLIGHT                                               ,CLEAR                                                  ,                         ,NON-CONTROLLED ACCESS - INTERSECTION-RELATED           ,FOUR-WAY INTERSECTION                                  ,"2-WAY, NOT DIVIDED WITH CONT LEFT TURN LANE            ",OTHER                                                  ,PEDALCYCLE               ,TPD_TRAFFIC_INCIDENTS,\\central\data\Transportation\Traffic\Accident Data\2018\1802080561.pdf,,,,,
1005983.75,460216.029855646193027,2306,1502240563  ,174279,2,2015-02-24T00:00:00.000Z,1910,TUE,0,0,1,3104      ,3104-INJURY TRAFFIC ACCIDENT/BICYCLE                   ,1005983.75,460216.03,E BLACKLIDGE DR               ,INSIDE                                                 ,TUCSON              ,N/A,     ,N/A,  ,At,N COUNTRY CLUB RD             ,        ,E ,BLACKLIDGE                              ,DR  ,N ,COUNTRY CLUB                            ,RD  ,DARK-LIGHTED                                           ,CLEAR                                                  ,                         ,NON-CONTROLLED ACCESS - INTERSECTION (WITHIN)          ,FOUR-WAY INTERSECTION                                  ,"2-WAY, NOT DIVIDED WITH CONT LEFT TURN LANE            ",SINGLE VEHICLE                                         ,                         ,TPD_TRAFFIC_INCIDENTS,,,,,,
992412.339895013719797,413775.75,2321,1412230392  ,173022,2,2014-12-23T00:00:00.000Z,1722,TUE,0,0,0,3104      ,3104-INJURY TRAFFIC ACCIDENT/BICYCLE                   ,992412.34,413775.75,W VALENCIA RD                 ,INSIDE                                                 ,TUCSON              ,N/A,     ,N/A,  ,At,S FIESTA AV                   ,        ,S ,FIESTA                                  ,AV  ,W ,VALENCIA                                ,RD  ,DUSK                                                   ,CLEAR                                                  ,                         ,NON-CONTROLLED ACCESS - INTERSECTION-RELATED           ,T-INTERSECTION                                         ,"2-WAY, DIVIDED POSITIVE MEDIAN BARRIER                 ",ANGLE (FRONT TO SIDE) (OTHER THAN LEFT TURN)           ,                         ,TPD_TRAFFIC_INCIDENTS,,,,,,
991983.87007873877883,413769.5,2327,1403110095  ,167827,2,2014-03-11T00:00:00.000Z,0712,TUE,0,0,0,3104      ,3104-INJURY TRAFFIC ACCIDENT/BICYCLE                   ,991983.87,413769.5,W VALENCIA RD                 ,INSIDE                                                 ,TUCSON              ,Approximately,10   ,Feet,E ,From,S SAN FERNANDO RD             ,        ,S ,SAN FERNANDO                            ,RD  ,W ,VALENCIA                                ,RD  ,DAYLIGHT                                               ,CLEAR                                                  ,                         ,NON-CONTROLLED ACCESS - INTERSECTION (WITHIN)          ,T-INTERSECTION                                         ,"2-WAY, DIVIDED POSITIVE MEDIAN BARRIER                 ",SINGLE VEHICLE                                         ,                         ,TPD_TRAFFIC_INCIDENTS,,,,,,
991983.87007873877883,413769.5,2328,1411240322  ,172320,2,2014-11-24T00:00:00.000Z,1238,MON,0,0,0,3104      ,3104-INJURY TRAFFIC ACCIDENT/BICYCLE                   ,991983.87,413769.5,S SAN FERNANDO RD             ,INSIDE                                                 ,TUCSON              ,N/A,     ,N/A,  ,At,W VALENCIA RD                 ,        ,S ,SAN FERNANDO                            ,RD  ,W ,VALENCIA                                ,RD  ,DAYLIGHT                                               ,CLEAR                                                  ,                         ,NON-CONTROLLED ACCESS - INTERSECTION (WITHIN)          ,T-INTERSECTION                                         ,"2-WAY, DIVIDED POSITIVE MEDIAN BARRIER                 ",SINGLE VEHICLE                                         ,                         ,TPD_TRAFFIC_INCIDENTS,,,,,,
1048473.950131233781576,448546.850065618753433,2361,1307280209  ,163490,2,2013-07-28T00:00:00.000Z,0823,SUN,0,0,1,3104      ,3104-INJURY TRAFFIC ACCIDENT/BICYCLE                   ,1048473.95,448546.85,N HARRISON RD                 ,INSIDE                                                 ,TUCSON              ,N/A,     ,N/A,  ,At,E 5TH ST                      ,        ,E ,5TH                                     ,ST  ,N ,HARRISON                                ,RD  ,DAYLIGHT                                               ,CLEAR                                                  ,                         ,NON-CONTROLLED ACCESS - INTERSECTION (WITHIN)          ,FOUR-WAY INTERSECTION                                  ,"2-WAY, DIVIDED POSITIVE MEDIAN BARRIER                 ",ANGLE (FRONT TO SIDE) (OTHER THAN LEFT TURN)           ,                         ,TPD_TRAFFIC_INCIDENTS,,,,,,
1001153.339895013719797,456149.700131230056286,2374,1907190477  ,212173,2,2019-07-19T00:00:00.000Z,1656,FRI,0,0,0,3204      ,3204-PROP DMG TRAF ACCIDENT/BICYCLE                    ,1001153.34,456149.7,E GRANT RD                    ,INSIDE                                                 ,TUCSON              ,N/A,     ,N/A,  ,At,N NORRIS AV                   ,        ,E ,GRANT                                   ,RD  ,N ,NORRIS                                  ,AV  ,DAYLIGHT                                               ,CLEAR                                                  ,                         ,,FOUR-WAY INTERSECTION                                  ,"2-WAY, NOT DIVIDED WITH CONT LEFT TURN LANE            ",,PEDALCYCLE               ,TPD_TRAFFIC_INCIDENTS,\\central\data\Transportation\Traffic\Accident Data\2019\1907190477.pdf,,,,,
991648.0,447320.459973752498627,2402,1212170392  ,159451,2,2012-12-17T00:00:00.000Z,1703,MON,0,0,1,3104      ,3104-INJURY TRAFFIC ACCIDENT/BICYCLE                   ,991648,447320.46,N CHURCH AV                   ,INSIDE                                                 ,TUCSON              ,N/A,     ,N/A,  ,At,W FRANKLIN ST                 ,        ,N ,CHURCH                                  ,AV  ,W ,FRANKLIN                                ,ST  ,DAYLIGHT                                               ,CLEAR                                                  ,                         ,NON-CONTROLLED ACCESS - INTERSECTION (WITHIN)          ,FOUR-WAY INTERSECTION                                  ,"2-WAY, NOT DIVIDED                                     ",ANGLE (FRONT TO SIDE) (OTHER THAN LEFT TURN)           ,                         ,TPD_TRAFFIC_INCIDENTS,,,,,,
1038002.06003937125206,443184.81003937125206,2417,1410240383  ,171674,2,2014-10-24T00:00:00.000Z,1553,FRI,0,0,0,3104      ,3104-INJURY TRAFFIC ACCIDENT/BICYCLE                   ,1038002.06,443184.81,S PANTANO RD                  ,INSIDE                                                 ,TUCSON              ,Approximately,1    ,Feet,S ,From,E KENYON DR                   ,        ,E ,KENYON                                  ,DR  ,S ,PANTANO                                 ,RD  ,DAYLIGHT                                               ,CLEAR                                                  ,                         ,NON-CONTROLLED ACCESS - INTERSECTION-RELATED           ,FOUR-WAY INTERSECTION                                  ,"2-WAY, DIVIDED, UNPROT (PAINTED > 4 FEET) MEDIAN       ",ANGLE (FRONT TO SIDE) (OTHER THAN LEFT TURN)           ,                         ,TPD_TRAFFIC_INCIDENTS,,,,,,
1005144.839895013719797,424504.479986876249313,2418,1703260306  ,192267,2,2017-03-26T00:00:00.000Z,1312,SUN,0,0,0,3104      ,3104-INJURY TRAFFIC ACCIDENT/BICYCLE                   ,1005144.84,424504.48,E IRVINGTON RD                ,INSIDE                                                 ,TUCSON              ,Approximately,UNK  ,Feet,E ,From,TREAT AV S                    ,        ,E ,IRVINGTON                               ,RD  ,S ,TREAT                                   ,AV  ,DAYLIGHT                                               ,CLEAR                                                  ,                         ,NON-CONTROLLED ACCESS - DRIVEWAY                       ,T-INTERSECTION                                         ,"2-WAY, DIVIDED, UNPROT (PAINTED > 4 FEET) MEDIAN       ",SINGLE VEHICLE                                         ,                         ,TPD_TRAFFIC_INCIDENTS,\\central\data\Transportation\Traffic\Accident Data\2017\1703260306.pdf,,,,,
1022644.87007873877883,452877.529855646193027,2423,1503050389  ,174498,2,2015-03-05T00:00:00.000Z,1614,THU,0,0,0,3104      ,3104-INJURY TRAFFIC ACCIDENT/BICYCLE                   ,1022644.87,452877.53,N JEFFERSON AV                ,INSIDE                                                 ,TUCSON              ,Approximately,50   ,Feet,N ,From,E CAMDEN ST                   ,        ,E ,CAMDEN                                  ,ST  ,N ,JEFFERSON                               ,AV  ,DAYLIGHT                                               ,CLEAR                                                  ,                         ,NOT JUNCTION RELATED                                   ,,"2-WAY, NOT DIVIDED                                     ",SINGLE VEHICLE                                         ,                         ,TPD_TRAFFIC_INCIDENTS,,,,,,
1001179.62007873877883,424500.0,2458,1908140258  ,212816,2,2019-08-14T00:00:00.000Z,1833,WED,0,0,1,3104      ,3104-INJURY TRAFFIC ACCIDENT/BICYCLE                   ,1001179.62,424500,CAMPBELL AV                   ,INSIDE                                                 ,TUCSON              ,Approximately,200  ,Feet,E ,From,IRVINGTON RD                  ,        ,S ,CAMPBELL                                ,AV  ,E ,IRVINGTON                               ,RD  ,DAYLIGHT                                               ,CLEAR                                                  ,                         ,NOT JUNCTION RELATED                                   ,,"2-WAY, NOT DIVIDED WITH CONT LEFT TURN LANE            ",,PEDALCYCLE               ,TPD_TRAFFIC_INCIDENTS,\\central\data\Transportation\Traffic\Accident Data\2019\1908140258.pdf,,,,,
998051.5,457474.339895009994507,2476,1304180333  ,161391,2,2013-04-18T00:00:00.000Z,1516,THU,0,0,0,3104      ,3104-INJURY TRAFFIC ACCIDENT/BICYCLE                   ,998051.5,457474.34,N MOUNTAIN AV                 ,INSIDE                                                 ,TUCSON              ,Approximately,200  ,Feet,N ,From,E COPPER ST                   ,        ,E ,COPPER                                  ,ST  ,N ,MOUNTAIN                                ,AV  ,DAYLIGHT                                               ,CLEAR                                                  ,                         ,NOT JUNCTION RELATED                                   ,,"2-WAY, NOT DIVIDED                                     ",REAR END (FRONT TO REAR)                               ,                         ,TPD_TRAFFIC_INCIDENTS,,,,,,
1016840.169947504997253,437906.0,2490,1506110426  ,176384,2,2015-06-11T00:00:00.000Z,1810,THU,0,0,0,3104      ,3104-INJURY TRAFFIC ACCIDENT/BICYCLE                   ,1016840.17,437906,SWAN RD S                     ,INSIDE                                                 ,TUCSON              ,N/A,     ,N/A,  ,At,29TH ST E                     ,        ,E ,29TH                                    ,ST  ,S ,SWAN                                    ,RD  ,DAYLIGHT                                               ,CLEAR                                                  ,                         ,NON-CONTROLLED ACCESS - INTERSECTION (WITHIN)          ,FOUR-WAY INTERSECTION                                  ,"2-WAY, DIVIDED, UNPROT (PAINTED > 4 FEET) MEDIAN       ",SINGLE VEHICLE                                         ,                         ,TPD_TRAFFIC_INCIDENTS,,,,,,