X,Y,OBJECTID,acci_id,tamainid,numunits,AccidentDate,AccidentTime,DayOfWeek,WasFatal,WasHitAndRun,TransImmedMedCare,UCRCode,UCRDescription,CoordX,CoordY,Location,Inside_Outside,City,Accuracy,Distance,Units,Direction,From_At,IntersectingStreet,AddrNumber,AddrDirection,AddrStreetName,AddrStreetNameSuffix,CrossStreetDirection,CrossStreetName,CrossStreetSuffix,LightConditionDescription,WeatherDescription,WeatherOther,RelationDescription,IntersectionTypeDescription,RoadConfigurationDescription,MannerOfCrashDescription,MannerOfCrashOther,DATASOURCE,URL,F7Days,F28Days,COMPSTAT_28D,WEEKLY_7D,AccidentDateTime
1013949.0,454117.589895009994507,2509,1703020332  ,191620,2,2017-03-02T00:00:00.000Z,1402,THU,0,0,0,3104      ,3104-INJURY TRAFFIC ACCIDENT/BICYCLE                   ,1013949,454117.59,COLUMBUS BL N                 ,INSIDE                                                 ,TUCSON              ,Approximately,UNK  ,Feet,N ,From,LESTER ST E                   ,        ,N ,COLUMBUS                                ,BL  ,E ,LESTER                                  ,ST  ,DAYLIGHT                                               ,CLEAR                                                  ,                         ,NOT JUNCTION RELATED                                   ,,"2-WAY, DIVIDED, UNPROT (PAINTED > 4 FEET) MEDIAN       ",SINGLE VEHICLE                                         ,                         ,TPD_TRAFFIC_INCIDENTS,\\central\data\Transportation\Traffic\Accident Data\2017\1703020332.pdf,,,,,
995389.5,462047.640091866254807,2526,1905170572  ,210768,2,2019-05-17T00:00:00.000Z,1635,FRI,0,0,0,3204      ,3204-PROP DMG TRAF ACCIDENT/BICYCLE                    ,995389.5,462047.64,1ST AV                        ,INSIDE                                                 ,TUCSON              ,Approximately,UNK  ,Feet,N ,From,NAVAJO RD                     ,        ,N ,1ST                                     ,AV  ,E ,NAVAJO                                  ,RD  ,DAYLIGHT                                               ,CLEAR                                                  ,                         ,NON-CONTROLLED ACCESS - INTERSECTION-RELATED           ,T-INTERSECTION                                         ,"2-WAY, NOT DIVIDED WITH CONT LEFT TURN LANE            ",,PEDAL CYCLE              ,TPD_TRAFFIC_INCIDENTS,\\central\data\Transportation\Traffic\Accident Data\2019\1905170572.pdf,,,,,
1053874.87007873877883,436899.25,2549,1308210096  ,163932,2,2013-08-21T00:00:00.000Z,0522,WED,0,0,0,3104      ,3104-INJURY TRAFFIC ACCIDENT/BICYCLE                   ,1053874.87,436899.25,E OLD SPANISH TR              ,INSIDE                                                 ,TUCSON              ,Approximately,250  ,Feet,E ,From, S HOUGHTON RD                ,        ,S ,HOUGHTON                                ,RD  ,E ,OLD SPANISH                             ,TR  ,DARK-LIGHTED                                           ,CLEAR                                                  ,                         ,NOT JUNCTION RELATED                                   ,FOUR-WAY INTERSECTION                                  ,"2-WAY, NOT DIVIDED                                     ",REAR END (FRONT TO REAR)                               ,                         ,TPD_TRAFFIC_INCIDENTS,,,,,,
1053874.87007873877883,436899.25,2550,1309050089  ,164243,2,2013-09-05T00:00:00.000Z,0555,THU,0,0,1,3104      ,3104-INJURY TRAFFIC ACCIDENT/BICYCLE                   ,1053874.87,436899.25,S HOUGHTON RD                 ,INSIDE                                                 ,TUCSON              ,N/A,     ,N/A,  ,At,E OLD SPANISH TR              ,        ,S ,HOUGHTON                                ,RD  ,E ,OLD SPANISH                             ,TR  ,DAYLIGHT                                               ,CLEAR                                                  ,                         ,NON-CONTROLLED ACCESS - INTERSECTION (WITHIN)          ,FOUR-WAY INTERSECTION                                  ,"2-WAY, NOT DIVIDED WITH CONT LEFT TURN LANE            ",ANGLE (FRONT TO SIDE) (OTHER THAN LEFT TURN)           ,                         ,TPD_TRAFFIC_INCIDENTS,,,,,,
991980.950131233781576,461328.56003937125206,2562,1502240613  ,174282,2,2015-02-24T00:00:00.000Z,2036,TUE,0,1,0,3214      ,3214-PROP DMG TRAF ACCIDENT/HIT & RUN/BICYCLE          ,991980.95,461328.56,N STONE AV                    ,INSIDE                                                 ,TUCSON              ,N/A,     ,N/A,  ,At,E FORT LOWELL RD              ,        ,E ,FORT LOWELL                             ,RD  ,N ,STONE                                   ,AV  ,DARK-LIGHTED                                           ,CLOUDY                                                 ,                         ,NOT JUNCTION RELATED                                   ,,"2-WAY, NOT DIVIDED WITH CONT LEFT TURN LANE            ",SINGLE VEHICLE                                         ,                         ,TPD_TRAFFIC_INCIDENTS,,,,,,
991980.950131233781576,461328.56003937125206,2564,1410140348  ,171482,2,2014-10-14T00:00:00.000Z,1610,TUE,0,0,0,3104      ,3104-INJURY TRAFFIC ACCIDENT/BICYCLE                   ,991980.95,461328.56,STONE AV N                    ,INSIDE                                                 ,TUCSON              ,Approximately,20   ,Feet,S ,From,FORT LOWELL RD E              ,        ,E ,FORT LOWELL                             ,RD  ,N ,STONE                                   ,AV  ,DAYLIGHT                                               ,CLEAR                                                  ,                         ,NON-CONTROLLED ACCESS - DRIVEWAY                       ,FOUR-WAY INTERSECTION                                  ,"2-WAY, DIVIDED, UNPROT (PAINTED > 4 FEET) MEDIAN       ",ANGLE (FRONT TO SIDE) (OTHER THAN LEFT TURN)           ,                         ,TPD_TRAFFIC_INCIDENTS,,,,,,
991980.950131233781576,461328.56003937125206,2566,1902070188  ,208357,2,2019-02-07T00:00:00.000Z,0909,THU,0,0,0,3104      ,3104-INJURY TRAFFIC ACCIDENT/BICYCLE                   ,991980.95,461328.56,STONE AV                      ,INSIDE                                                 ,TUCSON              ,N/A,     ,N/A,  ,At,FORT LOWELL RD                ,        ,E ,FORT LOWELL                             ,RD  ,N ,STONE                                   ,AV  ,DAYLIGHT                                               ,CLEAR                                                  ,                         ,NON-CONTROLLED ACCESS - INTERSECTION (WITHIN)          ,FOUR-WAY INTERSECTION                                  ,"2-WAY, NOT DIVIDED WITH CONT LEFT TURN LANE            ",OTHER                                                  ,PEDALCYCLE               ,TPD_TRAFFIC_INCIDENTS,\\central\data\Transportation\Traffic\Accident Data\2019\1902070188.pdf,,,,,
994675.37007873877883,458780.529855646193027,2586,1902160541  ,208605,2,2019-02-16T00:00:00.000Z,1840,SAT,0,1,0,3114      ,3114-INJURY TRAF ACCIDENT/HIT & RUN/BICYCLE            ,994675.37,458780.53,N LOS ALTOS AV                ,INSIDE                                                 ,TUCSON              ,Approximately,UNK  ,Feet,N ,From,E GLENN ST                    ,        ,E ,GLENN                                   ,ST  ,N ,LOS ALTOS                               ,AV  ,DARK-LIGHTED                                           ,CLEAR                                                  ,                         ,NON-CONTROLLED ACCESS - INTERSECTION-RELATED           ,FOUR-WAY INTERSECTION                                  ,"2-WAY, NOT DIVIDED WITH CONT LEFT TURN LANE            ",OTHER                                                  ,PEDALCYCLE               ,TPD_TRAFFIC_INCIDENTS,\\central\data\Transportation\Traffic\Accident Data\2019\1902160541.pdf,,,,,
1029738.839895013719797,451069.169947504997253,2593,1305020250  ,161721,3,2013-05-02T00:00:00.000Z,1153,THU,0,0,0,3104      ,3104-INJURY TRAFFIC ACCIDENT/BICYCLE                   ,1029738.84,451069.17,E SPEEDWAY BL                 ,INSIDE                                                 ,TUCSON              ,Approximately,2    ,Feet,W ,From,N NATACHEE                    ,        ,N ,NATACHEE                                ,    ,E ,SPEEDWAY                                ,BL  ,DAYLIGHT                                               ,CLEAR                                                  ,                         ,NOT JUNCTION RELATED                                   ,FOUR-WAY INTERSECTION                                  ,"2-WAY, DIVIDED POSITIVE MEDIAN BARRIER                 ",LEFT TURN                                              ,                         ,TPD_TRAFFIC_INCIDENTS,,,,,,
1001802.669947504997253,438281.479986876249313,2646,1605260293  ,184338,2,2016-05-26T00:00:00.000Z,1331,THU,0,1,1,3114      ,3114-INJURY TRAF ACCIDENT/HIT & RUN/BICYCLE            ,1001802.67,438281.48,FAIRLAND SV E                 ,INSIDE                                                 ,TUCSON              ,Approximately,UNK  ,Feet,E ,From,OLSEN AV S                    ,        ,E ,FAIRLAND                                ,SV  ,S ,OLSEN                                   ,AV  ,DAYLIGHT                                               ,CLEAR                                                  ,                         ,NON-CONTROLLED ACCESS - INTERSECTION-RELATED           ,FOUR-WAY INTERSECTION                                  ,"2-WAY, NOT DIVIDED                                     ",SINGLE VEHICLE                                         ,                         ,TPD_TRAFFIC_INCIDENTS,\\central\data\Transportation\Traffic\Accident Data\2016\1605260293.pdf,,,,,
1033398.87992126122117,456643.62992125749588,2662,1312010241  ,165995,2,2013-12-01T00:00:00.000Z,1028,SUN,0,0,0,3104      ,3104-INJURY TRAFFIC ACCIDENT/BICYCLE                   ,1033398.88,456643.63,E TANQUE VERDE RD             ,INSIDE                                                 ,TUCSON              ,N/A,     ,N/A,  ,From,N CAMINO VALLE VERDE          ,        ,N ,CAMINO VALLE VERDE                      ,    ,E ,TANQUE VERDE                            ,RD  ,DAYLIGHT                                               ,CLEAR                                                  ,                         ,NOT JUNCTION RELATED                                   ,,"2-WAY, DIVIDED POSITIVE MEDIAN BARRIER                 ",REAR END (FRONT TO REAR)                               ,                         ,TPD_TRAFFIC_INCIDENTS,,,,,,
1016573.5,457415.37992125749588,2671,1306140156  ,162643,2,2013-06-14T00:00:00.000Z,1024,FRI,0,0,0,3104      ,3104-INJURY TRAFFIC ACCIDENT/BICYCLE                   ,1016573.5,457415.38,N SWAN RD                     ,INSIDE                                                 ,TUCSON              ,Approximately,0    ,Feet,  ,At,E SAN CARLOS PL SOUTH         ,        ,E ,SAN CARLOS PL SOUTH                     ,    ,N ,SWAN                                    ,RD  ,DAYLIGHT                                               ,CLEAR                                                  ,                         ,NON-CONTROLLED ACCESS - INTERSECTION (WITHIN)          ,FOUR-WAY INTERSECTION                                  ,"2-WAY, NOT DIVIDED WITH CONT LEFT TURN LANE            ","SIDESWIPE, SAME DIRECTION                              ",                         ,TPD_TRAFFIC_INCIDENTS,,,,,,
1019294.37007873877883,449864.25,2688,1208240140  ,157850,2,2012-08-24T14:32:58.000Z,1432,FRI,0,0,1,3104      ,3104-INJURY TRAFFIC ACCIDENT/BICYCLE                   ,1019294.37,449864.25,ROSEMONT BL N                 ,,TUCSON              ,N/A,     ,N/A,  ,At,ROSEWOOD ST E                 ,        ,N ,ROSEMONT                                ,BL  ,E ,ROSEWOOD                                ,ST  ,DAYLIGHT                                               ,CLOUDY                                                 ,                         ,CONTROLLED ACCESS - INTERSECTION (WITHIN)              ,FOUR-WAY INTERSECTION                                  ,"2-WAY, NOT DIVIDED WITH CONT LEFT TURN LANE            ",ANGLE (FRONT TO SIDE) (OTHER THAN LEFT TURN)           ,                         ,TPD_TRAFFIC_INCIDENTS,,,,,,
999887.31003937125206,451428.649934381246567,2689,1610190011  ,188003,2,2016-10-19T00:00:00.000Z,1858,WED,0,0,0,3204      ,3204-PROP DMG TRAF ACCIDENT/BICYCLE                    ,999887.31,451428.65,HELEN                         ,INSIDE                                                 ,TUCSON              ,N/A,     ,N/A,  ,At,WARREN                        ,        ,E ,HELEN                                   ,ST  ,N ,WARREN                                  ,AV  ,DARK-LIGHTED                                           ,CLEAR                                                  ,                         ,CONTROLLED ACCESS - INTERSECTION-RELATED               ,Y-INTERSECTION                                         ,"2-WAY, NOT DIVIDED                                     ",ANGLE (FRONT TO SIDE) (OTHER THAN LEFT TURN)           ,                         ,TPD_TRAFFIC_INCIDENTS,\\central\data\Transportation\Traffic\Accident Data\2016\1610190011.pdf,,,,,
1050677.470144357532263,435341.259842522442341,2713,1208040283  ,157444,2,2012-08-04T00:00:00.000Z,2233,SAT,0,0,1,3104      ,3104-INJURY TRAFFIC ACCIDENT/BICYCLE                   ,1050677.47,435341.26,E GOLF LINKS RD               ,INSIDE                                                 ,TUCSON              ,N/A,     ,N/A,  ,At,S PORTIA AV                   ,        ,E ,GOLF LINKS                              ,RD  ,S ,PORTIA                                  ,AV  ,DARK-LIGHTED                                           ,CLEAR                                                  ,                         ,NOT JUNCTION RELATED                                   ,,"2-WAY, DIVIDED POSITIVE MEDIAN BARRIER                 ",ANGLE (FRONT TO SIDE) (OTHER THAN LEFT TURN)           ,                         ,TPD_TRAFFIC_INCIDENTS,,,,,,
1014203.62007873877883,437893.859908133745193,2722,1603170095  ,182596,2,2016-03-17T00:00:00.000Z,0756,THU,0,0,0,3104      ,3104-INJURY TRAFFIC ACCIDENT/BICYCLE                   ,1014203.62,437893.86,29TH ST E                     ,INSIDE                                                 ,TUCSON              ,N/A,     ,N/A,  ,At,COLUMBUS BL S                 ,        ,E ,29TH                                    ,ST  ,S ,COLUMBUS                                ,BL  ,DAYLIGHT                                               ,CLEAR                                                  ,                         ,NON-CONTROLLED ACCESS - INTERSECTION (WITHIN)          ,FOUR-WAY INTERSECTION                                  ,"2-WAY, NOT DIVIDED WITH CONT LEFT TURN LANE            ",SINGLE VEHICLE                                         ,                         ,TPD_TRAFFIC_INCIDENTS,,,,,,
1014203.62007873877883,437893.859908133745193,2723,1602090451  ,181753,2,2016-02-09T00:00:00.000Z,1747,TUE,0,1,0,3114      ,3114-INJURY TRAF ACCIDENT/HIT & RUN/BICYCLE            ,1014203.62,437893.86,29TH ST E                     ,INSIDE                                                 ,TUCSON              ,Approximately,60   ,Feet,W ,From,COLUMBUS BL S                 ,        ,E ,29TH                                    ,ST  ,S ,COLUMBUS                                ,BL  ,DAYLIGHT                                               ,CLEAR                                                  ,                         ,NOT JUNCTION RELATED                                   ,,"2-WAY, NOT DIVIDED WITH CONT LEFT TURN LANE            ",SINGLE VEHICLE                                         ,                         ,TPD_TRAFFIC_INCIDENTS,,,,,,
1005160.12007873877883,453620.279855646193027,2732,1807010491  ,203267,2,2018-07-01T00:00:00.000Z,2248,SUN,0,1,0,3114      ,3114-INJURY TRAF ACCIDENT/HIT & RUN/BICYCLE            ,1005160.12,453620.28,ELM ST                        ,INSIDE                                                 ,TUCSON              ,Approximately,100  ,Feet,E ,From,STEWART AV                    ,        ,E ,ELM                                     ,ST  ,N ,STEWART                                 ,AV  ,DARK-NOT LIGHTED                                       ,CLEAR                                                  ,                         ,NON-CONTROLLED ACCESS - INTERSECTION-RELATED           ,FOUR-WAY INTERSECTION                                  ,"2-WAY, NOT DIVIDED                                     ",OTHER                                                  ,PEDACYCLE                ,TPD_TRAFFIC_INCIDENTS,\\central\data\Transportation\Traffic\Accident Data\2018\1807010491.pdf,,,,,
998097.12007873877883,453726.75,2744,1301210436  ,160103,2,2013-01-21T00:00:00.000Z,1814,MON,0,1,0,3114      ,3114-INJURY TRAF ACCIDENT/HIT & RUN/BICYCLE            ,998097.12,453726.75,N MOUNTAIN AV                 ,INSIDE                                                 ,TUCSON              ,N/A,     ,N/A,  ,At,E LESTER ST                   ,        ,E ,LESTER                                  ,ST  ,N ,MOUNTAIN                                ,AV  ,DAYLIGHT                                               ,CLEAR                                                  ,                         ,NON-CONTROLLED ACCESS - INTERSECTION (WITHIN)          ,FOUR-WAY INTERSECTION                                  ,"2-WAY, NOT DIVIDED                                     ",ANGLE (FRONT TO SIDE) (OTHER THAN LEFT TURN)           ,                         ,TPD_TRAFFIC_INCIDENTS,,,,,,
992517.62007873877883,470824.640091866254807,2782,1808010117  ,203883,2,2018-08-01T00:00:00.000Z,0645,WED,0,0,0,3204      ,3204-PROP DMG TRAF ACCIDENT/BICYCLE                    ,992517.62,470824.64,STONE AV N                    ,INSIDE                                                 ,TUCSON              ,Approximately,UNK  ,Feet,W ,From,CROYDON PARK RD               ,        ,E ,CROYDON PARK                            ,RD  ,N ,STONE                                   ,AV  ,DAWN                                                   ,CLEAR                                                  ,                         ,NOT JUNCTION RELATED                                   ,,"2-WAY, DIVIDED, UNPROT (PAINTED > 4 FEET) MEDIAN       ",OTHER                                                  ,PEDALCYCLE               ,TPD_TRAFFIC_INCIDENTS,\\central\data\Transportation\Traffic\Accident Data\2018\1808010117.pdf,,,,,
1037055.209973752498627,440541.149934381246567,2823,1606110300  ,184674,2,2016-06-11T00:00:00.000Z,1403,SAT,0,0,1,3104      ,3104-INJURY TRAFFIC ACCIDENT/BICYCLE                   ,1037055.21,440541.15,22ND ST E                     ,INSIDE                                                 ,TUCSON              ,Approximately,100  ,Feet,W ,From,PANTANO RD S                  ,        ,E ,22ND                                    ,ST  ,S ,PANTANO                                 ,RD  ,DAYLIGHT                                               ,CLOUDY                                                 ,                         ,NON-CONTROLLED ACCESS - DRIVEWAY                       ,FOUR-WAY INTERSECTION                                  ,"2-WAY, DIVIDED, UNPROT (PAINTED > 4 FEET) MEDIAN       ",SINGLE VEHICLE                                         ,                         ,TPD_TRAFFIC_INCIDENTS,\\central\data\Transportation\Traffic\Accident Data\2016\1606110300.pdf,,,,,
1027469.5,439329.640091866254807,2850,1212120392  ,159382,2,2012-12-12T00:00:00.000Z,1703,WED,0,1,0,3114      ,3114-INJURY TRAF ACCIDENT/HIT & RUN/BICYCLE            ,1027469.5,439329.64,S WILMOT RD                   ,INSIDE                                                 ,TUCSON              ,N/A,     ,N/A,  ,At,E CALLE BELLATRIX             ,        ,E ,CALLE BELLATRIX                         ,    ,S ,WILMOT                                  ,RD  ,DAYLIGHT                                               ,CLEAR                                                  ,                         ,NON-CONTROLLED ACCESS - INTERSECTION-RELATED           ,T-INTERSECTION                                         ,"2-WAY, NOT DIVIDED                                     ",ANGLE (FRONT TO SIDE) (OTHER THAN LEFT TURN)           ,                         ,TPD_TRAFFIC_INCIDENTS,,,,,,
1048631.75,433180.31003937125206,2910,1310170314  ,165111,2,2013-10-17T00:00:00.000Z,1600,THU,0,0,0,3104      ,3104-INJURY TRAFFIC ACCIDENT/BICYCLE                   ,1048631.75,433180.31,E CREEK ST                    ,INSIDE                                                 ,TUCSON              ,Approximately,25   ,Feet,W ,At,S HARRISON RD                 ,        ,E ,CREEK                                   ,ST  ,S ,HARRISON                                ,RD  ,DAYLIGHT                                               ,CLEAR                                                  ,                         ,NON-CONTROLLED ACCESS - INTERSECTION-RELATED           ,T-INTERSECTION                                         ,"2-WAY, NOT DIVIDED                                     ",ANGLE (FRONT TO SIDE) (OTHER THAN LEFT TURN)           ,                         ,TPD_TRAFFIC_INCIDENTS,,,,,,
998078.06003937125206,454850.06003937125206,2924,1309030459  ,164196,2,2013-09-03T00:00:00.000Z,1725,TUE,0,0,0,3104      ,3104-INJURY TRAFFIC ACCIDENT/BICYCLE                   ,998078.06,454850.06,N MOUNTAIN AV                 ,INSIDE                                                 ,TUCSON              ,Approximately,200  ,Feet,N ,From,E SENECA ST                   ,        ,N ,MOUNTAIN                                ,AV  ,E ,SENECA                                  ,ST  ,DAYLIGHT                                               ,CLOUDY                                                 ,                         ,NON-CONTROLLED ACCESS - ALLEY-ACCESS-RELATED           ,UNKNOWN                                                ,ONE WAY TRAFFICWAY                                     ,ANGLE (FRONT TO SIDE) (OTHER THAN LEFT TURN)           ,                         ,TPD_TRAFFIC_INCIDENTS,,,,,,
998078.06003937125206,454850.06003937125206,2925,1309050451  ,164258,2,2013-09-05T00:00:00.000Z,1733,THU,0,0,0,3104      ,3104-INJURY TRAFFIC ACCIDENT/BICYCLE                   ,998078.06,454850.06,N MOUNTAIN AV                 ,INSIDE                                                 ,TUCSON              ,N/A,     ,N/A,  ,At,E SENECA ST                   ,        ,N ,MOUNTAIN                                ,AV  ,E ,SENECA                                  ,ST  ,DAYLIGHT                                               ,CLEAR                                                  ,                         ,NON-CONTROLLED ACCESS - INTERSECTION (WITHIN)          ,FOUR-WAY INTERSECTION                                  ,,ANGLE (FRONT TO SIDE) (OTHER THAN LEFT TURN)           ,                         ,TPD_TRAFFIC_INCIDENTS,,,,,,
990048.25,466575.910104990005493,2952,1605140223  ,184033,2,2016-05-14T00:00:00.000Z,0934,SAT,0,0,1,3104      ,3104-INJURY TRAFFIC ACCIDENT/BICYCLE                   ,990048.25,466575.91,ORACLE RD N                   ,INSIDE                                                 ,TUCSON              ,N/A,     ,N/A,  ,At,ROGER RD W                    ,        ,N ,ORACLE                                  ,RD  ,W ,ROGER                                   ,RD  ,DAYLIGHT                                               ,CLEAR                                                  ,                         ,NON-CONTROLLED ACCESS - INTERSECTION (WITHIN)          ,FOUR-WAY INTERSECTION                                  ,"2-WAY, DIVIDED, UNPROT (PAINTED > 4 FEET) MEDIAN       ",SINGLE VEHICLE                                         ,                         ,TPD_TRAFFIC_INCIDENTS,\\central\data\Transportation\Traffic\Accident Data\2016\1605140223.pdf,,,,,
990048.25,466575.910104990005493,2954,1512290392  ,180706,2,2015-12-29T00:00:00.000Z,1653,TUE,0,0,0,3104      ,3104-INJURY TRAFFIC ACCIDENT/BICYCLE                   ,990048.25,466575.91,ROGER RD W                    ,INSIDE                                                 ,TUCSON              ,Approximately,300  ,Feet,E ,From,ORACLE RD N                   ,        ,N ,ORACLE                                  ,RD  ,W ,ROGER                                   ,RD  ,DAYLIGHT                                               ,CLEAR                                                  ,                         ,NOT JUNCTION RELATED                                   ,,"2-WAY, NOT DIVIDED WITH CONT LEFT TURN LANE            ",SINGLE VEHICLE                                         ,                         ,TPD_TRAFFIC_INCIDENTS,,,,,,
990048.25,466575.910104990005493,2998,1907300437  ,212416,2,2019-07-30T00:00:00.000Z,1347,TUE,0,0,0,3104      ,3104-INJURY TRAFFIC ACCIDENT/BICYCLE                   ,990048.25,466575.91,W ROGER RD                    ,INSIDE                                                 ,TUCSON              ,Approximately,UNK  ,Feet,W ,From,N ORACLE RD                   ,        ,N ,ORACLE                                  ,RD  ,W ,ROGER                                   ,RD  ,DAYLIGHT                                               ,CLEAR                                                  ,                         ,NON-CONTROLLED ACCESS - INTERSECTION-RELATED           ,FOUR-WAY INTERSECTION                                  ,"2-WAY, DIVIDED, UNPROT (PAINTED > 4 FEET) MEDIAN       ",ANGLE (FRONT TO SIDE) (OTHER THAN LEFT TURN)           ,                         ,TPD_TRAFFIC_INCIDENTS,\\central\data\Transportation\Traffic\Accident Data\2019\1907300437.pdf,,,,,
998009.37007873877883,466060.31003937125206,3009,1312230483  ,166426,2,2013-12-23T00:00:00.000Z,1855,MON,0,1,0,3214      ,3214-PROP DMG TRAF ACCIDENT/HIT & RUN/BICYCLE          ,998009.37,466060.31,E KNOX DR                     ,INSIDE                                                 ,TUCSON              ,N/A,     ,N/A,  ,At,N MOUNTAIN AV                 ,        ,E ,KNOX                                    ,DR  ,N ,MOUNTAIN                                ,AV  ,DARK-NOT LIGHTED                                       ,CLEAR                                                  ,                         ,NOT JUNCTION RELATED                                   ,T-INTERSECTION                                         ,ONE WAY TRAFFICWAY                                     ,HEAD-ON (FRONT-TO-FRONT) (OTHER THAN LEFT TURN)        ,                         ,TPD_TRAFFIC_INCIDENTS,,,,,,
998009.37007873877883,466060.31003937125206,3010,1506130339  ,176427,2,2015-06-13T00:00:00.000Z,1338,SAT,0,0,1,3104      ,3104-INJURY TRAFFIC ACCIDENT/BICYCLE                   ,998009.37,466060.31,MOUNTAIN AV N                 ,INSIDE                                                 ,TUCSON              ,Approximately,100  ,Feet,N ,From,KNOX DR E                     ,        ,E ,KNOX                                    ,DR  ,N ,MOUNTAIN                                ,AV  ,DAYLIGHT                                               ,CLEAR                                                  ,                         ,NOT JUNCTION RELATED                                   ,,"2-WAY, NOT DIVIDED                                     ",SINGLE VEHICLE                                         ,                         ,TPD_TRAFFIC_INCIDENTS,,,,,,
1005993.87007873877883,456228.81988188624382,5021,1410310508  ,171833,2,2014-10-31T00:00:00.000Z,1929,FRI,0,0,0,3104      ,3104-INJURY TRAFFIC ACCIDENT/BICYCLE                   ,1005993.87,456228.82,COUNTRY CLUB RD N             ,INSIDE                                                 ,TUCSON              ,Approximately,180  ,Feet,S ,From,GRANT RD E                    ,        ,N ,COUNTRY CLUB                            ,RD  ,E ,GRANT                                   ,RD  ,DARK-LIGHTED                                           ,CLEAR                                                  ,                         ,NON-CONTROLLED ACCESS - INTERSECTION-RELATED           ,FOUR-WAY INTERSECTION                                  ,"2-WAY, NOT DIVIDED WITH CONT LEFT TURN LANE            ",ANGLE (FRONT TO SIDE) (OTHER THAN LEFT TURN)           ,                         ,TPD_TRAFFIC_INCIDENTS,,,,,,
990628.890091862529516,413742.740157477557659,5075,1701110221  ,190180,2,2017-01-11T00:00:00.000Z,1203,WED,0,0,0,3104      ,3104-INJURY TRAFFIC ACCIDENT/BICYCLE                   ,990628.89,413742.74,VALENCIA RD W                 ,INSIDE                                                 ,TUCSON              ,Approximately,10   ,Feet,W ,From,12TH AV S                     ,        ,S ,12TH                                    ,AV  ,W ,VALENCIA                                ,RD  ,DAYLIGHT                                               ,CLEAR                                                  ,                         ,NON-CONTROLLED ACCESS - INTERSECTION-RELATED           ,FOUR-WAY INTERSECTION                                  ,"2-WAY, DIVIDED, UNPROT (PAINTED > 4 FEET) MEDIAN       ",SINGLE VEHICLE                                         ,                         ,TPD_TRAFFIC_INCIDENTS,\\central\data\Transportation\Traffic\Accident Data\2017\1701110221.pdf,,,,,
1035354.950131233781576,440536.229986876249313,5177,1508200466  ,177743,2,2015-08-20T00:00:00.000Z,1847,THU,0,0,0,3104      ,3104-INJURY TRAFFIC ACCIDENT/BICYCLE                   ,1035354.95,440536.23,22ND ST E                     ,INSIDE                                                 ,TUCSON              ,N/A,     ,N/A,  ,At,PRUDENCE RD S                 ,        ,E ,22ND                                    ,ST  ,S ,PRUDENCE                                ,RD  ,DUSK                                                   ,CLEAR                                                  ,                         ,NON-CONTROLLED ACCESS - INTERSECTION (WITHIN)          ,FOUR-WAY INTERSECTION                                  ,"2-WAY, DIVIDED, UNPROT (PAINTED > 4 FEET) MEDIAN       ",SINGLE VEHICLE                                         ,                         ,TPD_TRAFFIC_INCIDENTS,,,,,,
1035354.950131233781576,440536.229986876249313,5178,1506070298  ,176295,2,2015-06-07T00:00:00.000Z,1606,SUN,0,0,1,3104      ,3104-INJURY TRAFFIC ACCIDENT/BICYCLE                   ,1035354.95,440536.23,E 22ND ST                     ,INSIDE                                                 ,TUCSON              ,Approximately,100  ,Feet,E ,From,S PRUDENCE RD                 ,        ,E ,22ND                                    ,ST  ,S ,PRUDENCE                                ,RD  ,DAYLIGHT                                               ,CLOUDY                                                 ,                         ,NOT JUNCTION RELATED                                   ,,"2-WAY, DIVIDED, UNPROT (PAINTED > 4 FEET) MEDIAN       ",SINGLE VEHICLE                                         ,                         ,TPD_TRAFFIC_INCIDENTS,,,,,,
995389.5,462047.640091866254807,5193,1411010587  ,172586,2,2014-11-01T00:00:00.000Z,2215,SAT,1,0,1,3004      ,3004-FATAL TRAFFIC ACCIDENT/BICYCLE                    ,995389.5,462047.64,1ST AV N                      ,INSIDE                                                 ,TUCSON              ,Approximately,50   ,Feet,N ,From,NAVAJO RD E                   ,        ,N ,1ST                                     ,AV  ,E ,NAVAJO                                  ,RD  ,DARK-LIGHTED                                           ,CLEAR                                                  ,                         ,NOT JUNCTION RELATED                                   ,,"2-WAY, DIVIDED, UNPROT (PAINTED > 4 FEET) MEDIAN       ",OTHER                                                  ,VEH W/BICYCLE            ,TPD_TRAFFIC_INCIDENTS,,,,,,
1031031.87007873877883,445632.56003937125206,5201,1808070396  ,204022,2,2018-08-07T00:00:00.000Z,1629,TUE,0,0,0,3104      ,3104-INJURY TRAFFIC ACCIDENT/BICYCLE                   ,1031031.87,445632.56,BROADWAY BL E                 ,INSIDE                                                 ,TUCSON              ,Approximately,500  ,Feet,E ,From,JESSICA AVE                   ,6840    ,E ,BROADWAY                                ,BL  ,  ,                                        ,    ,DAYLIGHT                                               ,CLEAR                                                  ,                         ,NOT JUNCTION RELATED                                   ,,"2-WAY, DIVIDED, UNPROT (PAINTED > 4 FEET) MEDIAN       ",OTHER                                                  ,PEDALCYCLE               ,TPD_TRAFFIC_INCIDENTS,\\central\data\Transportation\Traffic\Accident Data\2018\1808070396.pdf,,,,,