X,Y,OBJECTID,acci_id,tamainid,numunits,AccidentDate,AccidentTime,DayOfWeek,WasFatal,WasHitAndRun,TransImmedMedCare,UCRCode,UCRDescription,CoordX,CoordY,Location,Inside_Outside,City,Accuracy,Distance,Units,Direction,From_At,IntersectingStreet,AddrNumber,AddrDirection,AddrStreetName,AddrStreetNameSuffix,CrossStreetDirection,CrossStreetName,CrossStreetSuffix,LightConditionDescription,WeatherDescription,WeatherOther,RelationDescription,IntersectionTypeDescription,RoadConfigurationDescription,MannerOfCrashDescription,MannerOfCrashOther,DATASOURCE,URL,F7Days,F28Days,COMPSTAT_28D,WEEKLY_7D,AccidentDateTime
1027410.529855642467737,445843.229986876249313,5267,1403150325  ,167929,2,2014-03-15T00:00:00.000Z,1725,SAT,0,1,0,3214      ,3214-PROP DMG TRAF ACCIDENT/HIT & RUN/BICYCLE          ,1027410.53,445843.23,E BROADWAY BL                 ,INSIDE                                                 ,TUCSON              ,Approximately,1000 ,Feet,N ,From,N WILMOT RD                   ,        ,E ,BROADWAY                                ,BL  ,N ,WILMOT                                  ,RD  ,DAYLIGHT                                               ,CLEAR                                                  ,                         ,NON-CONTROLLED ACCESS - INTERSECTION-RELATED           ,T-INTERSECTION                                         ,ONE WAY TRAFFICWAY                                     ,OTHER                                                  ,CAR VS BIKE              ,TPD_TRAFFIC_INCIDENTS,,,,,,
1027410.529855642467737,445843.229986876249313,5270,1402220235  ,167525,2,2014-02-22T00:00:00.000Z,1347,SAT,0,1,0,3114      ,3114-INJURY TRAF ACCIDENT/HIT & RUN/BICYCLE            ,1027410.53,445843.23,N WILMOT RD                   ,INSIDE                                                 ,TUCSON              ,Approximately,100  ,Feet,S ,From,E BROADWAY BL                 ,        ,E ,BROADWAY                                ,BL  ,N ,WILMOT                                  ,RD  ,DAYLIGHT                                               ,CLEAR                                                  ,                         ,NOT JUNCTION RELATED                                   ,,"2-WAY, DIVIDED POSITIVE MEDIAN BARRIER                 ","SIDESWIPE, SAME DIRECTION                              ",                         ,TPD_TRAFFIC_INCIDENTS,,,,,,
1027410.529855642467737,445843.229986876249313,5306,1809050146  ,204626,2,2018-09-05T00:00:00.000Z,0848,WED,0,0,0,3104      ,3104-INJURY TRAFFIC ACCIDENT/BICYCLE                   ,1027410.53,445843.23,WILMOT RD N                   ,INSIDE                                                 ,TUCSON              ,Approximately,180  ,Feet,N ,From,BROADWAY BL E                 ,        ,E ,BROADWAY                                ,BL  ,N ,WILMOT                                  ,RD  ,DAYLIGHT                                               ,CLEAR                                                  ,                         ,NOT JUNCTION RELATED                                   ,,"2-WAY, DIVIDED, UNPROT (PAINTED > 4 FEET) MEDIAN       ",OTHER                                                  ,PEDALCYCLE               ,TPD_TRAFFIC_INCIDENTS,\\central\data\Transportation\Traffic\Accident Data\2018\1809050146.pdf,,,,,
1032825.200131233781576,429930.390091866254807,5341,1409050255  ,170823,2,2014-09-05T00:00:00.000Z,1110,FRI,0,0,0,3104      ,3104-INJURY TRAFFIC ACCIDENT/BICYCLE                   ,1032825.2,429930.39,S KOLB RD                     ,INSIDE                                                 ,TUCSON              ,N/A,     ,N/A,  ,At,E ESCALANTE RD                ,        ,E ,ESCALANTE                               ,RD  ,S ,KOLB                                    ,RD  ,DAYLIGHT                                               ,CLEAR                                                  ,                         ,CONTROLLED ACCESS - INTERSECTION (WITHIN)              ,FOUR-WAY INTERSECTION                                  ,"2-WAY, DIVIDED POSITIVE MEDIAN BARRIER                 ",ANGLE (FRONT TO SIDE) (OTHER THAN LEFT TURN)           ,                         ,TPD_TRAFFIC_INCIDENTS,,,,,,
1011206.169947504997253,461639.279855646193027,5350,1211130220  ,158949,2,2012-11-13T00:00:00.000Z,1704,TUE,0,0,0,3104      ,3104-INJURY TRAFFIC ACCIDENT/BICYCLE                   ,1011206.17,461639.28,E FORT LOWELL                 ,INSIDE                                                 ,TUCSON              ,Approximately,20   ,Feet,E ,From,N ALVERNON                    ,        ,N ,ALVERNON                                ,WY  ,E ,FORT LOWELL                             ,RD  ,DAYLIGHT                                               ,CLEAR                                                  ,                         ,NOT JUNCTION RELATED                                   ,,"2-WAY, DIVIDED POSITIVE MEDIAN BARRIER                 ",OTHER                                                  ,BICYCLE                  ,TPD_TRAFFIC_INCIDENTS,,,,,,
1000690.25,464122.779855646193027,5419,1305140146  ,162000,2,2013-05-14T00:00:00.000Z,1029,TUE,0,1,0,3214      ,3214-PROP DMG TRAF ACCIDENT/HIT & RUN/BICYCLE          ,1000690.25,464122.78,E PRINCE RD                   ,INSIDE                                                 ,TUCSON              ,Approximately,150  ,Feet,W ,From,N CAMPBELL AV                 ,        ,N ,CAMPBELL                                ,AV  ,E ,PRINCE                                  ,RD  ,DAYLIGHT                                               ,CLEAR                                                  ,                         ,NON-CONTROLLED ACCESS - DRIVEWAY                       ,FOUR-WAY INTERSECTION                                  ,ONE WAY TRAFFICWAY                                     ,ANGLE (FRONT TO SIDE) (OTHER THAN LEFT TURN)           ,                         ,TPD_TRAFFIC_INCIDENTS,,,,,,
1000690.25,464122.779855646193027,5433,1604270514  ,183600,2,2016-04-27T00:00:00.000Z,1751,WED,0,0,0,3104      ,3104-INJURY TRAFFIC ACCIDENT/BICYCLE                   ,1000690.25,464122.78,PRINCE RD E                   ,INSIDE                                                 ,TUCSON              ,Approximately,50   ,Feet,E ,From,CAMPBELL AV N                 ,        ,N ,CAMPBELL                                ,AV  ,E ,PRINCE                                  ,RD  ,DAYLIGHT                                               ,CLEAR                                                  ,                         ,NON-CONTROLLED ACCESS - DRIVEWAY                       ,FOUR-WAY INTERSECTION                                  ,"2-WAY, NOT DIVIDED WITH CONT LEFT TURN LANE            ",SINGLE VEHICLE                                         ,                         ,TPD_TRAFFIC_INCIDENTS,\\central\data\Transportation\Traffic\Accident Data\2016\1604270514.pdf,,,,,
1032713.81003937125206,440514.459973752498627,5464,1804010259  ,201349,2,2018-04-01T00:00:00.000Z,1216,SUN,0,0,0,3104      ,3104-INJURY TRAFFIC ACCIDENT/BICYCLE                   ,1032713.81,440514.46,S KOLB RD                     ,INSIDE                                                 ,TUCSON              ,Approximately,500  ,Feet,S ,From,E 22ND ST                     ,        ,E ,22ND                                    ,ST  ,S ,KOLB                                    ,RD  ,DAYLIGHT                                               ,CLEAR                                                  ,                         ,NON-CONTROLLED ACCESS - DRIVEWAY                       ,FOUR-WAY INTERSECTION                                  ,"2-WAY, DIVIDED, UNPROT (PAINTED > 4 FEET) MEDIAN       ",OTHER                                                  ,PEDALCYCLIST             ,TPD_TRAFFIC_INCIDENTS,\\central\data\Transportation\Traffic\Accident Data\2018\1804010259.pdf,,,,,
1001179.62007873877883,424500.0,5514,1512090391  ,180251,2,2015-12-09T00:00:00.000Z,1733,WED,0,1,0,3114      ,3114-INJURY TRAF ACCIDENT/HIT & RUN/BICYCLE            ,1001179.62,424500,IRVINGTON RD E                ,INSIDE                                                 ,TUCSON              ,Approximately,100  ,Feet,E ,From,CAMPBELL AV S                 ,        ,S ,CAMPBELL                                ,AV  ,E ,IRVINGTON                               ,RD  ,DUSK                                                   ,CLEAR                                                  ,                         ,NOT JUNCTION RELATED                                   ,,"2-WAY, NOT DIVIDED WITH CONT LEFT TURN LANE            ",SINGLE VEHICLE                                         ,                         ,TPD_TRAFFIC_INCIDENTS,,,,,,
1001179.62007873877883,424500.0,5531,1508200407  ,177738,2,2015-08-20T00:00:00.000Z,1641,THU,0,0,0,3104      ,3104-INJURY TRAFFIC ACCIDENT/BICYCLE                   ,1001179.62,424500,CAMPBELL AV S                 ,INSIDE                                                 ,TUCSON              ,Approximately,UNK  ,Feet,N ,From,IRVINGTON RD E                ,        ,S ,CAMPBELL                                ,AV  ,E ,IRVINGTON                               ,RD  ,DAYLIGHT                                               ,CLOUDY                                                 ,                         ,NON-CONTROLLED ACCESS - DRIVEWAY                       ,FOUR-WAY INTERSECTION                                  ,"2-WAY, NOT DIVIDED WITH CONT LEFT TURN LANE            ",SINGLE VEHICLE                                         ,                         ,TPD_TRAFFIC_INCIDENTS,,,,,,
984075.270013123750687,413626.12992125749588,5557,1406200232  ,169578,2,2014-06-20T00:00:00.000Z,1309,FRI,0,0,0,3104      ,3104-INJURY TRAFFIC ACCIDENT/BICYCLE                   ,984075.27,413626.13,S MIDVALE PARK RD             ,INSIDE                                                 ,TUCSON              ,N/A,     ,N/A,  ,At,W VALENCIA RD                 ,        ,S ,MIDVALE PARK                            ,RD  ,W ,VALENCIA                                ,RD  ,DAYLIGHT                                               ,CLEAR                                                  ,                         ,CONTROLLED ACCESS - INTERSECTION-RELATED               ,UNKNOWN                                                ,"2-WAY, DIVIDED POSITIVE MEDIAN BARRIER                 ",ANGLE (FRONT TO SIDE) (OTHER THAN LEFT TURN)           ,                         ,TPD_TRAFFIC_INCIDENTS,,,,,,
984075.270013123750687,413626.12992125749588,5591,1612150458  ,189566,2,2016-12-15T00:00:00.000Z,1721,THU,0,0,0,3104      ,3104-INJURY TRAFFIC ACCIDENT/BICYCLE                   ,984075.27,413626.13,MIDVALE PARK RD S             ,,TUCSON              ,Approximately,100  ,Feet,N ,From,VALENCIA RD W                 ,        ,S ,MIDVALE PARK                            ,RD  ,W ,VALENCIA                                ,RD  ,DUSK                                                   ,CLEAR                                                  ,                         ,NON-CONTROLLED ACCESS - DRIVEWAY                       ,FOUR-WAY INTERSECTION                                  ,"2-WAY, DIVIDED, UNPROT (PAINTED > 4 FEET) MEDIAN       ",SINGLE VEHICLE                                         ,                         ,TPD_TRAFFIC_INCIDENTS,\\central\data\Transportation\Traffic\Accident Data\2016\1612150458.pdf,,,,,
1032653.979986876249313,445805.169947504997253,5651,1704200457  ,192957,2,2017-04-20T00:00:00.000Z,1531,THU,0,1,1,3114      ,3114-INJURY TRAF ACCIDENT/HIT & RUN/BICYCLE            ,1032653.98,445805.17,BROADWAY BL E                 ,INSIDE                                                 ,TUCSON              ,Approximately,2/10 ,Miles,W ,From,KOLB RD N                     ,        ,E ,BROADWAY                                ,BL  ,N ,KOLB                                    ,RD  ,DAYLIGHT                                               ,CLEAR                                                  ,                         ,NON-CONTROLLED ACCESS - DRIVEWAY                       ,FOUR-WAY INTERSECTION                                  ,"2-WAY, DIVIDED, UNPROT (PAINTED > 4 FEET) MEDIAN       ",SINGLE VEHICLE                                         ,                         ,TPD_TRAFFIC_INCIDENTS,\\central\data\Transportation\Traffic\Accident Data\2017\1704200457.pdf,,,,,
1032653.979986876249313,445805.169947504997253,5695,1701270559  ,190633,2,2017-01-27T00:00:00.000Z,2107,FRI,0,0,1,3104      ,3104-INJURY TRAFFIC ACCIDENT/BICYCLE                   ,1032653.98,445805.17,N KOLB RD                     ,INSIDE                                                 ,TUCSON              ,Approximately,UNK  ,Feet,N ,From,E BROADWAY BL                 ,        ,E ,BROADWAY                                ,BL  ,N ,KOLB                                    ,RD  ,DARK-LIGHTED                                           ,CLEAR                                                  ,                         ,NON-CONTROLLED ACCESS - INTERSECTION-RELATED           ,FOUR-WAY INTERSECTION                                  ,"2-WAY, DIVIDED, UNPROT (PAINTED > 4 FEET) MEDIAN       ",SINGLE VEHICLE                                         ,                         ,TPD_TRAFFIC_INCIDENTS,\\central\data\Transportation\Traffic\Accident Data\2017\1701270559.pdf,,,,,
1032653.979986876249313,445805.169947504997253,5736,1510160288  ,178988,2,2015-10-16T00:00:00.000Z,1417,FRI,0,0,1,3104      ,3104-INJURY TRAFFIC ACCIDENT/BICYCLE                   ,1032653.98,445805.17,E BROADWAY BL                 ,INSIDE                                                 ,TUCSON              ,Approximately,500  ,Feet,E ,From,N KOLB RD                     ,        ,E ,BROADWAY                                ,BL  ,N ,KOLB                                    ,RD  ,DAYLIGHT                                               ,CLOUDY                                                 ,                         ,NOT JUNCTION RELATED                                   ,,"2-WAY, DIVIDED, UNPROT (PAINTED > 4 FEET) MEDIAN       ",SINGLE VEHICLE                                         ,                         ,TPD_TRAFFIC_INCIDENTS,,,,,,
1037957.839895013719797,445836.06988188624382,5900,1611020242  ,188380,3,2016-11-02T00:00:00.000Z,1330,WED,0,0,0,3104      ,3104-INJURY TRAFFIC ACCIDENT/BICYCLE                   ,1037957.84,445836.07,PANTANO RD N                  ,INSIDE                                                 ,TUCSON              ,Approximately,200  ,Feet,N ,From,BROADWAY BL E                 ,        ,E ,BROADWAY                                ,BL  ,N ,PANTANO                                 ,RD  ,DAYLIGHT                                               ,CLEAR                                                  ,                         ,NOT JUNCTION RELATED                                   ,,"2-WAY, NOT DIVIDED WITH CONT LEFT TURN LANE            ","SIDESWIPE, SAME DIRECTION                              ",                         ,TPD_TRAFFIC_INCIDENTS,\\central\data\Transportation\Traffic\Accident Data\2016\1611020242.pdf,,,,,
1022704.06003937125206,438969.529855646193027,6011,1702170343  ,191245,2,2017-02-17T00:00:00.000Z,1409,FRI,0,0,1,3104      ,3104-INJURY TRAFFIC ACCIDENT/BICYCLE                   ,1022704.06,438969.53,26TH ST E                     ,INSIDE                                                 ,TUCSON              ,N/A,     ,N/A,  ,At,JEFFERSON AV S                ,        ,E ,26TH                                    ,ST  ,S ,JEFFERSON                               ,AV  ,DAYLIGHT                                               ,CLEAR                                                  ,                         ,NON-CONTROLLED ACCESS - INTERSECTION (WITHIN)          ,FOUR-WAY INTERSECTION                                  ,"2-WAY, NOT DIVIDED                                     ",SINGLE VEHICLE                                         ,                         ,TPD_TRAFFIC_INCIDENTS,\\central\data\Transportation\Traffic\Accident Data\2017\1702170343.pdf,,,,,
979741.31003937125206,455037.779855646193027,4022,1704040469  ,192505,2,2017-04-04T00:00:00.000Z,1607,TUE,0,0,0,3104      ,3104-INJURY TRAFFIC ACCIDENT/BICYCLE                   ,979741.31,455037.78,N SILVERBELL RD               ,INSIDE                                                 ,TUCSON              ,N/A,     ,N/A,  ,At,W TANGLEWOOD DR               ,        ,N ,SILVERBELL                              ,RD  ,W ,TANGLEWOOD                              ,DR  ,DAYLIGHT                                               ,CLOUDY                                                 ,                         ,NON-CONTROLLED ACCESS - INTERSECTION (WITHIN)          ,FOUR-WAY INTERSECTION                                  ,"2-WAY, DIVIDED, UNPROT (PAINTED > 4 FEET) MEDIAN       ",SINGLE VEHICLE                                         ,                         ,TPD_TRAFFIC_INCIDENTS,\\central\data\Transportation\Traffic\Accident Data\2017\1704040469.pdf,,,,,
997716.0,451398.25,4024,1402190006  ,167473,2,2014-02-19T00:00:00.000Z,1313,WED,0,0,0,3204      ,3204-PROP DMG TRAF ACCIDENT/BICYCLE                    ,997716,451398.25,E HELEN                       ,INSIDE                                                 ,TUCSON              ,Approximately,10   ,Feet,E ,From,N SANTA RITA                  ,        ,E ,HELEN                                   ,ST  ,N ,SANTA RITA                              ,AV  ,DAYLIGHT                                               ,CLEAR                                                  ,                         ,NOT JUNCTION RELATED                                   ,,"2-WAY, NOT DIVIDED                                     ",REAR END (FRONT TO REAR)                               ,                         ,TPD_TRAFFIC_INCIDENTS,,,,,,
998067.56003937125206,459455.089895009994507,4030,1303250297  ,161188,2,2013-03-25T00:00:00.000Z,1222,MON,0,0,0,3104      ,3104-INJURY TRAFFIC ACCIDENT/BICYCLE                   ,998067.56,459455.09,N MOUNTAIN AV                 ,INSIDE                                                 ,TUCSON              ,Approximately,3    ,Feet,E ,From,E ADELAIDE DR                 ,        ,E ,ADELAIDE                                ,DR  ,N ,MOUNTAIN                                ,AV  ,DAYLIGHT                                               ,CLEAR                                                  ,                         ,CONTROLLED ACCESS - THRU ROADWAY                       ,,"2-WAY, NOT DIVIDED                                     ",REAR END (FRONT TO REAR)                               ,                         ,TPD_TRAFFIC_INCIDENTS,,,,,,
999018.56003937125206,453235.25,4045,1307240006  ,163414,2,2013-07-24T00:00:00.000Z,1345,WED,0,0,0,3204      ,3204-PROP DMG TRAF ACCIDENT/BICYCLE                    ,999018.56,453235.25,N VINE AV                     ,INSIDE                                                 ,TUCSON              ,Approximately,150  ,Feet,N ,From,LEE ST                        ,1610    ,N ,VINE                                    ,AV  ,  ,                                        ,    ,DAYLIGHT                                               ,CLOUDY                                                 ,                         ,NOT JUNCTION RELATED                                   ,UNKNOWN                                                ,"2-WAY, NOT DIVIDED                                     ","SIDESWIPE, SAME DIRECTION                              ",                         ,TPD_TRAFFIC_INCIDENTS,,,,,,
1038102.31003937125206,431038.859908133745193,4077,1301220130  ,159970,2,2013-01-22T00:00:00.000Z,0735,TUE,0,0,0,3204      ,3204-PROP DMG TRAF ACCIDENT/BICYCLE                    ,1038102.31,431038.86,S PANTANO RD                  ,INSIDE                                                 ,TUCSON              ,N/A,     ,N/A,  ,At,E VICTORIA DR                 ,        ,S ,PANTANO                                 ,RD  ,E ,VICTORIA                                ,DR  ,DAYLIGHT                                               ,CLEAR                                                  ,                         ,NON-CONTROLLED ACCESS - INTERSECTION-RELATED           ,FOUR-WAY INTERSECTION                                  ,"2-WAY, NOT DIVIDED                                     ",ANGLE (FRONT TO SIDE) (OTHER THAN LEFT TURN)           ,                         ,TPD_TRAFFIC_INCIDENTS,,,,,,
992065.279855642467737,456082.279855646193027,4093,1305090400  ,161900,2,2013-05-09T00:00:00.000Z,1543,THU,0,0,0,3104      ,3104-INJURY TRAFFIC ACCIDENT/BICYCLE                   ,992065.28,456082.28,N STONE AV                    ,INSIDE                                                 ,TUCSON              ,Approximately,100  ,Feet,S ,From,E GRANT RD                    ,        ,E ,GRANT                                   ,RD  ,N ,STONE                                   ,AV  ,DAYLIGHT                                               ,CLEAR                                                  ,                         ,NOT JUNCTION RELATED                                   ,,"2-WAY, DIVIDED, UNPROT (PAINTED > 4 FEET) MEDIAN       ",ANGLE (FRONT TO SIDE) (OTHER THAN LEFT TURN)           ,                         ,TPD_TRAFFIC_INCIDENTS,,,,,,
992065.279855642467737,456082.279855646193027,4100,1601220419  ,181261,2,2016-01-22T00:00:00.000Z,1551,FRI,0,1,0,3214      ,3214-PROP DMG TRAF ACCIDENT/HIT & RUN/BICYCLE          ,992065.28,456082.28,W GRANT RD                    ,INSIDE                                                 ,TUCSON              ,Approximately,150  ,Feet,W ,From,N STONE AV                    ,        ,E ,GRANT                                   ,RD  ,N ,STONE                                   ,AV  ,DAYLIGHT                                               ,CLEAR                                                  ,                         ,NOT JUNCTION RELATED                                   ,,"2-WAY, NOT DIVIDED WITH CONT LEFT TURN LANE            ",SINGLE VEHICLE                                         ,                         ,TPD_TRAFFIC_INCIDENTS,,,,,,
992065.279855642467737,456082.279855646193027,4101,1602110453  ,181811,2,2016-02-11T00:00:00.000Z,1834,THU,0,0,0,3104      ,3104-INJURY TRAFFIC ACCIDENT/BICYCLE                   ,992065.28,456082.28,STONE AV N                    ,INSIDE                                                 ,TUCSON              ,Approximately,50   ,Feet,N ,From,GRANT RD E                    ,        ,E ,GRANT                                   ,RD  ,N ,STONE                                   ,AV  ,DARK-LIGHTED                                           ,CLEAR                                                  ,                         ,NON-CONTROLLED ACCESS - DRIVEWAY                       ,FOUR-WAY INTERSECTION                                  ,"2-WAY, NOT DIVIDED WITH CONT LEFT TURN LANE            ",SINGLE VEHICLE                                         ,                         ,TPD_TRAFFIC_INCIDENTS,,,,,,
992065.279855642467737,456082.279855646193027,4102,1510200252  ,179108,2,2015-10-20T00:00:00.000Z,1222,TUE,0,0,0,3104      ,3104-INJURY TRAFFIC ACCIDENT/BICYCLE                   ,992065.28,456082.28,N STONE AV                    ,INSIDE                                                 ,TUCSON              ,N/A,     ,N/A,  ,At,E GRANT RD                    ,        ,E ,GRANT                                   ,RD  ,N ,STONE                                   ,AV  ,DAYLIGHT                                               ,CLEAR                                                  ,                         ,NON-CONTROLLED ACCESS - INTERSECTION (WITHIN)          ,FOUR-WAY INTERSECTION                                  ,"2-WAY, NOT DIVIDED WITH CONT LEFT TURN LANE            ",SINGLE VEHICLE                                         ,                         ,TPD_TRAFFIC_INCIDENTS,,,,,,
1006042.37007873877883,453633.640091866254807,4118,1403280522  ,168524,2,2014-03-28T00:00:00.000Z,2127,FRI,0,0,0,3204      ,3204-PROP DMG TRAF ACCIDENT/BICYCLE                    ,1006042.37,453633.64,N COUNTRY CLUB RD             ,INSIDE                                                 ,TUCSON              ,N/A,     ,N/A,  ,At,E PIMA ST                     ,        ,N ,COUNTRY CLUB                            ,RD  ,E ,PIMA                                    ,ST  ,DARK-LIGHTED                                           ,CLEAR                                                  ,                         ,CONTROLLED ACCESS - INTERSECTION-RELATED               ,FOUR-WAY INTERSECTION                                  ,"2-WAY, NOT DIVIDED                                     ","SIDESWIPE, SAME DIRECTION                              ",                         ,TPD_TRAFFIC_INCIDENTS,,,,,,
991196.279855642467737,450843.390091866254807,4145,1309100439  ,164364,2,2013-09-10T00:00:00.000Z,1704,TUE,0,0,0,3104      ,3104-INJURY TRAFFIC ACCIDENT/BICYCLE                   ,991196.28,450843.39,W SPEEDWAY BL                 ,INSIDE                                                 ,TUCSON              ,N/A,     ,N/A,  ,At,N 10TH AV                     ,        ,N ,10TH                                    ,AV  ,W ,SPEEDWAY                                ,BL  ,DAYLIGHT                                               ,CLEAR                                                  ,                         ,NON-CONTROLLED ACCESS - INTERSECTION (WITHIN)          ,T-INTERSECTION                                         ,"2-WAY, DIVIDED POSITIVE MEDIAN BARRIER                 ",ANGLE (FRONT TO SIDE) (OTHER THAN LEFT TURN)           ,                         ,TPD_TRAFFIC_INCIDENTS,,,,,,
1015457.5,445812.089895009994507,4157,1301250308  ,160116,2,2013-01-25T00:00:00.000Z,1223,FRI,0,0,0,3104      ,3104-INJURY TRAFFIC ACCIDENT/BICYCLE                   ,1015457.5,445812.09,BROADWAY BL E                 ,INSIDE                                                 ,TUCSON              ,Approximately,100  ,Feet,E ,From,BELVEDERE AV N                ,        ,N ,BELVEDERE                               ,AV  ,E ,BROADWAY                                ,BL  ,DAYLIGHT                                               ,CLEAR                                                  ,                         ,NOT JUNCTION RELATED                                   ,,"2-WAY, DIVIDED POSITIVE MEDIAN BARRIER                 ",ANGLE (FRONT TO SIDE) (OTHER THAN LEFT TURN)           ,                         ,TPD_TRAFFIC_INCIDENTS,,,,,,
994335,447418,4167,1307280073  ,163487,2,2013-07-28T00:00:00.000Z,0208,SUN,0,1,0,3114      ,3114-INJURY TRAF ACCIDENT/HIT & RUN/BICYCLE            ,994335,447418,N HOFF AV                     ,INSIDE                                                 ,TUCSON              ,N/A,     ,N/A,  ,At,E 7TH AV                      ,        ,E ,7TH                                     ,ST  ,N ,HOFF                                    ,AV  ,DARK-LIGHTED                                           ,CLEAR                                                  ,                         ,NON-CONTROLLED ACCESS - INTERSECTION-RELATED           ,FOUR-WAY INTERSECTION                                  ,ONE WAY TRAFFICWAY                                     ,HEAD-ON (FRONT-TO-FRONT) (OTHER THAN LEFT TURN)        ,                         ,TPD_TRAFFIC_INCIDENTS,,,,,,
1005350.37007873877883,455582.81003937125206,4176,1304200347  ,161448,2,2013-04-20T00:00:00.000Z,1500,SAT,0,0,1,3104      ,3104-INJURY TRAFFIC ACCIDENT/BICYCLE                   ,1005350.37,455582.81,E EDISON ST                   ,INSIDE                                                 ,TUCSON              ,Approximately,     ,N/A,  ,At,N MARGARET AV                 ,        ,E ,EDISON                                  ,ST  ,N ,MARGARET                                ,AV  ,DAYLIGHT                                               ,CLEAR                                                  ,                         ,NON-CONTROLLED ACCESS - INTERSECTION (WITHIN)          ,FOUR-WAY INTERSECTION                                  ,"2-WAY, NOT DIVIDED                                     ",SINGLE VEHICLE                                         ,                         ,TPD_TRAFFIC_INCIDENTS,,,,,,
1016689.56003937125206,449194.839895009994507,4201,1810290068  ,205887,2,2018-10-29T00:00:00.000Z,0359,MON,0,1,0,3114      ,3114-INJURY TRAF ACCIDENT/HIT & RUN/BICYCLE            ,1016689.56,449194.84,SWAN RD                       ,INSIDE                                                 ,TUCSON              ,Approximately,15   ,Feet,N ,From,4TH ST                        ,        ,E ,4TH                                     ,ST  ,N ,SWAN                                    ,RD  ,DARK-LIGHTED                                           ,CLEAR                                                  ,                         ,NON-CONTROLLED ACCESS - INTERSECTION-RELATED           ,FOUR-WAY INTERSECTION                                  ,"2-WAY, DIVIDED, UNPROT (PAINTED > 4 FEET) MEDIAN       ",OTHER                                                  ,PEDALCYCLE               ,TPD_TRAFFIC_INCIDENTS,\\central\data\Transportation\Traffic\Accident Data\2018\1810290068.pdf,,,,,
997199.06003937125206,425521.06003937125206,4212,1304230355  ,161498,2,2013-04-23T00:00:00.000Z,1432,TUE,0,0,0,3104      ,3104-INJURY TRAFFIC ACCIDENT/BICYCLE                   ,997199.06,425521.06,S PARK AV                     ,INSIDE                                                 ,TUCSON              ,N/A,     ,N/A,  ,At,E TENNESSEE ST                ,        ,S ,PARK                                    ,AV  ,E ,TENNESSEE                               ,ST  ,DAYLIGHT                                               ,CLEAR                                                  ,                         ,NOT JUNCTION RELATED                                   ,FOUR-WAY INTERSECTION                                  ,,ANGLE (FRONT TO SIDE) (OTHER THAN LEFT TURN)           ,                         ,TPD_TRAFFIC_INCIDENTS,,,,,,
992524.62007873877883,444717.56003937125206,4259,1303290453  ,161076,2,2013-03-29T00:00:00.000Z,1546,FRI,0,0,0,3104      ,3104-INJURY TRAFFIC ACCIDENT/BICYCLE                   ,992524.62,444717.56,E CORRAL ST                   ,INSIDE                                                 ,TUCSON              ,Approximately,2    ,Feet,E ,From,S STONE AV                    ,        ,E ,CORRAL                                  ,ST  ,S ,STONE                                   ,AV  ,DAYLIGHT                                               ,CLEAR                                                  ,                         ,NON-CONTROLLED ACCESS - INTERSECTION (WITHIN)          ,FOUR-WAY INTERSECTION                                  ,"2-WAY, NOT DIVIDED                                     ",ANGLE (FRONT TO SIDE) (OTHER THAN LEFT TURN)           ,                         ,TPD_TRAFFIC_INCIDENTS,,,,,,
995324.0,466672.62007874250412,4296,1509160424  ,178278,2,2015-09-16T00:00:00.000Z,1834,WED,0,0,0,3204      ,3204-PROP DMG TRAF ACCIDENT/BICYCLE                    ,995324,466672.62,E ROGER RD                    ,INSIDE                                                 ,TUCSON              ,N/A,     ,N/A,  ,At,N 1ST AV                      ,        ,N ,1ST                                     ,AV  ,E ,ROGER                                   ,RD  ,DARK-LIGHTED                                           ,CLEAR                                                  ,                         ,NON-CONTROLLED ACCESS - INTERSECTION (WITHIN)          ,FOUR-WAY INTERSECTION                                  ,"2-WAY, NOT DIVIDED WITH CONT LEFT TURN LANE            ",SINGLE VEHICLE                                         ,                         ,TPD_TRAFFIC_INCIDENTS,,,,,,
1003824.37007873877883,419230.950131230056286,4340,1603140306  ,182516,2,2016-03-14T00:00:00.000Z,1400,MON,0,0,0,3104      ,3104-INJURY TRAFFIC ACCIDENT/BICYCLE                   ,1003824.37,419230.95,TUCSON BL S                   ,INSIDE                                                 ,TUCSON              ,Approximately,200  ,Feet,S ,From,DREXEL RD E                   ,        ,E ,DREXEL                                  ,RD  ,S ,TUCSON                                  ,BL  ,DAYLIGHT                                               ,CLEAR                                                  ,                         ,NON-CONTROLLED ACCESS - DRIVEWAY                       ,FOUR-WAY INTERSECTION                                  ,"2-WAY, DIVIDED, UNPROT (PAINTED > 4 FEET) MEDIAN       ",SINGLE VEHICLE                                         ,                         ,TPD_TRAFFIC_INCIDENTS,,,,,,