X,Y,OBJECTID,acci_id,tamainid,numunits,AccidentDate,AccidentTime,DayOfWeek,WasFatal,WasHitAndRun,TransImmedMedCare,UCRCode,UCRDescription,CoordX,CoordY,Location,Inside_Outside,City,Accuracy,Distance,Units,Direction,From_At,IntersectingStreet,AddrNumber,AddrDirection,AddrStreetName,AddrStreetNameSuffix,CrossStreetDirection,CrossStreetName,CrossStreetSuffix,LightConditionDescription,WeatherDescription,WeatherOther,RelationDescription,IntersectionTypeDescription,RoadConfigurationDescription,MannerOfCrashDescription,MannerOfCrashOther,DATASOURCE,URL,F7Days,F28Days,COMPSTAT_28D,WEEKLY_7D,AccidentDateTime
1035241.62007873877883,451119.75,4355,1703070405  ,191741,2,2017-03-07T00:00:00.000Z,1601,TUE,0,0,0,3104      ,3104-INJURY TRAFFIC ACCIDENT/BICYCLE                   ,1035241.62,451119.75,SPEEDWAY BL E                 ,INSIDE                                                 ,TUCSON              ,Approximately,.1   ,Miles,W ,From,PRUDENCE RD N                 ,        ,N ,PRUDENCE                                ,RD  ,E ,SPEEDWAY                                ,BL  ,DAYLIGHT                                               ,CLEAR                                                  ,                         ,NON-CONTROLLED ACCESS - DRIVEWAY                       ,T-INTERSECTION                                         ,"2-WAY, DIVIDED, UNPROT (PAINTED > 4 FEET) MEDIAN       ",SINGLE VEHICLE                                         ,                         ,TPD_TRAFFIC_INCIDENTS,\\central\data\Transportation\Traffic\Accident Data\2017\1703070405.pdf,,,,,
1027307.06003937125206,456532.12992125749588,4391,1702130532  ,191132,2,2017-02-13T00:00:00.000Z,1830,MON,0,1,0,3114      ,3114-INJURY TRAF ACCIDENT/HIT & RUN/BICYCLE            ,1027307.06,456532.13,GRANT RD E                    ,,TUCSON              ,N/A,     ,N/A,  ,At,WILMOT RD N                   ,        ,E ,GRANT                                   ,RD  ,N ,WILMOT                                  ,RD  ,DARK-LIGHTED                                           ,CLEAR                                                  ,                         ,NON-CONTROLLED ACCESS - INTERSECTION (WITHIN)          ,FOUR-WAY INTERSECTION                                  ,"2-WAY, DIVIDED, UNPROT (PAINTED > 4 FEET) MEDIAN       ",SINGLE VEHICLE                                         ,                         ,TPD_TRAFFIC_INCIDENTS,\\central\data\Transportation\Traffic\Accident Data\2017\1702130532.pdf,,,,,
1024641.029855642467737,451233.479986876249313,4417,1801200111  ,199608,2,2018-01-20T00:00:00.000Z,0340,SAT,0,1,0,3114      ,3114-INJURY TRAF ACCIDENT/HIT & RUN/BICYCLE            ,1024641.03,451233.48,E SPEEDWAY BL                 ,INSIDE                                                 ,TUCSON              ,Approximately,50   ,Feet,E ,From,N SAHUARA AV                  ,        ,N ,SAHUARA                                 ,AV  ,E ,SPEEDWAY                                ,BL  ,DARK-LIGHTED                                           ,CLEAR                                                  ,                         ,NOT JUNCTION RELATED                                   ,,"2-WAY, DIVIDED, UNPROT (PAINTED > 4 FEET) MEDIAN       ",OTHER                                                  ,PEDALCYCLE               ,TPD_TRAFFIC_INCIDENTS,\\central\data\Transportation\Traffic\Accident Data\2018\1801200111.pdf,,,,,
1037957.839895013719797,445836.06988188624382,4444,1904031401  ,209715,2,2019-04-02T00:00:00.000Z,2220,TUE,0,0,0,3104      ,3104-INJURY TRAFFIC ACCIDENT/BICYCLE                   ,1037957.84,445836.07,N PANTANO RD                  ,INSIDE                                                 ,TUCSON              ,Approximately,7    ,Feet,S ,From,E BROADWAY BL                 ,        ,E ,BROADWAY                                ,BL  ,N ,PANTANO                                 ,RD  ,DARK-LIGHTED                                           ,CLEAR                                                  ,                         ,NON-CONTROLLED ACCESS - INTERSECTION-RELATED           ,FOUR-WAY INTERSECTION                                  ,"2-WAY, DIVIDED, UNPROT (PAINTED > 4 FEET) MEDIAN       ",OTHER                                                  ,PEDALCYCLE               ,TPD_TRAFFIC_INCIDENTS,\\central\data\Transportation\Traffic\Accident Data\2019\1904031401.pdf,,,,,
993181.56003937125206,445793.990157477557659,4532,1406200076  ,169568,2,2014-06-20T00:00:00.000Z,0440,FRI,0,0,0,3104      ,3104-INJURY TRAFFIC ACCIDENT/BICYCLE                   ,993181.56,445793.99,E CONGRESS ST                 ,INSIDE                                                 ,TUCSON              ,N/A,     ,N/A,  ,At,N 6TH AV                      ,        ,N ,6TH                                     ,AV  ,E ,CONGRESS                                ,ST  ,DAWN                                                   ,CLEAR                                                  ,                         ,NON-CONTROLLED ACCESS - INTERSECTION-RELATED           ,FOUR-WAY INTERSECTION                                  ,ONE WAY TRAFFICWAY                                     ,ANGLE (FRONT TO SIDE) (OTHER THAN LEFT TURN)           ,                         ,TPD_TRAFFIC_INCIDENTS,,,,,,
1043174.979986876249313,451166.160104990005493,4567,1903310193  ,209637,2,2019-03-31T00:00:00.000Z,0852,SUN,0,0,0,3104      ,3104-INJURY TRAFFIC ACCIDENT/BICYCLE                   ,1043174.98,451166.16,SPEEDWAY BL                   ,INSIDE                                                 ,TUCSON              ,Approximately,1000 ,Feet,W ,From,CAMINO SECO                   ,        ,N ,CAMINO SECO                             ,    ,E ,SPEEDWAY                                ,BL  ,DAYLIGHT                                               ,CLEAR                                                  ,                         ,NOT JUNCTION RELATED                                   ,,"2-WAY, DIVIDED, UNPROT (PAINTED > 4 FEET) MEDIAN       ",OTHER                                                  ,PEDALCYCLE               ,TPD_TRAFFIC_INCIDENTS,\\central\data\Transportation\Traffic\Accident Data\2019\1903310193.pdf,,,,,
995324.0,466672.62007874250412,4641,1306070106  ,162512,2,2013-06-07T00:00:00.000Z,0815,FRI,0,0,0,3104      ,3104-INJURY TRAFFIC ACCIDENT/BICYCLE                   ,995324,466672.62,N 1ST AV                      ,INSIDE                                                 ,TUCSON              ,N/A,     ,N/A,  ,At,E ROGER RD                    ,        ,N ,1ST                                     ,AV  ,E ,ROGER                                   ,RD  ,DAYLIGHT                                               ,CLEAR                                                  ,                         ,NOT JUNCTION RELATED                                   ,FOUR-WAY INTERSECTION                                  ,,"SIDESWIPE, SAME DIRECTION                              ",                         ,TPD_TRAFFIC_INCIDENTS,,,,,,
993187.06003937125206,445491.5,4661,1605280472  ,184383,3,2016-05-28T00:00:00.000Z,1858,SAT,0,1,0,3114      ,3114-INJURY TRAF ACCIDENT/HIT & RUN/BICYCLE            ,993187.06,445491.5,BROADWAY BL E                 ,INSIDE                                                 ,TUCSON              ,N/A,     ,N/A,  ,At,6TH AV S                      ,        ,S ,6TH                                     ,AV  ,E ,BROADWAY                                ,BL  ,DAYLIGHT                                               ,CLEAR                                                  ,                         ,NON-CONTROLLED ACCESS - INTERSECTION (WITHIN)          ,FOUR-WAY INTERSECTION                                  ,ONE WAY TRAFFICWAY                                     ,SINGLE VEHICLE                                         ,                         ,TPD_TRAFFIC_INCIDENTS,\\central\data\Transportation\Traffic\Accident Data\2016\1605280472.pdf,,,,,
1016824.529855642467737,440529.459973752498627,4753,1405130570  ,168943,2,2014-05-13T00:00:00.000Z,2350,TUE,0,1,0,3114      ,3114-INJURY TRAF ACCIDENT/HIT & RUN/BICYCLE            ,1016824.53,440529.46,E 22ND ST                     ,INSIDE                                                 ,TUCSON              ,N/A,     ,N/A,  ,At,S SWAN RD                     ,        ,E ,22ND                                    ,ST  ,S ,SWAN                                    ,RD  ,DARK-LIGHTED                                           ,CLEAR                                                  ,                         ,NON-CONTROLLED ACCESS - INTERSECTION (WITHIN)          ,FOUR-WAY INTERSECTION                                  ,"2-WAY, DIVIDED POSITIVE MEDIAN BARRIER                 ",ANGLE (FRONT TO SIDE) (OTHER THAN LEFT TURN)           ,                         ,TPD_TRAFFIC_INCIDENTS,,,,,,
997949.37007873877883,448153.56003937125206,4766,1303040006  ,160702,2,2013-03-04T00:00:00.000Z,1057,MON,0,0,0,3104      ,3104-INJURY TRAFFIC ACCIDENT/BICYCLE                   ,997949.37,448153.56,E LOWELL ST                   ,INSIDE                                                 ,TUCSON              ,Approximately,500  ,Feet,E ,From,N PARK AVE                    ,1201    ,E ,6TH                                     ,ST  ,  ,                                        ,    ,DAYLIGHT                                               ,CLEAR                                                  ,                         ,NOT JUNCTION RELATED                                   ,,"2-WAY, NOT DIVIDED                                     ",ANGLE (FRONT TO SIDE) (OTHER THAN LEFT TURN)           ,                         ,TPD_TRAFFIC_INCIDENTS,,,,,,
982833.31003937125206,432546.06003937125206,4779,1906230430  ,211592,2,2019-06-23T00:00:00.000Z,1653,SUN,0,0,1,3104      ,3104-INJURY TRAFFIC ACCIDENT/BICYCLE                   ,982833.31,432546.06,S MISSION RD                  ,INSIDE                                                 ,TUCSON              ,Approximately,500  ,Feet,N ,From,W DONNY BROOK RD              ,        ,W ,DONNY BROOK                             ,RD  ,S ,MISSION                                 ,RD  ,DAYLIGHT                                               ,CLEAR                                                  ,                         ,NOT JUNCTION RELATED                                   ,,"2-WAY, DIVIDED, UNPROT (PAINTED > 4 FEET) MEDIAN       ",,PEDALCYCLE               ,TPD_TRAFFIC_INCIDENTS,\\central\data\Transportation\Traffic\Accident Data\2019\1906230430.pdf,,,,,
1016772.520013123750687,445822.140091866254807,4796,1708100287  ,195536,2,2017-08-10T00:00:00.000Z,1059,THU,0,0,0,3104      ,3104-INJURY TRAFFIC ACCIDENT/BICYCLE                   ,1016772.52,445822.14,SWAN RD N                     ,INSIDE                                                 ,TUCSON              ,Approximately,50   ,Feet,S ,From,BROADWAY BL E                 ,        ,E ,BROADWAY                                ,BL  ,N ,SWAN                                    ,RD  ,DAYLIGHT                                               ,CLOUDY                                                 ,                         ,NOT JUNCTION RELATED                                   ,,"2-WAY, DIVIDED, UNPROT (PAINTED > 4 FEET) MEDIAN       ",SINGLE VEHICLE                                         ,                         ,TPD_TRAFFIC_INCIDENTS,\\central\data\Transportation\Traffic\Accident Data\2017\1708100287.pdf,,,,,
977196.25,446727.0,4898,1705250534  ,193898,2,2017-05-25T00:00:00.000Z,2047,THU,0,0,0,3104      ,3104-INJURY TRAFFIC ACCIDENT/BICYCLE                   ,977196.25,446727,ANKLAM RD W                   ,INSIDE                                                 ,TUCSON              ,N/A,     ,N/A,  ,At,GREASEWOOD RD N               ,        ,W ,ANKLAM                                  ,RD  ,N ,GREASEWOOD                              ,RD  ,DARK-LIGHTED                                           ,CLEAR                                                  ,                         ,NON-CONTROLLED ACCESS - INTERSECTION (WITHIN)          ,FOUR-WAY INTERSECTION                                  ,"2-WAY, NOT DIVIDED WITH CONT LEFT TURN LANE            ",SINGLE VEHICLE                                         ,                         ,TPD_TRAFFIC_INCIDENTS,\\central\data\Transportation\Traffic\Accident Data\2017\1705250534.pdf,,,,,
987597.5,448535.779855646193027,4938,1301240123  ,160012,2,2013-01-24T00:00:00.000Z,0800,THU,0,0,1,3104      ,3104-INJURY TRAFFIC ACCIDENT/BICYCLE                   ,987597.5,448535.78,W ST MARYS RD                 ,INSIDE                                                 ,TUCSON              ,N/A,     ,N/A,  ,At,N BONITA AVE                  ,        ,N ,BONITA                                  ,AV  ,W ,SAINT MARYS                             ,RD  ,DAYLIGHT                                               ,CLEAR                                                  ,                         ,NON-CONTROLLED ACCESS - INTERSECTION (WITHIN)          ,T-INTERSECTION                                         ,"2-WAY, NOT DIVIDED WITH CONT LEFT TURN LANE            ",ANGLE (FRONT TO SIDE) (OTHER THAN LEFT TURN)           ,                         ,TPD_TRAFFIC_INCIDENTS,,,,,,
1010258.5,449786.81003937125206,4943,1211200330  ,159033,1,2012-11-20T00:00:00.000Z,1423,TUE,0,1,0,3114      ,3114-INJURY TRAF ACCIDENT/HIT & RUN/BICYCLE            ,1010258.5,449786.81,E 3RD                         ,INSIDE                                                 ,TUCSON              ,Approximately,100  ,Feet,E ,From,N DODGE                       ,        ,E ,3RD                                     ,ST  ,N ,DODGE                                   ,BL  ,DAYLIGHT                                               ,CLEAR                                                  ,                         ,NON-CONTROLLED ACCESS - INTERSECTION (WITHIN)          ,FOUR-WAY INTERSECTION                                  ,ONE WAY TRAFFICWAY                                     ,REAR END (FRONT TO REAR)                               ,                         ,TPD_TRAFFIC_INCIDENTS,,,,,,
997607.5,449730.0,4946,1503040007  ,174469,2,2015-03-04T00:00:00.000Z,1219,WED,0,0,0,3204      ,3204-PROP DMG TRAF ACCIDENT/BICYCLE                    ,997607.5,449730,JAMES E. ROGERS PL            ,INSIDE                                                 ,TUCSON              ,N/A,     ,N/A,  ,At,SANTA RITA AVE                ,1110    ,E ,JAMES E ROGERS                          ,WY  ,  ,                                        ,    ,DAYLIGHT                                               ,CLEAR                                                  ,                         ,CONTROLLED ACCESS - INTERSECTION (WITHIN)              ,FOUR-WAY INTERSECTION                                  ,UNKNOWN                                                ,ANGLE (FRONT TO SIDE) (OTHER THAN LEFT TURN)           ,                         ,TPD_TRAFFIC_INCIDENTS,,,,,,
1001179.62007873877883,424500.0,6033,1610150289  ,187881,2,2016-10-15T00:00:00.000Z,1247,SAT,0,0,1,3104      ,3104-INJURY TRAFFIC ACCIDENT/BICYCLE                   ,1001179.62,424500,CAMPBELL AV S                 ,INSIDE                                                 ,TUCSON              ,Approximately,100  ,Feet,N ,From,IRVINGTON RD E                ,        ,S ,CAMPBELL                                ,AV  ,E ,IRVINGTON                               ,RD  ,DAYLIGHT                                               ,CLEAR                                                  ,                         ,NON-CONTROLLED ACCESS - DRIVEWAY                       ,FOUR-WAY INTERSECTION                                  ,"2-WAY, NOT DIVIDED WITH CONT LEFT TURN LANE            ",SINGLE VEHICLE                                         ,                         ,TPD_TRAFFIC_INCIDENTS,\\central\data\Transportation\Traffic\Accident Data\2016\1610150289.pdf,,,,,
1001179.62007873877883,424500.0,6048,1711190232  ,198155,2,2017-11-19T00:00:00.000Z,0943,SUN,0,1,0,3114      ,3114-INJURY TRAF ACCIDENT/HIT & RUN/BICYCLE            ,1001179.62,424500,CAMPBELL AV S                 ,INSIDE                                                 ,TUCSON              ,Approximately,250  ,Feet,N ,From,IRVINGTON RD E                ,        ,S ,CAMPBELL                                ,AV  ,E ,IRVINGTON                               ,RD  ,DAYLIGHT                                               ,CLEAR                                                  ,                         ,NON-CONTROLLED ACCESS - DRIVEWAY                       ,FOUR-WAY INTERSECTION                                  ,"2-WAY, NOT DIVIDED WITH CONT LEFT TURN LANE            ",OTHER                                                  ,PEDALCYCLIST             ,TPD_TRAFFIC_INCIDENTS,\\central\data\Transportation\Traffic\Accident Data\2017\1711190232.pdf,,,,,
1016636.62007873877883,451173.209973752498627,6067,1709180098  ,196541,2,2017-09-18T00:00:00.000Z,0522,MON,0,0,0,3104      ,3104-INJURY TRAFFIC ACCIDENT/BICYCLE                   ,1016636.62,451173.21,SPEEDWAY BL E                 ,INSIDE                                                 ,TUCSON              ,Approximately,500  ,Feet,W ,From,SWAN RD N                     ,        ,E ,SPEEDWAY                                ,BL  ,N ,SWAN                                    ,RD  ,DAWN                                                   ,CLEAR                                                  ,                         ,NOT JUNCTION RELATED                                   ,,"2-WAY, DIVIDED, UNPROT (PAINTED > 4 FEET) MEDIAN       ",SINGLE VEHICLE                                         ,                         ,TPD_TRAFFIC_INCIDENTS,\\central\data\Transportation\Traffic\Accident Data\2017\1709180098.pdf,,,,,
1016636.62007873877883,451173.209973752498627,6085,1607260472  ,185709,2,2016-07-26T00:00:00.000Z,1721,TUE,0,1,0,3114      ,3114-INJURY TRAF ACCIDENT/HIT & RUN/BICYCLE            ,1016636.62,451173.21,E SPEEDWAY BL                 ,INSIDE                                                 ,TUCSON              ,N/A,     ,N/A,  ,At,N SWAN RD                     ,        ,E ,SPEEDWAY                                ,BL  ,N ,SWAN                                    ,RD  ,DAYLIGHT                                               ,CLEAR                                                  ,                         ,NON-CONTROLLED ACCESS - INTERSECTION (WITHIN)          ,FOUR-WAY INTERSECTION                                  ,"2-WAY, DIVIDED, UNPROT (PAINTED > 4 FEET) MEDIAN       ",SINGLE VEHICLE                                         ,                         ,TPD_TRAFFIC_INCIDENTS,\\central\data\Transportation\Traffic\Accident Data\2016\1607260472.pdf,,,,,
1016636.62007873877883,451173.209973752498627,6090,1508180153  ,177667,2,2015-08-18T00:00:00.000Z,1052,TUE,0,0,1,3104      ,3104-INJURY TRAFFIC ACCIDENT/BICYCLE                   ,1016636.62,451173.21,E SPEEDWAY BL                 ,INSIDE                                                 ,TUCSON              ,Approximately,50   ,Feet,W ,From,N SWAN RD                     ,        ,E ,SPEEDWAY                                ,BL  ,N ,SWAN                                    ,RD  ,DAYLIGHT                                               ,CLEAR                                                  ,                         ,NOT JUNCTION RELATED                                   ,,"2-WAY, DIVIDED, UNPROT (PAINTED > 4 FEET) MEDIAN       ",SINGLE VEHICLE                                         ,                         ,TPD_TRAFFIC_INCIDENTS,,,,,,
1016636.62007873877883,451173.209973752498627,6091,1509170073  ,178289,2,2015-09-17T00:00:00.000Z,0246,THU,0,0,1,3104      ,3104-INJURY TRAFFIC ACCIDENT/BICYCLE                   ,1016636.62,451173.21,SPEEDWAY BL E                 ,INSIDE                                                 ,TUCSON              ,Approximately,30   ,Feet,E ,From,SWAN RD N                     ,        ,E ,SPEEDWAY                                ,BL  ,N ,SWAN                                    ,RD  ,DARK-LIGHTED                                           ,CLEAR                                                  ,                         ,NON-CONTROLLED ACCESS - DRIVEWAY                       ,FOUR-WAY INTERSECTION                                  ,"2-WAY, DIVIDED, UNPROT (PAINTED > 4 FEET) MEDIAN       ",SINGLE VEHICLE                                         ,                         ,TPD_TRAFFIC_INCIDENTS,,,,,,
1016636.62007873877883,451173.209973752498627,6110,1308080463  ,163699,2,2013-08-08T00:00:00.000Z,1830,THU,0,0,0,3104      ,3104-INJURY TRAFFIC ACCIDENT/BICYCLE                   ,1016636.62,451173.21,E SPEEDWAY BL                 ,INSIDE                                                 ,TUCSON              ,N/A,     ,N/A,  ,From,N SWAN RD                     ,        ,E ,SPEEDWAY                                ,BL  ,N ,SWAN                                    ,RD  ,DAYLIGHT                                               ,CLEAR                                                  ,                         ,NOT JUNCTION RELATED                                   ,UNKNOWN                                                ,"2-WAY, DIVIDED POSITIVE MEDIAN BARRIER                 ","SIDESWIPE, SAME DIRECTION                              ",                         ,TPD_TRAFFIC_INCIDENTS,,,,,,
1016636.62007873877883,451173.209973752498627,6114,1304060485  ,161254,2,2013-04-06T00:00:00.000Z,1748,SAT,0,0,0,3104      ,3104-INJURY TRAFFIC ACCIDENT/BICYCLE                   ,1016636.62,451173.21,E SPEEDWAY BL                 ,INSIDE                                                 ,TUCSON              ,N/A,     ,N/A,  ,At,N SWAN RD                     ,        ,E ,SPEEDWAY                                ,BL  ,N ,SWAN                                    ,RD  ,DAYLIGHT                                               ,CLEAR                                                  ,                         ,NOT JUNCTION RELATED                                   ,,"2-WAY, DIVIDED POSITIVE MEDIAN BARRIER                 ","SIDESWIPE, SAME DIRECTION                              ",                         ,TPD_TRAFFIC_INCIDENTS,,,,,,
984797.62007873877883,456052.020013123750687,6185,1710250467  ,197509,2,2017-10-25T00:00:00.000Z,1638,WED,0,0,1,3104      ,3104-INJURY TRAFFIC ACCIDENT/BICYCLE                   ,984797.62,456052.02,GRANT RD W                    ,INSIDE                                                 ,TUCSON              ,N/A,     ,N/A,  ,At,FORBES BL N                   ,        ,N ,FORBES                                  ,BL  ,W ,GRANT                                   ,RD  ,DAYLIGHT                                               ,CLEAR                                                  ,                         ,NON-CONTROLLED ACCESS - INTERSECTION (WITHIN)          ,FOUR-WAY INTERSECTION                                  ,"2-WAY, DIVIDED, UNPROT (PAINTED > 4 FEET) MEDIAN       ",SINGLE VEHICLE                                         ,                         ,TPD_TRAFFIC_INCIDENTS,\\central\data\Transportation\Traffic\Accident Data\2017\1710250467.pdf,,,,,
1022077.25,445912.089895009994507,6244,1208070151  ,157516,2,2012-08-07T00:00:00.000Z,1631,TUE,0,0,0,3104      ,3104-INJURY TRAFFIC ACCIDENT/BICYCLE                   ,1022077.25,445912.09,E BROADWAY BL                 ,INSIDE                                                 ,TUCSON              ,Approximately,50   ,Feet,W ,From,N CRAYCROFT RD                ,        ,E ,BROADWAY                                ,BL  ,N ,CRAYCROFT                               ,RD  ,DAYLIGHT                                               ,CLEAR                                                  ,                         ,NOT JUNCTION RELATED                                   ,,"2-WAY, DIVIDED POSITIVE MEDIAN BARRIER                 ","SIDESWIPE, SAME DIRECTION                              ",                         ,TPD_TRAFFIC_INCIDENTS,,,,,,
1022077.25,445912.089895009994507,6253,1609110356  ,186948,2,2016-09-11T00:00:00.000Z,1610,SUN,0,0,1,3104      ,3104-INJURY TRAFFIC ACCIDENT/BICYCLE                   ,1022077.25,445912.09,BROADWAY BL E                 ,INSIDE                                                 ,TUCSON              ,Approximately,UNK  ,Feet,E ,From,CRAYCROFT RD N                ,        ,E ,BROADWAY                                ,BL  ,N ,CRAYCROFT                               ,RD  ,DAYLIGHT                                               ,CLEAR                                                  ,                         ,NOT JUNCTION RELATED                                   ,,"2-WAY, DIVIDED, UNPROT (PAINTED > 4 FEET) MEDIAN       ",SINGLE VEHICLE                                         ,                         ,TPD_TRAFFIC_INCIDENTS,\\central\data\Transportation\Traffic\Accident Data\2016\1609110356.pdf,,,,,
988774.5,421683.5,6281,1509300431  ,178622,2,2015-09-30T00:00:00.000Z,1756,WED,0,0,0,3104      ,3104-INJURY TRAFFIC ACCIDENT/BICYCLE                   ,988774.5,421683.5,NEBRASKA ST W                 ,INSIDE                                                 ,TUCSON              ,N/A,     ,N/A,  ,At,CANADA DR S                   ,        ,S ,CANADA                                  ,DR  ,W ,NEBRASKA                                ,ST  ,DAWN                                                   ,CLEAR                                                  ,                         ,NON-CONTROLLED ACCESS - INTERSECTION (WITHIN)          ,T-INTERSECTION                                         ,"2-WAY, NOT DIVIDED                                     ",SINGLE VEHICLE                                         ,                         ,TPD_TRAFFIC_INCIDENTS,,,,,,
1019284.31003937125206,451193.979986876249313,6286,1509240272  ,178491,2,2015-09-24T00:00:00.000Z,1248,THU,0,0,1,3104      ,3104-INJURY TRAFFIC ACCIDENT/BICYCLE                   ,1019284.31,451193.98,SPEEDWAY BL E                 ,INSIDE                                                 ,TUCSON              ,N/A,     ,N/A,  ,At,ROSEMONT BL N                 ,        ,N ,ROSEMONT                                ,BL  ,E ,SPEEDWAY                                ,BL  ,DAYLIGHT                                               ,CLEAR                                                  ,                         ,NON-CONTROLLED ACCESS - INTERSECTION (WITHIN)          ,FOUR-WAY INTERSECTION                                  ,"2-WAY, DIVIDED, UNPROT (PAINTED > 4 FEET) MEDIAN       ",SINGLE VEHICLE                                         ,                         ,TPD_TRAFFIC_INCIDENTS,,,,,,
997132.06003937125206,429765.37007874250412,6335,1703080140  ,191758,2,2017-03-08T00:00:00.000Z,0857,WED,0,0,0,3104      ,3104-INJURY TRAFFIC ACCIDENT/BICYCLE                   ,997132.06,429765.37,PARK AV S                     ,INSIDE                                                 ,TUCSON              ,Approximately,UNK  ,Feet,N ,From,AJO WY E                      ,        ,E ,AJO                                     ,WY  ,S ,PARK                                    ,AV  ,DAYLIGHT                                               ,CLEAR                                                  ,                         ,NON-CONTROLLED ACCESS - INTERSECTION-RELATED           ,FOUR-WAY INTERSECTION                                  ,"2-WAY, NOT DIVIDED WITH CONT LEFT TURN LANE            ",SINGLE VEHICLE                                         ,                         ,TPD_TRAFFIC_INCIDENTS,\\central\data\Transportation\Traffic\Accident Data\2017\1703080140.pdf,,,,,
997132.06003937125206,429765.37007874250412,6343,1706160085  ,194328,2,2017-06-16T00:00:00.000Z,0535,FRI,0,0,0,3104      ,3104-INJURY TRAFFIC ACCIDENT/BICYCLE                   ,997132.06,429765.37,PARK AV S                     ,INSIDE                                                 ,TUCSON              ,Approximately,UNK  ,Feet,S ,From,AJO WY E                      ,        ,E ,AJO                                     ,WY  ,S ,PARK                                    ,AV  ,DAYLIGHT                                               ,CLEAR                                                  ,                         ,NON-CONTROLLED ACCESS - INTERSECTION-RELATED           ,FOUR-WAY INTERSECTION                                  ,"2-WAY, NOT DIVIDED WITH CONT LEFT TURN LANE            ",SINGLE VEHICLE                                         ,                         ,TPD_TRAFFIC_INCIDENTS,\\central\data\Transportation\Traffic\Accident Data\2017\1706160085.pdf,,,,,
992065.279855642467737,456082.279855646193027,6381,1612080156  ,189371,2,2016-12-08T00:00:00.000Z,1016,THU,0,0,0,3104      ,3104-INJURY TRAFFIC ACCIDENT/BICYCLE                   ,992065.28,456082.28,STONE AV N                    ,INSIDE                                                 ,TUCSON              ,N/A,     ,N/A,  ,At,GRANT RD E                    ,        ,E ,GRANT                                   ,RD  ,N ,STONE                                   ,AV  ,DAYLIGHT                                               ,CLEAR                                                  ,                         ,NON-CONTROLLED ACCESS - INTERSECTION (WITHIN)          ,FOUR-WAY INTERSECTION                                  ,"2-WAY, NOT DIVIDED WITH CONT LEFT TURN LANE            ",SINGLE VEHICLE                                         ,                         ,TPD_TRAFFIC_INCIDENTS,\\central\data\Transportation\Traffic\Accident Data\2016\1612080156.pdf,,,,,
992065.279855642467737,456082.279855646193027,6384,1711110470  ,197957,2,2017-11-11T00:00:00.000Z,2046,SAT,0,1,0,3114      ,3114-INJURY TRAF ACCIDENT/HIT & RUN/BICYCLE            ,992065.28,456082.28,GRANT RD E                    ,INSIDE                                                 ,TUCSON              ,Approximately,UNK  ,Feet,W ,From,STONE AV N                    ,        ,E ,GRANT                                   ,RD  ,N ,STONE                                   ,AV  ,DARK-LIGHTED                                           ,CLEAR                                                  ,                         ,NOT JUNCTION RELATED                                   ,,"2-WAY, NOT DIVIDED WITH CONT LEFT TURN LANE            ",OTHER                                                  ,PEDALCYCLIST             ,TPD_TRAFFIC_INCIDENTS,\\central\data\Transportation\Traffic\Accident Data\2017\1711110470.pdf,,,,,
1006618.529855642467737,413936.919947504997253,6402,1709210550  ,196648,2,2017-09-21T00:00:00.000Z,1817,THU,0,0,0,3204      ,3204-PROP DMG TRAF ACCIDENT/BICYCLE                    ,1006618.53,413936.92,VALENCIA RD E                 ,,TUCSON              ,N/A,     ,N/A,  ,At,COUNTRY CLUB RD S             ,        ,S ,COUNTRY CLUB                            ,RD  ,E ,VALENCIA                                ,RD  ,DAYLIGHT                                               ,CLEAR                                                  ,                         ,NON-CONTROLLED ACCESS - INTERSECTION (WITHIN)          ,FOUR-WAY INTERSECTION                                  ,"2-WAY, DIVIDED, UNPROT (PAINTED > 4 FEET) MEDIAN       ",OTHER                                                  ,PEDALCYCLE               ,TPD_TRAFFIC_INCIDENTS,\\central\data\Transportation\Traffic\Accident Data\2017\1709210550.pdf,,,,,
994096.87007873877883,447881.950131230056286,6501,1309190461  ,164577,2,2013-09-19T00:00:00.000Z,1805,THU,0,0,0,3204      ,3204-PROP DMG TRAF ACCIDENT/BICYCLE                    ,994096.87,447881.95,E 6TH ST                      ,INSIDE                                                 ,TUCSON              ,N/A,     ,N/A,  ,At,N 4TH AV                      ,        ,N ,4TH                                     ,AV  ,E ,6TH                                     ,ST  ,DUSK                                                   ,CLEAR                                                  ,                         ,NON-CONTROLLED ACCESS - INTERSECTION (WITHIN)          ,FOUR-WAY INTERSECTION                                  ,"2-WAY, NOT DIVIDED WITH CONT LEFT TURN LANE            ",ANGLE (FRONT TO SIDE) (OTHER THAN LEFT TURN)           ,                         ,TPD_TRAFFIC_INCIDENTS,,,,,,
994096.87007873877883,447881.950131230056286,6509,1711140146  ,198006,2,2017-11-14T00:00:00.000Z,0742,TUE,0,0,1,3104      ,3104-INJURY TRAFFIC ACCIDENT/BICYCLE                   ,994096.87,447881.95,4TH AV N                      ,INSIDE                                                 ,TUCSON              ,N/A,     ,N/A,  ,At,6TH ST E                      ,        ,N ,4TH                                     ,AV  ,E ,6TH                                     ,ST  ,DAYLIGHT                                               ,CLEAR                                                  ,                         ,NON-CONTROLLED ACCESS - INTERSECTION (WITHIN)          ,FOUR-WAY INTERSECTION                                  ,"2-WAY, NOT DIVIDED WITH CONT LEFT TURN LANE            ",OTHER                                                  ,PEDALCYCLIST             ,TPD_TRAFFIC_INCIDENTS,\\central\data\Transportation\Traffic\Accident Data\2017\1711140146.pdf,,,,,