X,Y,OBJECTID,acci_id,tamainid,numunits,AccidentDate,AccidentTime,DayOfWeek,WasFatal,WasHitAndRun,TransImmedMedCare,UCRCode,UCRDescription,CoordX,CoordY,Location,Inside_Outside,City,Accuracy,Distance,Units,Direction,From_At,IntersectingStreet,AddrNumber,AddrDirection,AddrStreetName,AddrStreetNameSuffix,CrossStreetDirection,CrossStreetName,CrossStreetSuffix,LightConditionDescription,WeatherDescription,WeatherOther,RelationDescription,IntersectionTypeDescription,RoadConfigurationDescription,MannerOfCrashDescription,MannerOfCrashOther,DATASOURCE,URL,F7Days,F28Days,COMPSTAT_28D,WEEKLY_7D,AccidentDateTime
994096.87007873877883,447881.950131230056286,6521,1702090424  ,190988,2,2017-02-09T00:00:00.000Z,1522,THU,0,0,0,3104      ,3104-INJURY TRAFFIC ACCIDENT/BICYCLE                   ,994096.87,447881.95,4TH AV N                      ,INSIDE                                                 ,TUCSON              ,Approximately,20   ,Feet,S ,From,6TH ST E                      ,        ,N ,4TH                                     ,AV  ,E ,6TH                                     ,ST  ,DAYLIGHT                                               ,CLEAR                                                  ,                         ,NOT JUNCTION RELATED                                   ,,"2-WAY, NOT DIVIDED WITH CONT LEFT TURN LANE            ",SINGLE VEHICLE                                         ,                         ,TPD_TRAFFIC_INCIDENTS,\\central\data\Transportation\Traffic\Accident Data\2017\1702090424.pdf,,,,,
994096.87007873877883,447881.950131230056286,6522,1309170429  ,164522,2,2013-09-17T00:00:00.000Z,1853,TUE,0,0,0,3104      ,3104-INJURY TRAFFIC ACCIDENT/BICYCLE                   ,994096.87,447881.95,N 4TH AV                      ,INSIDE                                                 ,TUCSON              ,N/A,     ,N/A,  ,At,E 6TH ST                      ,        ,N ,4TH                                     ,AV  ,E ,6TH                                     ,ST  ,DARK-LIGHTED                                           ,CLEAR                                                  ,                         ,NON-CONTROLLED ACCESS - INTERSECTION (WITHIN)          ,FOUR-WAY INTERSECTION                                  ,"2-WAY, NOT DIVIDED WITH CONT LEFT TURN LANE            ",LEFT TURN                                              ,                         ,TPD_TRAFFIC_INCIDENTS,,,,,,
986512.779855642467737,437549.31003937125206,6558,1504200143  ,175392,2,2015-04-20T00:00:00.000Z,0838,MON,1,0,1,3004      ,3004-FATAL TRAFFIC ACCIDENT/BICYCLE                    ,986512.78,437549.31,COTTONWOOD LN S               ,INSIDE                                                 ,TUCSON              ,N/A,     ,N/A,  ,At,SILVERLAKE RD W               ,        ,S ,COTTONWOOD                              ,LN  ,W ,SILVERLAKE                              ,RD  ,DAYLIGHT                                               ,CLEAR                                                  ,                         ,CONTROLLED ACCESS - INTERSECTION (WITHIN)              ,T-INTERSECTION                                         ,"2-WAY, DIVIDED POSITIVE MEDIAN BARRIER                 ",ANGLE (FRONT TO SIDE) (OTHER THAN LEFT TURN)           ,                         ,TPD_TRAFFIC_INCIDENTS,,,,,,
986512.779855642467737,437549.31003937125206,6560,1411270149  ,172401,2,2014-11-27T00:00:00.000Z,1025,THU,1,0,1,3004      ,3004-FATAL TRAFFIC ACCIDENT/BICYCLE                    ,986512.78,437549.31,COTTONWOOD LN S               ,INSIDE                                                 ,TUCSON              ,Approximately,UNK  ,Feet,S ,From,SILVERLAKE RD W               ,        ,S ,COTTONWOOD                              ,LN  ,W ,SILVERLAKE                              ,RD  ,DAYLIGHT                                               ,CLEAR                                                  ,                         ,NOT JUNCTION RELATED                                   ,,"2-WAY, NOT DIVIDED                                     ",ANGLE (FRONT TO SIDE) (OTHER THAN LEFT TURN)           ,                         ,TPD_TRAFFIC_INCIDENTS,,,,,,
1022096.12007873877883,444215.089895009994507,6569,1209040217  ,158892,2,2012-09-04T09:23:45.000Z,1545,TUE,0,1,0,3114      ,3114-INJURY TRAF ACCIDENT/HIT & RUN/BICYCLE            ,1022096.12,444215.09,CRAYCROFT RD S                ,INSIDE                                                 ,TUCSON              ,N/A,     ,N/A,  ,At,WILLIAMS BL E                 ,        ,S ,CRAYCROFT                               ,RD  ,E ,WILLIAMS                                ,BL  ,DAYLIGHT                                               ,CLEAR                                                  ,                         ,NON-CONTROLLED ACCESS - INTERSECTION-RELATED           ,FOUR-WAY INTERSECTION                                  ,"2-WAY, DIVIDED POSITIVE MEDIAN BARRIER                 ",ANGLE (FRONT TO SIDE) (OTHER THAN LEFT TURN)           ,                         ,TPD_TRAFFIC_INCIDENTS,,,,,,
1026010.31003937125206,451230.339895009994507,6583,1512150351  ,180406,2,2015-12-15T00:00:00.000Z,1526,TUE,0,0,0,3104      ,3104-INJURY TRAFFIC ACCIDENT/BICYCLE                   ,1026010.31,451230.34,SPEEDWAY BL E                 ,INSIDE                                                 ,TUCSON              ,Approximately,200  ,Feet,E ,From,ALAMO AV N                    ,        ,N ,ALAMO                                   ,AV  ,E ,SPEEDWAY                                ,BL  ,DAYLIGHT                                               ,CLEAR                                                  ,                         ,NON-CONTROLLED ACCESS - DRIVEWAY                       ,T-INTERSECTION                                         ,"2-WAY, DIVIDED, UNPROT (PAINTED > 4 FEET) MEDIAN       ",SINGLE VEHICLE                                         ,                         ,TPD_TRAFFIC_INCIDENTS,,,,,,
985021.5,448313.200131230056286,6615,1503170101  ,174717,2,2015-03-17T00:00:00.000Z,0518,TUE,0,1,0,3114      ,3114-INJURY TRAF ACCIDENT/HIT & RUN/BICYCLE            ,985021.5,448313.2,W SAINT MARYS RD              ,INSIDE                                                 ,TUCSON              ,Approximately,10   ,Feet,E ,From,N CUESTA AV                   ,        ,N ,CUESTA                                  ,AV  ,W ,SAINT MARYS                             ,RD  ,DARK-LIGHTED                                           ,CLEAR                                                  ,                         ,NOT JUNCTION RELATED                                   ,,"2-WAY, NOT DIVIDED                                     ",SINGLE VEHICLE                                         ,                         ,TPD_TRAFFIC_INCIDENTS,,,,,,
991983.87007873877883,413769.5,6647,1607160232  ,185463,2,2016-07-16T00:00:00.000Z,1207,SAT,0,0,0,3104      ,3104-INJURY TRAFFIC ACCIDENT/BICYCLE                   ,991983.87,413769.5,VALENCIA RD W                 ,INSIDE                                                 ,TUCSON              ,Approximately,100  ,Feet,W ,From,SAN FERNANDO RD S             ,        ,S ,SAN FERNANDO                            ,RD  ,W ,VALENCIA                                ,RD  ,DAYLIGHT                                               ,CLEAR                                                  ,                         ,NOT JUNCTION RELATED                                   ,,"2-WAY, DIVIDED, UNPROT (PAINTED > 4 FEET) MEDIAN       ",SINGLE VEHICLE                                         ,                         ,TPD_TRAFFIC_INCIDENTS,\\central\data\Transportation\Traffic\Accident Data\2016\1607160232.pdf,,,,,
1013919.31003937125206,456386.390091866254807,6675,1708110245  ,195564,2,2017-08-11T00:00:00.000Z,1051,FRI,0,0,0,3104      ,3104-INJURY TRAFFIC ACCIDENT/BICYCLE                   ,1013919.31,456386.39,GRANT RD E                    ,INSIDE                                                 ,TUCSON              ,N/A,     ,N/A,  ,At,COLUMBUS BL N                 ,        ,N ,COLUMBUS                                ,BL  ,E ,GRANT                                   ,RD  ,DAYLIGHT                                               ,CLEAR                                                  ,                         ,NON-CONTROLLED ACCESS - INTERSECTION (WITHIN)          ,FOUR-WAY INTERSECTION                                  ,"2-WAY, NOT DIVIDED WITH CONT LEFT TURN LANE            ",SINGLE VEHICLE                                         ,                         ,TPD_TRAFFIC_INCIDENTS,\\central\data\Transportation\Traffic\Accident Data\2017\1708110245.pdf,,,,,
996973.31003937125206,445578.589895009994507,6683,1303240231  ,161000,2,2013-03-24T00:00:00.000Z,0903,SUN,0,1,0,3114      ,3114-INJURY TRAF ACCIDENT/HIT & RUN/BICYCLE            ,996973.31,445578.59,E BROADWAY BL                 ,INSIDE                                                 ,TUCSON              ,N/A,     ,N/A,  ,At,N PARK AV                     ,        ,E ,BROADWAY                                ,BL  ,N ,PARK                                    ,AV  ,DAYLIGHT                                               ,CLEAR                                                  ,                         ,CONTROLLED ACCESS - INTERSECTION (WITHIN)              ,FOUR-WAY INTERSECTION                                  ,"2-WAY, NOT DIVIDED WITH CONT LEFT TURN LANE            ",OTHER                                                  ,RIGHT TURN               ,TPD_TRAFFIC_INCIDENTS,,,,,,
992813.06003937125206,445764.62007874250412,6713,1409230173  ,171104,2,2014-09-23T00:00:00.000Z,1103,TUE,0,0,1,3104      ,3104-INJURY TRAFFIC ACCIDENT/BICYCLE                   ,992813.06,445764.62,E CONGRESS ST                 ,INSIDE                                                 ,TUCSON              ,Approximately,100  ,Feet,W ,From,N SCOTT AV                    ,        ,E ,CONGRESS                                ,ST  ,N ,SCOTT                                   ,AV  ,DAYLIGHT                                               ,CLEAR                                                  ,                         ,NOT JUNCTION RELATED                                   ,,ONE WAY TRAFFICWAY                                     ,ANGLE (FRONT TO SIDE) (OTHER THAN LEFT TURN)           ,                         ,TPD_TRAFFIC_INCIDENTS,,,,,,
1000675.75,465457.859908133745193,6733,1311040371  ,165470,2,2013-11-04T00:00:00.000Z,1536,MON,0,0,1,3104      ,3104-INJURY TRAFFIC ACCIDENT/BICYCLE                   ,1000675.75,465457.86,N CAMPBELL AV                 ,INSIDE                                                 ,TUCSON              ,Approximately,600  ,Feet,N ,From,E ALLEN RD                    ,        ,E ,ALLEN                                   ,RD  ,N ,CAMPBELL                                ,AV  ,DAYLIGHT                                               ,CLEAR                                                  ,                         ,NOT JUNCTION RELATED                                   ,,"2-WAY, DIVIDED, UNPROT (PAINTED > 4 FEET) MEDIAN       ",REAR END (FRONT TO REAR)                               ,                         ,TPD_TRAFFIC_INCIDENTS,,,,,,
1027348.490157481282949,453205.160104990005493,6755,1808170376  ,204207,2,2018-08-17T00:00:00.000Z,1423,FRI,0,0,0,3104      ,3104-INJURY TRAFFIC ACCIDENT/BICYCLE                   ,1027348.49,453205.16,LEE ST E                      ,INSIDE                                                 ,TUCSON              ,Approximately,UNK  ,Feet,W ,From,WILMOT RD N                   ,        ,E ,LEE                                     ,ST  ,N ,WILMOT                                  ,RD  ,DAYLIGHT                                               ,CLEAR                                                  ,                         ,NON-CONTROLLED ACCESS - INTERSECTION-RELATED           ,T-INTERSECTION                                         ,"2-WAY, NOT DIVIDED                                     ",OTHER                                                  ,PEDALCYCLE               ,TPD_TRAFFIC_INCIDENTS,\\central\data\Transportation\Traffic\Accident Data\2018\1808170376.pdf,,,,,
1027348.490157481282949,453205.160104990005493,6757,1604220318  ,183452,2,2016-04-22T00:00:00.000Z,1358,FRI,0,0,0,3104      ,3104-INJURY TRAFFIC ACCIDENT/BICYCLE                   ,1027348.49,453205.16,WILMOT RD N                   ,,TUCSON              ,Approximately,150  ,Feet,N ,From,LEE ST E                      ,        ,E ,LEE                                     ,ST  ,N ,WILMOT                                  ,RD  ,DAYLIGHT                                               ,CLEAR                                                  ,                         ,NON-CONTROLLED ACCESS - DRIVEWAY                       ,T-INTERSECTION                                         ,"2-WAY, DIVIDED, UNPROT (PAINTED > 4 FEET) MEDIAN       ",SINGLE VEHICLE                                         ,                         ,TPD_TRAFFIC_INCIDENTS,\\central\data\Transportation\Traffic\Accident Data\2016\1604220318.pdf,,,,,
990208.470144357532263,453683.910104990005493,6765,1404080384  ,168340,2,2014-04-08T00:00:00.000Z,1531,TUE,0,0,0,3104      ,3104-INJURY TRAFFIC ACCIDENT/BICYCLE                   ,990208.47,453683.91,LESTER ST W                   ,INSIDE                                                 ,TUCSON              ,N/A,     ,N/A,  ,At,ORACLE N                      ,        ,W ,LESTER                                  ,ST  ,N ,ORACLE                                  ,RD  ,DAYLIGHT                                               ,CLEAR                                                  ,                         ,NOT JUNCTION RELATED                                   ,,"2-WAY, DIVIDED, UNPROT (PAINTED > 4 FEET) MEDIAN       ",ANGLE (FRONT TO SIDE) (OTHER THAN LEFT TURN)           ,                         ,TPD_TRAFFIC_INCIDENTS,,,,,,
991980.950131233781576,461328.56003937125206,6808,1510060372  ,178756,3,2015-10-06T00:00:00.000Z,1548,TUE,0,0,1,3104      ,3104-INJURY TRAFFIC ACCIDENT/BICYCLE                   ,991980.95,461328.56,STONE AV N                    ,INSIDE                                                 ,TUCSON              ,Approximately,100  ,Feet,N ,From,FORT LOWELL RD E              ,        ,E ,FORT LOWELL                             ,RD  ,N ,STONE                                   ,AV  ,DAYLIGHT                                               ,CLEAR                                                  ,                         ,NOT JUNCTION RELATED                                   ,,"2-WAY, NOT DIVIDED WITH CONT LEFT TURN LANE            ",SINGLE VEHICLE                                         ,                         ,TPD_TRAFFIC_INCIDENTS,,,,,,
991980.950131233781576,461328.56003937125206,6814,1902110359  ,208465,2,2019-02-11T00:00:00.000Z,1257,MON,0,1,1,3114      ,3114-INJURY TRAF ACCIDENT/HIT & RUN/BICYCLE            ,991980.95,461328.56,FORT LOWELL RD E              ,INSIDE                                                 ,TUCSON              ,Approximately,100  ,Feet,W ,From,FONTANA AV                    ,        ,E ,FORT LOWELL                             ,RD  ,N ,STONE                                   ,AV  ,DAYLIGHT                                               ,CLEAR                                                  ,                         ,NON-CONTROLLED ACCESS - INTERSECTION-RELATED           ,FOUR-WAY INTERSECTION                                  ,"2-WAY, NOT DIVIDED WITH CONT LEFT TURN LANE            ",OTHER                                                  ,PEDALCYCLE               ,TPD_TRAFFIC_INCIDENTS,\\central\data\Transportation\Traffic\Accident Data\2019\1902110359.pdf,,,,,
991980.950131233781576,461328.56003937125206,6815,1803210396  ,201111,2,2018-03-21T00:00:00.000Z,1809,WED,0,0,0,3402      ,3402-OTHER VEHICLE ACCIDENTS/BICYCLE ACCIDENTS         ,991980.95,461328.56,FORT LOWELL RD E              ,INSIDE                                                 ,TUCSON              ,Approximately,1000 ,Feet,E ,From,STONE AV N                    ,        ,E ,FORT LOWELL                             ,RD  ,N ,STONE                                   ,AV  ,DAYLIGHT                                               ,CLEAR                                                  ,                         ,NOT JUNCTION RELATED                                   ,,"2-WAY, NOT DIVIDED WITH CONT LEFT TURN LANE            ",REAR END (FRONT TO REAR)                               ,                         ,TPD_TRAFFIC_INCIDENTS,\\central\data\Transportation\Traffic\Accident Data\2018\1803210396.pdf,,,,,
991980.950131233781576,461328.56003937125206,6825,1209060067  ,158076,2,2012-09-06T00:00:00.000Z,0711,THU,0,0,0,3104      ,3104-INJURY TRAFFIC ACCIDENT/BICYCLE                   ,991980.95,461328.56,N STONE AV                    ,INSIDE                                                 ,TUCSON              ,Approximately,     ,Feet,N ,From,E FORT LOWELL RD              ,        ,E ,FORT LOWELL                             ,RD  ,N ,STONE                                   ,AV  ,DAYLIGHT                                               ,CLEAR                                                  ,                         ,CONTROLLED ACCESS - THRU ROADWAY                       ,,"2-WAY, DIVIDED, UNPROT (PAINTED > 4 FEET) MEDIAN       ",ANGLE (FRONT TO SIDE) (OTHER THAN LEFT TURN)           ,                         ,TPD_TRAFFIC_INCIDENTS,,,,,,
991980.950131233781576,461328.56003937125206,6827,1211140124  ,158959,2,2012-11-14T00:00:00.000Z,1248,WED,0,0,0,3104      ,3104-INJURY TRAFFIC ACCIDENT/BICYCLE                   ,991980.95,461328.56,E FORT LOWELL                 ,INSIDE                                                 ,TUCSON              ,Approximately,50   ,Feet,E ,From,N STONE                       ,        ,E ,FORT LOWELL                             ,RD  ,N ,STONE                                   ,AV  ,DAYLIGHT                                               ,CLEAR                                                  ,                         ,NOT JUNCTION RELATED                                   ,UNKNOWN                                                ,"2-WAY, DIVIDED POSITIVE MEDIAN BARRIER                 ",OTHER                                                  ,RIGHT TURN               ,TPD_TRAFFIC_INCIDENTS,,,,,,
991980.950131233781576,461328.56003937125206,6828,1307070447  ,163108,2,2013-07-07T00:00:00.000Z,2033,SUN,0,0,1,3104      ,3104-INJURY TRAFFIC ACCIDENT/BICYCLE                   ,991980.95,461328.56,N STONE AV                    ,INSIDE                                                 ,TUCSON              ,N/A,     ,N/A,  ,At,E FORT LOWELL RD              ,        ,E ,FORT LOWELL                             ,RD  ,N ,STONE                                   ,AV  ,DARK-LIGHTED                                           ,CLOUDY                                                 ,                         ,NON-CONTROLLED ACCESS - INTERSECTION (WITHIN)          ,FOUR-WAY INTERSECTION                                  ,"2-WAY, NOT DIVIDED WITH CONT LEFT TURN LANE            ",OTHER                                                  ,RIGHT TURN               ,TPD_TRAFFIC_INCIDENTS,,,,,,
1011354.220144357532263,451116.419947504997253,6986,1303070768  ,160810,2,2013-03-07T00:00:00.000Z,2244,THU,0,0,0,3104      ,3104-INJURY TRAFFIC ACCIDENT/BICYCLE                   ,1011354.22,451116.42,N ALVERNON WY                 ,INSIDE                                                 ,TUCSON              ,N/A,     ,N/A,  ,At,E SPEEDWAY BL                 ,        ,N ,ALVERNON                                ,WY  ,E ,SPEEDWAY                                ,BL  ,DARK-LIGHTED                                           ,CLEAR                                                  ,                         ,NON-CONTROLLED ACCESS - INTERSECTION-RELATED           ,FOUR-WAY INTERSECTION                                  ,"2-WAY, DIVIDED POSITIVE MEDIAN BARRIER                 ",LEFT TURN                                              ,                         ,TPD_TRAFFIC_INCIDENTS,,,,,,
1011354.220144357532263,451116.419947504997253,6994,1405280129  ,169190,2,2014-05-28T00:00:00.000Z,0751,WED,0,0,1,3104      ,3104-INJURY TRAFFIC ACCIDENT/BICYCLE                   ,1011354.22,451116.42,E SPEEDWAY BL                 ,INSIDE                                                 ,TUCSON              ,Approximately,UNK  ,Feet,W ,From,N ALVERNON WY                 ,        ,N ,ALVERNON                                ,WY  ,E ,SPEEDWAY                                ,BL  ,DAYLIGHT                                               ,CLEAR                                                  ,                         ,NOT JUNCTION RELATED                                   ,,"2-WAY, DIVIDED POSITIVE MEDIAN BARRIER                 ",OTHER                                                  ,UNSAFE RIGHT TURN        ,TPD_TRAFFIC_INCIDENTS,,,,,,
995955.62007873877883,450911.589895009994507,7017,1711300328  ,198427,2,2017-11-30T00:00:00.000Z,1403,THU,0,1,0,3114      ,3114-INJURY TRAF ACCIDENT/HIT & RUN/BICYCLE            ,995955.62,450911.59,EUCLID AV N                   ,INSIDE                                                 ,TUCSON              ,Approximately,50   ,Feet,S ,From,SPEEDWAY BL E                 ,        ,N ,EUCLID                                  ,AV  ,E ,SPEEDWAY                                ,BL  ,DAYLIGHT                                               ,CLOUDY                                                 ,                         ,NOT JUNCTION RELATED                                   ,,"2-WAY, DIVIDED, UNPROT (PAINTED > 4 FEET) MEDIAN       ",OTHER                                                  ,PEDALCYCLIST             ,TPD_TRAFFIC_INCIDENTS,\\central\data\Transportation\Traffic\Accident Data\2017\1711300328.pdf,,,,,
995955.62007873877883,450911.589895009994507,7027,1701270205  ,190602,2,2017-01-27T00:00:00.000Z,0956,FRI,0,1,0,3214      ,3214-PROP DMG TRAF ACCIDENT/HIT & RUN/BICYCLE          ,995955.62,450911.59,EUCLID AV N                   ,INSIDE                                                 ,TUCSON              ,Approximately,UNK  ,Feet,S ,From,SPEEDWAY BL E                 ,        ,N ,EUCLID                                  ,AV  ,E ,SPEEDWAY                                ,BL  ,DAYLIGHT                                               ,CLEAR                                                  ,                         ,NON-CONTROLLED ACCESS - INTERSECTION-RELATED           ,FOUR-WAY INTERSECTION                                  ,"2-WAY, DIVIDED, UNPROT (PAINTED > 4 FEET) MEDIAN       ",SINGLE VEHICLE                                         ,                         ,TPD_TRAFFIC_INCIDENTS,\\central\data\Transportation\Traffic\Accident Data\2017\1701270205.pdf,,,,,
995955.62007873877883,450911.589895009994507,7042,1405200222  ,169058,2,2014-05-20T00:00:00.000Z,1132,TUE,0,0,0,3104      ,3104-INJURY TRAFFIC ACCIDENT/BICYCLE                   ,995955.62,450911.59,E SPEEDWAY BL                 ,INSIDE                                                 ,TUCSON              ,Approximately,181  ,Feet,E ,From,N EUCLID AV                   ,        ,N ,EUCLID                                  ,AV  ,E ,SPEEDWAY                                ,BL  ,DAYLIGHT                                               ,CLEAR                                                  ,                         ,NOT JUNCTION RELATED                                   ,,"2-WAY, DIVIDED, UNPROT (PAINTED > 4 FEET) MEDIAN       ",UNKNOWN                                                ,                         ,TPD_TRAFFIC_INCIDENTS,,,,,,
995955.62007873877883,450911.589895009994507,7054,1210170069  ,158577,2,2012-10-17T00:00:00.000Z,0930,WED,0,0,0,3104      ,3104-INJURY TRAFFIC ACCIDENT/BICYCLE                   ,995955.62,450911.59,EUCLID AV N                   ,INSIDE                                                 ,TUCSON              ,Approximately,150  ,Feet,N ,From,SPEEDWAY BL E                 ,        ,N ,EUCLID                                  ,AV  ,E ,SPEEDWAY                                ,BL  ,DAYLIGHT                                               ,CLEAR                                                  ,                         ,NOT JUNCTION RELATED                                   ,,"2-WAY, NOT DIVIDED WITH CONT LEFT TURN LANE            ",ANGLE (FRONT TO SIDE) (OTHER THAN LEFT TURN)           ,                         ,TPD_TRAFFIC_INCIDENTS,,,,,,
1029800.81003937125206,455633.31003937125206,7093,1705310225  ,193994,2,2017-05-31T00:00:00.000Z,1028,WED,0,1,1,3114      ,3114-INJURY TRAF ACCIDENT/HIT & RUN/BICYCLE            ,1029800.81,455633.31,E GRANT RD                    ,INSIDE                                                 ,TUCSON              ,N/A,     ,N/A,  ,At,E TANQUE VERDE RD             ,        ,E ,GRANT                                   ,RD  ,E ,TANQUE VERDE                            ,RD  ,DAYLIGHT                                               ,CLEAR                                                  ,                         ,NON-CONTROLLED ACCESS - INTERSECTION (WITHIN)          ,FOUR-WAY INTERSECTION                                  ,"2-WAY, DIVIDED, UNPROT (PAINTED > 4 FEET) MEDIAN       ","SIDESWIPE, SAME DIRECTION                              ",                         ,TPD_TRAFFIC_INCIDENTS,\\central\data\Transportation\Traffic\Accident Data\2017\1705310225.pdf,,,,,
979201.410104986280203,456106.43996062874794,7105,1908090237  ,212701,2,2019-08-09T00:00:00.000Z,1732,FRI,0,0,0,3104      ,3104-INJURY TRAFFIC ACCIDENT/BICYCLE                   ,979201.41,456106.44,W GRANT RD                    ,INSIDE                                                 ,TUCSON              ,Approximately,100  ,Feet,E ,From,N SILVERBELL RD               ,        ,W ,GRANT                                   ,RD  ,N ,SILVERBELL                              ,RD  ,DAYLIGHT                                               ,CLEAR                                                  ,                         ,NON-CONTROLLED ACCESS - INTERSECTION-RELATED           ,FOUR-WAY INTERSECTION                                  ,"2-WAY, NOT DIVIDED WITH CONT LEFT TURN LANE            ",,PEDAL CYCLE              ,TPD_TRAFFIC_INCIDENTS,\\central\data\Transportation\Traffic\Accident Data\2019\1908090237.pdf,,,,,
1014178.779855642467737,440516.62992125749588,7262,1207310142  ,157379,2,2012-07-31T00:00:00.000Z,1654,TUE,0,0,0,3104      ,3104-INJURY TRAFFIC ACCIDENT/BICYCLE                   ,1014178.78,440516.63,E 22ND ST                     ,INSIDE                                                 ,TUCSON              ,Approximately,450  ,Feet,W ,From,S IRVING AV                   ,        ,E ,22ND                                    ,ST  ,S ,COLUMBUS                                ,BL  ,DAYLIGHT                                               ,CLEAR                                                  ,                         ,NON-CONTROLLED ACCESS - INTERSECTION (WITHIN)          ,T-INTERSECTION                                         ,"2-WAY, DIVIDED POSITIVE MEDIAN BARRIER                 ",SINGLE VEHICLE                                         ,                         ,TPD_TRAFFIC_INCIDENTS,,,,,,
1011482.580052495002747,440502.68996062874794,7301,1902250505  ,208831,2,2019-02-25T00:00:00.000Z,1907,MON,0,1,0,3114      ,3114-INJURY TRAF ACCIDENT/HIT & RUN/BICYCLE            ,1011482.58,440502.69,22ND ST E                     ,INSIDE                                                 ,TUCSON              ,Approximately,UNK  ,Feet,E ,From,ALVERNON WY S                 ,        ,E ,22ND                                    ,ST  ,S ,ALVERNON                                ,WY  ,DARK-LIGHTED                                           ,CLEAR                                                  ,                         ,NON-CONTROLLED ACCESS - INTERSECTION-RELATED           ,FOUR-WAY INTERSECTION                                  ,"2-WAY, DIVIDED, UNPROT (PAINTED > 4 FEET) MEDIAN       ",OTHER                                                  ,PEDAL CYCLE              ,TPD_TRAFFIC_INCIDENTS,\\central\data\Transportation\Traffic\Accident Data\2019\1902250505.pdf,,,,,
1011482.580052495002747,440502.68996062874794,7308,1802060189  ,200037,2,2018-02-06T00:00:00.000Z,0941,TUE,0,0,0,3104      ,3104-INJURY TRAFFIC ACCIDENT/BICYCLE                   ,1011482.58,440502.69,22ND ST                       ,INSIDE                                                 ,TUCSON              ,N/A,     ,N/A,  ,At,ALVERNON WY                   ,        ,E ,22ND                                    ,ST  ,S ,ALVERNON                                ,WY  ,DAYLIGHT                                               ,CLEAR                                                  ,                         ,NON-CONTROLLED ACCESS - INTERSECTION (WITHIN)          ,FOUR-WAY INTERSECTION                                  ,"2-WAY, DIVIDED, UNPROT (PAINTED > 4 FEET) MEDIAN       ",OTHER                                                  ,PEDALCYCLE               ,TPD_TRAFFIC_INCIDENTS,\\central\data\Transportation\Traffic\Accident Data\2018\1802060189.pdf,,,,,
1011293.589895013719797,456363.589895009994507,7338,1805310438  ,202681,3,2018-05-31T00:00:00.000Z,1809,THU,0,0,0,3104      ,3104-INJURY TRAFFIC ACCIDENT/BICYCLE                   ,1011293.59,456363.59,GRANT RD                      ,INSIDE                                                 ,TUCSON              ,Approximately,50   ,Feet,E ,From,ALVERNON WY                   ,        ,N ,ALVERNON                                ,WY  ,E ,GRANT                                   ,RD  ,DAYLIGHT                                               ,CLEAR                                                  ,                         ,NON-CONTROLLED ACCESS - INTERSECTION-RELATED           ,FOUR-WAY INTERSECTION                                  ,"2-WAY, NOT DIVIDED WITH CONT LEFT TURN LANE            ",OTHER                                                  ,PEDALCYCLE               ,TPD_TRAFFIC_INCIDENTS,\\central\data\Transportation\Traffic\Accident Data\2018\1805310438.pdf,,,,,
1011293.589895013719797,456363.589895009994507,7399,1701020255  ,189990,2,2017-01-02T00:00:00.000Z,1149,MON,0,0,1,3104      ,3104-INJURY TRAFFIC ACCIDENT/BICYCLE                   ,1011293.59,456363.59,E GRANT RD                    ,INSIDE                                                 ,TUCSON              ,Approximately,100  ,Feet,E ,From,N ALVERNON WY                 ,        ,N ,ALVERNON                                ,WY  ,E ,GRANT                                   ,RD  ,DAYLIGHT                                               ,CLEAR                                                  ,                         ,NON-CONTROLLED ACCESS - DRIVEWAY                       ,FOUR-WAY INTERSECTION                                  ,"2-WAY, NOT DIVIDED WITH CONT LEFT TURN LANE            ",SINGLE VEHICLE                                         ,                         ,TPD_TRAFFIC_INCIDENTS,\\central\data\Transportation\Traffic\Accident Data\2017\1701020255.pdf,,,,,
1011293.589895013719797,456363.589895009994507,7409,1703220132  ,192139,2,2017-03-22T00:00:00.000Z,0846,WED,0,1,1,3114      ,3114-INJURY TRAF ACCIDENT/HIT & RUN/BICYCLE            ,1011293.59,456363.59,GRANT RD E                    ,INSIDE                                                 ,TUCSON              ,Approximately,10   ,Feet,E ,From,ALVERNON WY N                 ,        ,N ,ALVERNON                                ,WY  ,E ,GRANT                                   ,RD  ,DAYLIGHT                                               ,CLEAR                                                  ,                         ,NON-CONTROLLED ACCESS - INTERSECTION-RELATED           ,FOUR-WAY INTERSECTION                                  ,"2-WAY, NOT DIVIDED WITH CONT LEFT TURN LANE            ",ANGLE (FRONT TO SIDE) (OTHER THAN LEFT TURN)           ,                         ,TPD_TRAFFIC_INCIDENTS,\\central\data\Transportation\Traffic\Accident Data\2017\1703220132.pdf,,,,,