X,Y,OBJECTID,acci_id,tamainid,numunits,AccidentDate,AccidentTime,DayOfWeek,WasFatal,WasHitAndRun,TransImmedMedCare,UCRCode,UCRDescription,CoordX,CoordY,Location,Inside_Outside,City,Accuracy,Distance,Units,Direction,From_At,IntersectingStreet,AddrNumber,AddrDirection,AddrStreetName,AddrStreetNameSuffix,CrossStreetDirection,CrossStreetName,CrossStreetSuffix,LightConditionDescription,WeatherDescription,WeatherOther,RelationDescription,IntersectionTypeDescription,RoadConfigurationDescription,MannerOfCrashDescription,MannerOfCrashOther,DATASOURCE,URL,F7Days,F28Days,COMPSTAT_28D,WEEKLY_7D,AccidentDateTime
1011293.589895013719797,456363.589895009994507,7419,1611240149  ,188993,2,2016-11-24T00:00:00.000Z,0948,THU,0,0,1,3104      ,3104-INJURY TRAFFIC ACCIDENT/BICYCLE                   ,1011293.59,456363.59,ALVERNON WY N                 ,INSIDE                                                 ,TUCSON              ,N/A,     ,N/A,  ,At,GRANT RD E                    ,        ,N ,ALVERNON                                ,WY  ,E ,GRANT                                   ,RD  ,DAYLIGHT                                               ,CLEAR                                                  ,                         ,NON-CONTROLLED ACCESS - INTERSECTION (WITHIN)          ,FOUR-WAY INTERSECTION                                  ,"2-WAY, NOT DIVIDED WITH CONT LEFT TURN LANE            ",SINGLE VEHICLE                                         ,                         ,TPD_TRAFFIC_INCIDENTS,\\central\data\Transportation\Traffic\Accident Data\2016\1611240149.pdf,,,,,
1011293.589895013719797,456363.589895009994507,7421,1610130085  ,187819,2,2016-10-13T00:00:00.000Z,0754,THU,0,0,0,3104      ,3104-INJURY TRAFFIC ACCIDENT/BICYCLE                   ,1011293.59,456363.59,GRANT RD E                    ,INSIDE                                                 ,TUCSON              ,Approximately,300  ,Feet,E ,From,ALVERNON WY N                 ,        ,N ,ALVERNON                                ,WY  ,E ,GRANT                                   ,RD  ,DAYLIGHT                                               ,CLEAR                                                  ,                         ,NON-CONTROLLED ACCESS - DRIVEWAY                       ,FOUR-WAY INTERSECTION                                  ,"2-WAY, NOT DIVIDED WITH CONT LEFT TURN LANE            ",SINGLE VEHICLE                                         ,                         ,TPD_TRAFFIC_INCIDENTS,\\central\data\Transportation\Traffic\Accident Data\2016\1610130085.pdf,,,,,
1011293.589895013719797,456363.589895009994507,7455,1602060208  ,181670,2,2016-02-06T00:00:00.000Z,1147,SAT,0,1,1,3114      ,3114-INJURY TRAF ACCIDENT/HIT & RUN/BICYCLE            ,1011293.59,456363.59,ALVERNON WY N                 ,INSIDE                                                 ,TUCSON              ,N/A,     ,N/A,  ,At,GRANT RD E                    ,        ,N ,ALVERNON                                ,WY  ,E ,GRANT                                   ,RD  ,DAYLIGHT                                               ,CLEAR                                                  ,                         ,NON-CONTROLLED ACCESS - INTERSECTION (WITHIN)          ,FOUR-WAY INTERSECTION                                  ,"2-WAY, NOT DIVIDED WITH CONT LEFT TURN LANE            ",SINGLE VEHICLE                                         ,                         ,TPD_TRAFFIC_INCIDENTS,,,,,,
1011293.589895013719797,456363.589895009994507,7478,1606300506  ,185099,2,2016-06-30T00:00:00.000Z,2111,THU,0,0,1,3104      ,3104-INJURY TRAFFIC ACCIDENT/BICYCLE                   ,1011293.59,456363.59,ALVERNON WY N                 ,INSIDE                                                 ,TUCSON              ,N/A,     ,N/A,  ,At,GRANT RD E                    ,        ,N ,ALVERNON                                ,WY  ,E ,GRANT                                   ,RD  ,DARK-LIGHTED                                           ,CLOUDY                                                 ,                         ,NON-CONTROLLED ACCESS - INTERSECTION (WITHIN)          ,FOUR-WAY INTERSECTION                                  ,"2-WAY, NOT DIVIDED WITH CONT LEFT TURN LANE            ",SINGLE VEHICLE                                         ,                         ,TPD_TRAFFIC_INCIDENTS,\\central\data\Transportation\Traffic\Accident Data\2016\1606300506.pdf,,,,,
1011293.589895013719797,456363.589895009994507,7494,1405240258  ,169138,2,2014-05-24T00:00:00.000Z,1347,SAT,0,0,1,3104      ,3104-INJURY TRAFFIC ACCIDENT/BICYCLE                   ,1011293.59,456363.59,N ALVERNON WY                 ,INSIDE                                                 ,TUCSON              ,Approximately,300  ,Feet,N ,From,E GRANT RD                    ,        ,N ,ALVERNON                                ,WY  ,E ,GRANT                                   ,RD  ,DAYLIGHT                                               ,CLEAR                                                  ,                         ,NON-CONTROLLED ACCESS - INTERSECTION-RELATED           ,T-INTERSECTION                                         ,"2-WAY, DIVIDED, UNPROT (PAINTED > 4 FEET) MEDIAN       ",ANGLE (FRONT TO SIDE) (OTHER THAN LEFT TURN)           ,                         ,TPD_TRAFFIC_INCIDENTS,,,,,,
1011293.589895013719797,456363.589895009994507,7497,1310020471  ,164832,2,2013-10-02T00:00:00.000Z,1807,WED,0,1,1,3114      ,3114-INJURY TRAF ACCIDENT/HIT & RUN/BICYCLE            ,1011293.59,456363.59,N ALVERNON WY                 ,INSIDE                                                 ,TUCSON              ,Approximately,75   ,Feet,N ,From,E GRANT RD                    ,        ,N ,ALVERNON                                ,WY  ,E ,GRANT                                   ,RD  ,DUSK                                                   ,CLEAR                                                  ,                         ,NON-CONTROLLED ACCESS - DRIVEWAY                       ,T-INTERSECTION                                         ,"2-WAY, NOT DIVIDED WITH CONT LEFT TURN LANE            ",ANGLE (FRONT TO SIDE) (OTHER THAN LEFT TURN)           ,                         ,TPD_TRAFFIC_INCIDENTS,,,,,,
1011293.589895013719797,456363.589895009994507,7500,1212200303  ,159498,2,2012-12-20T00:00:00.000Z,1358,THU,0,0,0,3104      ,3104-INJURY TRAFFIC ACCIDENT/BICYCLE                   ,1011293.59,456363.59,E GRANT RD                    ,INSIDE                                                 ,TUCSON              ,N/A,     ,N/A,  ,At,N ALVERNON WAY                ,        ,N ,ALVERNON                                ,WY  ,E ,GRANT                                   ,RD  ,DAYLIGHT                                               ,CLEAR                                                  ,                         ,CONTROLLED ACCESS - INTERSECTION-RELATED               ,FOUR-WAY INTERSECTION                                  ,,ANGLE (FRONT TO SIDE) (OTHER THAN LEFT TURN)           ,                         ,TPD_TRAFFIC_INCIDENTS,,,,,,
1011293.589895013719797,456363.589895009994507,7508,1210060111  ,158412,2,2012-10-06T00:00:00.000Z,1003,SAT,0,0,0,3104      ,3104-INJURY TRAFFIC ACCIDENT/BICYCLE                   ,1011293.59,456363.59,N ALVERNON WY                 ,INSIDE                                                 ,TUCSON              ,Approximately,40   ,Feet,S ,From,E GRANT RD                    ,        ,N ,ALVERNON                                ,WY  ,E ,GRANT                                   ,RD  ,DAYLIGHT                                               ,CLEAR                                                  ,                         ,NOT JUNCTION RELATED                                   ,,"2-WAY, DIVIDED, UNPROT (PAINTED > 4 FEET) MEDIAN       ",ANGLE (FRONT TO SIDE) (OTHER THAN LEFT TURN)           ,                         ,TPD_TRAFFIC_INCIDENTS,,,,,,
1011293.589895013719797,456363.589895009994507,7509,1210020179  ,158364,2,2012-10-02T00:00:00.000Z,1353,TUE,0,1,1,3114      ,3114-INJURY TRAF ACCIDENT/HIT & RUN/BICYCLE            ,1011293.59,456363.59,ALVERNON WY N                 ,INSIDE                                                 ,TUCSON              ,Approximately,100  ,Feet,S ,From,GRANT RD E                    ,        ,N ,ALVERNON                                ,WY  ,E ,GRANT                                   ,RD  ,DAYLIGHT                                               ,CLEAR                                                  ,                         ,NOT JUNCTION RELATED                                   ,,"2-WAY, NOT DIVIDED WITH CONT LEFT TURN LANE            ",ANGLE (FRONT TO SIDE) (OTHER THAN LEFT TURN)           ,                         ,TPD_TRAFFIC_INCIDENTS,,,,,,
1011293.589895013719797,456363.589895009994507,7519,1302180664  ,160430,2,2013-02-18T00:00:00.000Z,1713,MON,0,0,0,3104      ,3104-INJURY TRAFFIC ACCIDENT/BICYCLE                   ,1011293.59,456363.59,N ALVERNON WY                 ,INSIDE                                                 ,TUCSON              ,Approximately,200  ,Feet,N ,From,E GRANT RD                    ,        ,N ,ALVERNON                                ,WY  ,E ,GRANT                                   ,RD  ,DAYLIGHT                                               ,CLEAR                                                  ,                         ,CONTROLLED ACCESS - THRU ROADWAY                       ,,"2-WAY, NOT DIVIDED WITH CONT LEFT TURN LANE            ",OTHER                                                  ,                         ,TPD_TRAFFIC_INCIDENTS,,,,,,
1011293.589895013719797,456363.589895009994507,7520,1306180295  ,162710,2,2013-06-18T00:00:00.000Z,1510,TUE,0,0,1,3104      ,3104-INJURY TRAFFIC ACCIDENT/BICYCLE                   ,1011293.59,456363.59,N ALVERNON WY                 ,INSIDE                                                 ,TUCSON              ,N/A,     ,N/A,  ,N/A,E GRANT RD                    ,        ,N ,ALVERNON                                ,WY  ,E ,GRANT                                   ,RD  ,DAYLIGHT                                               ,CLEAR                                                  ,                         ,NOT JUNCTION RELATED                                   ,UNKNOWN                                                ,"2-WAY, DIVIDED, UNPROT (PAINTED > 4 FEET) MEDIAN       ",UNKNOWN                                                ,                         ,TPD_TRAFFIC_INCIDENTS,,,,,,
983044.0,428379.160104990005493,7544,1901110401  ,207698,2,2019-01-11T00:00:00.000Z,1640,FRI,0,0,1,3104      ,3104-INJURY TRAFFIC ACCIDENT/BICYCLE                   ,983044,428379.16,S MISSION RD                  ,INSIDE                                                 ,TUCSON              ,Approximately,.3   ,Miles,S ,From,W AJO WY                      ,        ,W ,AJO                                     ,WY  ,S ,MISSION                                 ,RD  ,DAYLIGHT                                               ,CLEAR                                                  ,                         ,NOT JUNCTION RELATED                                   ,,"2-WAY, DIVIDED, UNPROT (PAINTED > 4 FEET) MEDIAN       ",OTHER                                                  ,PEDALCYCLE               ,TPD_TRAFFIC_INCIDENTS,\\central\data\Transportation\Traffic\Accident Data\2019\1901110401.pdf,,,,,
1032607.75,449924.220144353806973,7601,1901100482  ,207675,2,2019-01-10T00:00:00.000Z,1558,THU,0,0,1,3104      ,3104-INJURY TRAFFIC ACCIDENT/BICYCLE                   ,1032607.75,449924.22,N KOLB RD                     ,INSIDE                                                 ,TUCSON              ,Approximately,50   ,Feet,N ,From,E ROSEWOOD ST                 ,        ,N ,KOLB                                    ,RD  ,E ,ROSEWOOD                                ,ST  ,DAYLIGHT                                               ,CLOUDY                                                 ,                         ,NON-CONTROLLED ACCESS - INTERSECTION-RELATED           ,T-INTERSECTION                                         ,"2-WAY, DIVIDED, UNPROT (PAINTED > 4 FEET) MEDIAN       ",ANGLE (FRONT TO SIDE) (OTHER THAN LEFT TURN)           ,                         ,TPD_TRAFFIC_INCIDENTS,\\central\data\Transportation\Traffic\Accident Data\2019\1901100482.pdf,,,,,
992130.390091862529516,452142.729986876249313,7602,1208100066  ,157554,2,2012-08-10T00:00:00.000Z,0736,FRI,0,0,0,3104      ,3104-INJURY TRAFFIC ACCIDENT/BICYCLE                   ,992130.39,452142.73,STONE AV N                    ,INSIDE                                                 ,TUCSON              ,Approximately,200  ,Feet,N ,From,DRACHMAN ST E                 ,        ,E ,DRACHMAN                                ,ST  ,N ,STONE                                   ,AV  ,DAYLIGHT                                               ,CLEAR                                                  ,                         ,NOT JUNCTION RELATED                                   ,,"2-WAY, DIVIDED, UNPROT (PAINTED > 4 FEET) MEDIAN       ","SIDESWIPE, SAME DIRECTION                              ",                         ,TPD_TRAFFIC_INCIDENTS,,,,,,
1000682.12007873877883,456128.0,7608,1208200148  ,157740,2,2012-08-20T00:00:00.000Z,1341,MON,0,0,1,3104      ,3104-INJURY TRAFFIC ACCIDENT/BICYCLE                   ,1000682.12,456128,GRANT RD E                    ,INSIDE                                                 ,TUCSON              ,N/A,     ,N/A,  ,At,N CAMPBELL AV                 ,        ,N ,CAMPBELL                                ,AV  ,E ,GRANT                                   ,RD  ,DAYLIGHT                                               ,CLEAR                                                  ,                         ,NON-CONTROLLED ACCESS - INTERSECTION (WITHIN)          ,FOUR-WAY INTERSECTION                                  ,"2-WAY, DIVIDED POSITIVE MEDIAN BARRIER                 ",SINGLE VEHICLE                                         ,                         ,TPD_TRAFFIC_INCIDENTS,,,,,,
1038080.709973752498627,432611.37007874250412,7624,1311090593  ,165681,2,2013-11-09T00:00:00.000Z,0929,SAT,0,0,0,3104      ,3104-INJURY TRAFFIC ACCIDENT/BICYCLE                   ,1038080.71,432611.37,E STELLA RD                   ,INSIDE                                                 ,TUCSON              ,Approximately,15   ,Feet,E ,From,S PANTANO RD                  ,        ,S ,PANTANO                                 ,RD  ,E ,STELLA                                  ,RD  ,DAYLIGHT                                               ,CLEAR                                                  ,                         ,CONTROLLED ACCESS - INTERSECTION-RELATED               ,FOUR-WAY INTERSECTION                                  ,"2-WAY, NOT DIVIDED                                     ",ANGLE (FRONT TO SIDE) (OTHER THAN LEFT TURN)           ,                         ,TPD_TRAFFIC_INCIDENTS,,,,,,
1011431.609908137470484,445797.87007874250412,7673,1806140450  ,202937,2,2018-06-14T00:00:00.000Z,1828,THU,0,1,0,3114      ,3114-INJURY TRAF ACCIDENT/HIT & RUN/BICYCLE            ,1011431.61,445797.87,BROADWAY BL                   ,,TUCSON              ,Approximately,10   ,Feet,NE,From,ALVERNON WY                   ,        ,N ,ALVERNON                                ,WY  ,E ,BROADWAY                                ,BL  ,DAYLIGHT                                               ,CLEAR                                                  ,                         ,NON-CONTROLLED ACCESS - INTERSECTION-RELATED           ,FOUR-WAY INTERSECTION                                  ,"2-WAY, DIVIDED, UNPROT (PAINTED > 4 FEET) MEDIAN       ",OTHER                                                  ,PEDALCYCLE               ,TPD_TRAFFIC_INCIDENTS,\\central\data\Transportation\Traffic\Accident Data\2018\1806140450.pdf,,,,,
1011431.609908137470484,445797.87007874250412,7681,1310220443  ,165225,2,2013-10-22T00:00:00.000Z,1809,TUE,0,0,0,3104      ,3104-INJURY TRAFFIC ACCIDENT/BICYCLE                   ,1011431.61,445797.87,E BROADWAY BL                 ,INSIDE                                                 ,TUCSON              ,Approximately,70   ,Feet,W ,From,N ALVERNON WY                 ,        ,N ,ALVERNON                                ,WY  ,E ,BROADWAY                                ,BL  ,DARK-LIGHTED                                           ,CLEAR                                                  ,                         ,NOT JUNCTION RELATED                                   ,,"2-WAY, DIVIDED POSITIVE MEDIAN BARRIER                 ",REAR END (FRONT TO REAR)                               ,                         ,TPD_TRAFFIC_INCIDENTS,,,,,,
995295.459973752498627,472486.470144353806973,7695,1305100320  ,161928,2,2013-05-10T00:00:00.000Z,1505,FRI,0,0,0,3104      ,3104-INJURY TRAFFIC ACCIDENT/BICYCLE                   ,995295.46,472486.47,N 1ST AV                      ,INSIDE                                                 ,TUCSON              ,Approximately,100  ,Feet,N ,From,E RIVER RD                    ,        ,N ,1ST                                     ,AV  ,E ,RIVER                                   ,RD  ,DAYLIGHT                                               ,CLEAR                                                  ,                         ,NOT JUNCTION RELATED                                   ,UNKNOWN                                                ,ONE WAY TRAFFICWAY                                     ,ANGLE (FRONT TO SIDE) (OTHER THAN LEFT TURN)           ,                         ,TPD_TRAFFIC_INCIDENTS,,,,,,
990078.270013123750687,463934.229986876249313,7768,1703200472  ,192104,2,2017-03-20T00:00:00.000Z,1725,MON,0,1,0,3114      ,3114-INJURY TRAF ACCIDENT/HIT & RUN/BICYCLE            ,990078.27,463934.23,PRINCE RD                     ,INSIDE                                                 ,TUCSON              ,Approximately,UNK  ,Feet,E ,From,ORACLE RD                     ,        ,N ,ORACLE                                  ,RD  ,W ,PRINCE                                  ,RD  ,DAYLIGHT                                               ,CLEAR                                                  ,                         ,NOT JUNCTION RELATED                                   ,,"2-WAY, DIVIDED, UNPROT (PAINTED > 4 FEET) MEDIAN       ",OTHER                                                  ,PEDALCYCLE               ,TPD_TRAFFIC_INCIDENTS,\\central\data\Transportation\Traffic\Accident Data\2017\1703200472.pdf,,,,,
990078.270013123750687,463934.229986876249313,7786,1408070147  ,170319,2,2014-08-07T00:00:00.000Z,1016,THU,0,1,0,3214      ,3214-PROP DMG TRAF ACCIDENT/HIT & RUN/BICYCLE          ,990078.27,463934.23,N ORACLE RD                   ,INSIDE                                                 ,TUCSON              ,N/A,     ,N/A,  ,At,W PRINCE RD                   ,        ,N ,ORACLE                                  ,RD  ,W ,PRINCE                                  ,RD  ,DAYLIGHT                                               ,CLEAR                                                  ,                         ,CONTROLLED ACCESS - INTERSECTION (WITHIN)              ,FOUR-WAY INTERSECTION                                  ,"2-WAY, DIVIDED POSITIVE MEDIAN BARRIER                 ",SINGLE VEHICLE                                         ,                         ,TPD_TRAFFIC_INCIDENTS,,,,,,
990078.270013123750687,463934.229986876249313,7788,1312140307  ,166250,2,2013-12-14T00:00:00.000Z,1601,SAT,0,0,0,3104      ,3104-INJURY TRAFFIC ACCIDENT/BICYCLE                   ,990078.27,463934.23,W PRINCE RD                   ,INSIDE                                                 ,TUCSON              ,Approximately,200  ,Feet,W ,From,N ORACLE RD                   ,        ,N ,ORACLE                                  ,RD  ,W ,PRINCE                                  ,RD  ,DAYLIGHT                                               ,CLEAR                                                  ,                         ,NOT JUNCTION RELATED                                   ,,"2-WAY, NOT DIVIDED WITH CONT LEFT TURN LANE            ",ANGLE (FRONT TO SIDE) (OTHER THAN LEFT TURN)           ,                         ,TPD_TRAFFIC_INCIDENTS,,,,,,
990032.330052495002747,467886.720144353806973,7823,1306200336  ,162767,2,2013-06-20T00:00:00.000Z,1457,THU,0,1,0,3214      ,3214-PROP DMG TRAF ACCIDENT/HIT & RUN/BICYCLE          ,990032.33,467886.72,N ORACLE RD                   ,INSIDE                                                 ,TUCSON              ,N/A,     ,N/A,  ,At,W LIMBERLOST DR               ,        ,W ,LIMBERLOST                              ,DR  ,N ,ORACLE                                  ,RD  ,DAYLIGHT                                               ,CLEAR                                                  ,                         ,NON-CONTROLLED ACCESS - INTERSECTION-RELATED           ,FOUR-WAY INTERSECTION                                  ,"2-WAY, DIVIDED POSITIVE MEDIAN BARRIER                 ",OTHER                                                  ,VEH TO BICYCLIST         ,TPD_TRAFFIC_INCIDENTS,,,,,,
990032.330052495002747,467886.720144353806973,7827,1302110167  ,160330,2,2013-02-11T00:00:00.000Z,0909,MON,0,0,0,3214      ,3214-PROP DMG TRAF ACCIDENT/HIT & RUN/BICYCLE          ,990032.33,467886.72,W LIMBERLOST DR               ,INSIDE                                                 ,TUCSON              ,N/A,     ,N/A,  ,At,N ORACLE RD                   ,        ,W ,LIMBERLOST                              ,DR  ,N ,ORACLE                                  ,RD  ,DAYLIGHT                                               ,CLEAR                                                  ,                         ,NON-CONTROLLED ACCESS - INTERSECTION (WITHIN)          ,FOUR-WAY INTERSECTION                                  ,"2-WAY, NOT DIVIDED                                     ",OTHER                                                  ,CAR VS BIKE              ,TPD_TRAFFIC_INCIDENTS,,,,,,
990032.330052495002747,467886.720144353806973,7836,1809100281  ,204716,2,2018-09-10T00:00:00.000Z,1100,MON,0,0,1,3104      ,3104-INJURY TRAFFIC ACCIDENT/BICYCLE                   ,990032.33,467886.72,LIMBERLOST DR                 ,INSIDE                                                 ,TUCSON              ,Approximately,80   ,Feet,E ,From,ORACLE RD                     ,        ,W ,LIMBERLOST                              ,DR  ,N ,ORACLE                                  ,RD  ,DAYLIGHT                                               ,CLEAR                                                  ,                         ,NON-CONTROLLED ACCESS - INTERSECTION-RELATED           ,T-INTERSECTION                                         ,"2-WAY, NOT DIVIDED WITH CONT LEFT TURN LANE            ",OTHER                                                  ,PEDALCYCLE               ,TPD_TRAFFIC_INCIDENTS,\\central\data\Transportation\Traffic\Accident Data\2018\1809100281.pdf,,,,,
989928.68996062874794,473157.890091866254807,7861,1709050452  ,196220,2,2017-09-05T00:00:00.000Z,1555,TUE,0,1,0,3114      ,3114-INJURY TRAF ACCIDENT/HIT & RUN/BICYCLE            ,989928.69,473157.89,N ORACLE RD                   ,INSIDE                                                 ,TUCSON              ,Approximately,15   ,Feet,S ,From,W RIVER RD                    ,        ,N ,ORACLE                                  ,RD  ,W ,RIVER                                   ,RD  ,DAYLIGHT                                               ,CLEAR                                                  ,                         ,NON-CONTROLLED ACCESS - INTERSECTION-RELATED           ,FOUR-WAY INTERSECTION                                  ,"2-WAY, DIVIDED, UNPROT (PAINTED > 4 FEET) MEDIAN       ",SINGLE VEHICLE                                         ,                         ,TPD_TRAFFIC_INCIDENTS,\\central\data\Transportation\Traffic\Accident Data\2017\1709050452.pdf,,,,,
989928.68996062874794,473157.890091866254807,7892,1905240795  ,210935,2,2019-05-24T00:00:00.000Z,2302,FRI,0,0,0,3104      ,3104-INJURY TRAFFIC ACCIDENT/BICYCLE                   ,989928.69,473157.89,RIVER RD                      ,,TUCSON              ,Approximately,UNK  ,Feet,S ,From,ORACLE RD                     ,        ,N ,ORACLE                                  ,RD  ,W ,RIVER                                   ,RD  ,DARK-LIGHTED                                           ,CLEAR                                                  ,                         ,NON-CONTROLLED ACCESS - INTERSECTION-RELATED           ,FOUR-WAY INTERSECTION                                  ,"2-WAY, DIVIDED, UNPROT (PAINTED > 4 FEET) MEDIAN       ",,PEDALCYCLE               ,TPD_TRAFFIC_INCIDENTS,\\central\data\Transportation\Traffic\Accident Data\2019\1905240795.pdf,,,,,
984850.5,466597.330052495002747,7931,1304300492  ,161678,2,2013-04-30T00:00:00.000Z,1850,TUE,0,0,0,3104      ,3104-INJURY TRAFFIC ACCIDENT/BICYCLE                   ,984850.5,466597.33,W ROGER RD                    ,INSIDE                                                 ,TUCSON              ,N/A,     ,N/A,  ,At,N FLOWING WELLS RD            ,        ,N ,FLOWING WELLS                           ,RD  ,W ,ROGER                                   ,RD  ,DAYLIGHT                                               ,CLEAR                                                  ,                         ,NON-CONTROLLED ACCESS - INTERSECTION (WITHIN)          ,FOUR-WAY INTERSECTION                                  ,"2-WAY, NOT DIVIDED WITH CONT LEFT TURN LANE            ",OTHER                                                  ,                         ,TPD_TRAFFIC_INCIDENTS,,,,,,
993660.75,445499.660104990005493,7939,1808290621  ,204476,2,2018-08-29T00:00:00.000Z,2303,WED,0,0,0,3104      ,3104-INJURY TRAFFIC ACCIDENT/BICYCLE                   ,993660.75,445499.66,5TH AV                        ,,TUCSON              ,N/A,     ,N/A,  ,At,BROADWAY BL                   ,        ,S ,5TH                                     ,AV  ,E ,BROADWAY                                ,BL  ,DARK-LIGHTED                                           ,CLEAR                                                  ,                         ,NON-CONTROLLED ACCESS - INTERSECTION (WITHIN)          ,FOUR-WAY INTERSECTION                                  ,"2-WAY, NOT DIVIDED WITH CONT LEFT TURN LANE            ",OTHER                                                  ,PEDALCYCLE               ,TPD_TRAFFIC_INCIDENTS,\\central\data\Transportation\Traffic\Accident Data\2018\1808290621.pdf,,,,,
1027516.509842518717051,435241.43996062874794,8011,1810070497  ,205403,2,2018-10-07T00:00:00.000Z,2027,SUN,0,0,1,3104      ,3104-INJURY TRAFFIC ACCIDENT/BICYCLE                   ,1027516.51,435241.44,S WILMOT RD                   ,INSIDE                                                 ,TUCSON              ,N/A,     ,N/A,  ,At,E GOLF LINKS RD               ,        ,E ,GOLF LINKS                              ,RD  ,S ,WILMOT                                  ,RD  ,DARK-LIGHTED                                           ,RAIN                                                   ,                         ,NON-CONTROLLED ACCESS - INTERSECTION (WITHIN)          ,FOUR-WAY INTERSECTION                                  ,"2-WAY, DIVIDED, UNPROT (PAINTED > 4 FEET) MEDIAN       ",OTHER                                                  ,PEDALCYCLE               ,TPD_TRAFFIC_INCIDENTS,\\central\data\Transportation\Traffic\Accident Data\2018\1810070497.pdf,,,,,
992648.479986876249313,469266.009842522442341,8030,1904290751  ,210345,2,2019-04-29T00:00:00.000Z,2031,MON,0,0,0,3104      ,3104-INJURY TRAFFIC ACCIDENT/BICYCLE                   ,992648.48,469266.01,STONE AV N                    ,INSIDE                                                 ,TUCSON              ,Approximately,UNK  ,Feet,E ,From,WETMORE RD E                  ,        ,N ,STONE                                   ,AV  ,E ,WETMORE                                 ,RD  ,DARK-LIGHTED                                           ,CLEAR                                                  ,                         ,NON-CONTROLLED ACCESS - INTERSECTION-RELATED           ,FOUR-WAY INTERSECTION                                  ,"2-WAY, DIVIDED, UNPROT (PAINTED > 4 FEET) MEDIAN       ",OTHER                                                  ,PEDALCYCLE               ,TPD_TRAFFIC_INCIDENTS,\\central\data\Transportation\Traffic\Accident Data\2019\1904290751.pdf,,,,,
992648.479986876249313,469266.009842522442341,8038,1307220434  ,163382,3,2013-07-22T00:00:00.000Z,1900,MON,0,0,0,3104      ,3104-INJURY TRAFFIC ACCIDENT/BICYCLE                   ,992648.48,469266.01,N STONE AV                    ,INSIDE                                                 ,TUCSON              ,N/A,     ,N/A,  ,At,E WETMORE RD                  ,        ,N ,STONE                                   ,AV  ,E ,WETMORE                                 ,RD  ,DAYLIGHT                                               ,CLEAR                                                  ,                         ,NON-CONTROLLED ACCESS - INTERSECTION (WITHIN)          ,FOUR-WAY INTERSECTION                                  ,"2-WAY, NOT DIVIDED WITH CONT LEFT TURN LANE            ",ANGLE (FRONT TO SIDE) (OTHER THAN LEFT TURN)           ,                         ,TPD_TRAFFIC_INCIDENTS,,,,,,
1023415.410104986280203,445918.25,8065,1210120213  ,159719,2,2012-10-12T00:00:00.000Z,1629,FRI,0,0,0,3104      ,3104-INJURY TRAFFIC ACCIDENT/BICYCLE                   ,1023415.41,445918.25,BROADWAY BL E                 ,INSIDE                                                 ,TUCSON              ,N/A,     ,N/A,  ,At,VAN BUREN AV S                ,        ,E ,BROADWAY                                ,BL  ,S ,VAN BUREN                               ,AV  ,DAYLIGHT                                               ,CLEAR                                                  ,                         ,NON-CONTROLLED ACCESS - INTERSECTION (WITHIN)          ,T-INTERSECTION                                         ,"2-WAY, DIVIDED POSITIVE MEDIAN BARRIER                 ",LEFT TURN                                              ,                         ,TPD_TRAFFIC_INCIDENTS,,,,,,
995399.25,461383.759842522442341,8074,1601250093  ,181296,1,2016-01-25T00:00:00.000Z,0750,MON,0,0,1,3402      ,3402-OTHER VEHICLE ACCIDENTS/BICYCLE ACCIDENTS         ,995399.25,461383.76,FORT LOWELL RD E              ,INSIDE                                                 ,TUCSON              ,Approximately,50   ,Feet,W ,From,1ST AV N                      ,        ,N ,1ST                                     ,AV  ,E ,FORT LOWELL                             ,RD  ,DAYLIGHT                                               ,CLEAR                                                  ,                         ,CONTROLLED ACCESS - INTERSECTION-RELATED               ,FOUR-WAY INTERSECTION                                  ,"2-WAY, NOT DIVIDED WITH CONT LEFT TURN LANE            ",OTHER                                                  ,BICYCLIST FELL OFF BIKE  ,TPD_TRAFFIC_INCIDENTS,,,,,,
995399.25,461383.759842522442341,8089,1307140395  ,163218,2,2013-07-14T00:00:00.000Z,1710,SUN,0,0,0,3204      ,3204-PROP DMG TRAF ACCIDENT/BICYCLE                    ,995399.25,461383.76,N 1ST AV                      ,INSIDE                                                 ,TUCSON              ,N/A,     ,N/A,  ,At,E FORT LOWELL RD              ,        ,N ,1ST                                     ,AV  ,E ,FORT LOWELL                             ,RD  ,DAYLIGHT                                               ,CLEAR                                                  ,                         ,NON-CONTROLLED ACCESS - INTERSECTION (WITHIN)          ,FOUR-WAY INTERSECTION                                  ,UNKNOWN                                                ,OTHER                                                  ,VEHICLE W/BICYCLE        ,TPD_TRAFFIC_INCIDENTS,,,,,,
995399.25,461383.759842522442341,8109,1608030424  ,185928,2,2016-08-03T00:00:00.000Z,1953,WED,0,1,0,3104      ,3104-INJURY TRAFFIC ACCIDENT/BICYCLE                   ,995399.25,461383.76,1ST AV N                      ,INSIDE                                                 ,TUCSON              ,N/A,     ,N/A,  ,At,FORT LOWELL RD E              ,        ,N ,1ST                                     ,AV  ,E ,FORT LOWELL                             ,RD  ,DUSK                                                   ,CLOUDY                                                 ,                         ,NON-CONTROLLED ACCESS - INTERSECTION (WITHIN)          ,FOUR-WAY INTERSECTION                                  ,"2-WAY, NOT DIVIDED WITH CONT LEFT TURN LANE            ",SINGLE VEHICLE                                         ,                         ,TPD_TRAFFIC_INCIDENTS,\\central\data\Transportation\Traffic\Accident Data\2016\1608030424.pdf,,,,,