X,Y,OBJECTID,acci_id,tamainid,numunits,AccidentDate,AccidentTime,DayOfWeek,WasFatal,WasHitAndRun,TransImmedMedCare,UCRCode,UCRDescription,CoordX,CoordY,Location,Inside_Outside,City,Accuracy,Distance,Units,Direction,From_At,IntersectingStreet,AddrNumber,AddrDirection,AddrStreetName,AddrStreetNameSuffix,CrossStreetDirection,CrossStreetName,CrossStreetSuffix,LightConditionDescription,WeatherDescription,WeatherOther,RelationDescription,IntersectionTypeDescription,RoadConfigurationDescription,MannerOfCrashDescription,MannerOfCrashOther,DATASOURCE,URL,F7Days,F28Days,COMPSTAT_28D,WEEKLY_7D,AccidentDateTime
995399.25,461383.759842522442341,8131,1812060257  ,206869,2,2018-12-06T00:00:00.000Z,1153,THU,0,0,0,3104      ,3104-INJURY TRAFFIC ACCIDENT/BICYCLE                   ,995399.25,461383.76,FORT LOWELL RD                ,INSIDE                                                 ,TUCSON              ,Approximately,UNK  ,Feet,E ,From,1ST AV                        ,        ,N ,1ST                                     ,AV  ,E ,FORT LOWELL                             ,RD  ,DAYLIGHT                                               ,CLEAR                                                  ,                         ,NON-CONTROLLED ACCESS - INTERSECTION-RELATED           ,FOUR-WAY INTERSECTION                                  ,"2-WAY, NOT DIVIDED WITH CONT LEFT TURN LANE            ",OTHER                                                  ,PEDALCYCLE               ,TPD_TRAFFIC_INCIDENTS,\\central\data\Transportation\Traffic\Accident Data\2018\1812060257.pdf,,,,,
1021924.299868766218424,456488.12992125749588,8192,1209070206  ,158983,2,2012-09-07T00:00:00.000Z,1630,FRI,0,0,0,3214      ,3214-PROP DMG TRAF ACCIDENT/HIT & RUN/BICYCLE          ,1021924.3,456488.13,N CRAYCROFT RD                ,INSIDE                                                 ,TUCSON              ,Approximately,600  ,Feet,N ,From,E GRANT RD                    ,        ,N ,CRAYCROFT                               ,RD  ,E ,GRANT                                   ,RD  ,DAYLIGHT                                               ,CLEAR                                                  ,                         ,NON-CONTROLLED ACCESS - DRIVEWAY                       ,FOUR-WAY INTERSECTION                                  ,"2-WAY, DIVIDED, UNPROT (PAINTED > 4 FEET) MEDIAN       ",ANGLE (FRONT TO SIDE) (OTHER THAN LEFT TURN)           ,                         ,TPD_TRAFFIC_INCIDENTS,,,,,,
1021924.299868766218424,456488.12992125749588,8200,1405040230  ,168790,2,2014-05-04T00:00:00.000Z,1233,SUN,0,0,0,3104      ,3104-INJURY TRAFFIC ACCIDENT/BICYCLE                   ,1021924.3,456488.13,E GRANT RD                    ,INSIDE                                                 ,TUCSON              ,Approximately,300  ,Feet,W ,From,N CRAYCROFT RD                ,        ,N ,CRAYCROFT                               ,RD  ,E ,GRANT                                   ,RD  ,DAYLIGHT                                               ,CLEAR                                                  ,                         ,NOT JUNCTION RELATED                                   ,,"2-WAY, DIVIDED POSITIVE MEDIAN BARRIER                 ",REAR END (FRONT TO REAR)                               ,                         ,TPD_TRAFFIC_INCIDENTS,,,,,,
1021924.299868766218424,456488.12992125749588,8213,1808030399  ,203950,2,2018-08-03T00:00:00.000Z,1600,FRI,0,0,0,3104      ,3104-INJURY TRAFFIC ACCIDENT/BICYCLE                   ,1021924.3,456488.13,CRAYCROFT RD N                ,INSIDE                                                 ,TUCSON              ,Approximately,0.2  ,Miles,N ,From,GRANT RD E                    ,        ,N ,CRAYCROFT                               ,RD  ,E ,GRANT                                   ,RD  ,DAYLIGHT                                               ,CLEAR                                                  ,                         ,NOT JUNCTION RELATED                                   ,,"2-WAY, DIVIDED, UNPROT (PAINTED > 4 FEET) MEDIAN       ",OTHER                                                  ,PEDALCYCLE               ,TPD_TRAFFIC_INCIDENTS,\\central\data\Transportation\Traffic\Accident Data\2018\1808030399.pdf,,,,,
1022160.0,440561.399934381246567,8472,1509160131  ,178264,2,2015-09-16T00:00:00.000Z,0830,WED,1,0,0,3004      ,3004-FATAL TRAFFIC ACCIDENT/BICYCLE                    ,1022160,440561.4,22ND ST E                     ,INSIDE                                                 ,TUCSON              ,N/A,     ,N/A,  ,At,CRAYCROFT RD N                ,        ,E ,22ND                                    ,ST  ,S ,CRAYCROFT                               ,RD  ,DAYLIGHT                                               ,CLEAR                                                  ,                         ,NON-CONTROLLED ACCESS - INTERSECTION (WITHIN)          ,FOUR-WAY INTERSECTION                                  ,"2-WAY, DIVIDED, UNPROT (PAINTED > 4 FEET) MEDIAN       ",SINGLE VEHICLE                                         ,                         ,TPD_TRAFFIC_INCIDENTS,,,,,,
1022160.0,440561.399934381246567,8477,1607050555  ,185226,2,2016-07-05T00:00:00.000Z,2053,TUE,0,1,0,3214      ,3214-PROP DMG TRAF ACCIDENT/HIT & RUN/BICYCLE          ,1022160,440561.4,CRAYCROFT RD S                ,INSIDE                                                 ,TUCSON              ,Approximately,200  ,Feet,S ,From,22ND ST E                     ,        ,E ,22ND                                    ,ST  ,S ,CRAYCROFT                               ,RD  ,DARK-LIGHTED                                           ,CLEAR                                                  ,                         ,NON-CONTROLLED ACCESS - DRIVEWAY                       ,FOUR-WAY INTERSECTION                                  ,"2-WAY, DIVIDED, UNPROT (PAINTED > 4 FEET) MEDIAN       ",SINGLE VEHICLE                                         ,                         ,TPD_TRAFFIC_INCIDENTS,\\central\data\Transportation\Traffic\Accident Data\2016\1607050555.pdf,,,,,
1022160.0,440561.399934381246567,8502,1905150371  ,210721,2,2019-05-15T00:00:00.000Z,1236,WED,0,0,0,3204      ,3204-PROP DMG TRAF ACCIDENT/BICYCLE                    ,1022160,440561.4,22ND ST E                     ,INSIDE                                                 ,TUCSON              ,Approximately,UNK  ,Feet,E ,From,CRAYCROFT RD                  ,        ,E ,22ND                                    ,ST  ,S ,CRAYCROFT                               ,RD  ,DAYLIGHT                                               ,CLEAR                                                  ,                         ,NOT JUNCTION RELATED                                   ,,"2-WAY, DIVIDED, UNPROT (PAINTED > 4 FEET) MEDIAN       ",,PEDALCYCLE               ,TPD_TRAFFIC_INCIDENTS,\\central\data\Transportation\Traffic\Accident Data\2019\1905150371.pdf,,,,,
1022160.0,440561.399934381246567,8522,1711040493  ,197777,2,2017-11-04T00:00:00.000Z,2121,SAT,0,0,1,3104      ,3104-INJURY TRAFFIC ACCIDENT/BICYCLE                   ,1022160,440561.4,22ND ST E                     ,,TUCSON              ,N/A,     ,N/A,  ,At,CRAYCROFT RD S                ,        ,E ,22ND                                    ,ST  ,S ,CRAYCROFT                               ,RD  ,DARK-LIGHTED                                           ,CLEAR                                                  ,                         ,NON-CONTROLLED ACCESS - INTERSECTION (WITHIN)          ,FOUR-WAY INTERSECTION                                  ,"2-WAY, DIVIDED, UNPROT (PAINTED > 4 FEET) MEDIAN       ",LEFT TURN                                              ,                         ,TPD_TRAFFIC_INCIDENTS,\\central\data\Transportation\Traffic\Accident Data\2017\1711040493.pdf,,,,,
1022160.0,440561.399934381246567,8530,1609030440  ,186744,2,2016-09-03T00:00:00.000Z,1533,SAT,0,0,0,3204      ,3204-PROP DMG TRAF ACCIDENT/BICYCLE                    ,1022160,440561.4,22ND ST E                     ,INSIDE                                                 ,TUCSON              ,N/A,     ,N/A,  ,At,CRAYCROFT RD S                ,        ,E ,22ND                                    ,ST  ,S ,CRAYCROFT                               ,RD  ,DAYLIGHT                                               ,CLEAR                                                  ,                         ,NON-CONTROLLED ACCESS - INTERSECTION (WITHIN)          ,FOUR-WAY INTERSECTION                                  ,"2-WAY, DIVIDED, UNPROT (PAINTED > 4 FEET) MEDIAN       ",SINGLE VEHICLE                                         ,                         ,TPD_TRAFFIC_INCIDENTS,\\central\data\Transportation\Traffic\Accident Data\2016\1609030440.pdf,,,,,
991316.220144357532263,461318.640091866254807,8548,1806120427  ,202903,2,2018-06-12T00:00:00.000Z,1728,TUE,1,0,1,3004      ,3004-FATAL TRAFFIC ACCIDENT/BICYCLE                    ,991316.22,461318.64,FORT LOWELL RD                ,INSIDE                                                 ,TUCSON              ,Approximately,20   ,Feet,W ,From,CASTRO AV                     ,        ,N ,CASTRO                                  ,AV  ,W ,FORT LOWELL                             ,RD  ,DAYLIGHT                                               ,CLEAR                                                  ,                         ,NON-CONTROLLED ACCESS - INTERSECTION-RELATED           ,T-INTERSECTION                                         ,"2-WAY, NOT DIVIDED                                     ",OTHER                                                  ,PEDALCYCLE               ,TPD_TRAFFIC_INCIDENTS,\\central\data\Transportation\Traffic\Accident Data\2018\1806120427.pdf,,,,,
1048620.81003937125206,435327.520013123750687,8604,1808310285  ,204521,2,2018-08-31T00:00:00.000Z,1314,FRI,0,0,0,3104      ,3104-INJURY TRAFFIC ACCIDENT/BICYCLE                   ,1048620.81,435327.52,E GOLF LINKS RD               ,INSIDE                                                 ,TUCSON              ,Approximately,300  ,Feet,E ,From,S HARRISON RD                 ,        ,E ,GOLF LINKS                              ,RD  ,S ,HARRISON                                ,RD  ,DAYLIGHT                                               ,CLEAR                                                  ,                         ,NOT JUNCTION RELATED                                   ,,"2-WAY, DIVIDED, UNPROT (PAINTED > 4 FEET) MEDIAN       ",OTHER                                                  ,PEDALCYCLE               ,TPD_TRAFFIC_INCIDENTS,\\central\data\Transportation\Traffic\Accident Data\2018\1808310285.pdf,,,,,
996794.81003937125206,450919.68996062874794,8615,1809170113  ,204875,2,2018-09-17T00:00:00.000Z,0540,MON,0,0,0,3104      ,3104-INJURY TRAFFIC ACCIDENT/BICYCLE                   ,996794.81,450919.69,SPEEDWAY BL                   ,INSIDE                                                 ,TUCSON              ,N/A,     ,N/A,  ,At,PARK AV                       ,        ,N ,PARK                                    ,AV  ,E ,SPEEDWAY                                ,BL  ,DAWN                                                   ,CLEAR                                                  ,                         ,NON-CONTROLLED ACCESS - INTERSECTION (WITHIN)          ,FOUR-WAY INTERSECTION                                  ,"2-WAY, DIVIDED, UNPROT (PAINTED > 4 FEET) MEDIAN       ",OTHER                                                  ,PEDALCYCLE               ,TPD_TRAFFIC_INCIDENTS,\\central\data\Transportation\Traffic\Accident Data\2018\1809170113.pdf,,,,,
1048620.81003937125206,435327.520013123750687,8620,1707180613  ,195018,2,2017-07-18T00:00:00.000Z,2153,TUE,0,0,1,3104      ,3104-INJURY TRAFFIC ACCIDENT/BICYCLE                   ,1048620.81,435327.52,GOLF LINKS RD E               ,INSIDE                                                 ,TUCSON              ,N/A,     ,N/A,  ,At,HARRISON RD S                 ,        ,E ,GOLF LINKS                              ,RD  ,S ,HARRISON                                ,RD  ,DARK-LIGHTED                                           ,CLEAR                                                  ,                         ,NON-CONTROLLED ACCESS - INTERSECTION (WITHIN)          ,FOUR-WAY INTERSECTION                                  ,"2-WAY, DIVIDED, UNPROT (PAINTED > 4 FEET) MEDIAN       ",SINGLE VEHICLE                                         ,                         ,TPD_TRAFFIC_INCIDENTS,\\central\data\Transportation\Traffic\Accident Data\2017\1707180613.pdf,,,,,
991990.5,460711.720144353806973,8691,1305010295  ,161694,2,2013-05-01T00:00:00.000Z,1334,WED,0,0,0,3104      ,3104-INJURY TRAFFIC ACCIDENT/BICYCLE                   ,991990.5,460711.72,N STONE AV                    ,INSIDE                                                 ,TUCSON              ,N/A,     ,N/A,  ,At,W DELANO ST                   ,        ,E ,DELANO                                  ,ST  ,N ,STONE                                   ,AV  ,DAYLIGHT                                               ,CLEAR                                                  ,                         ,NON-CONTROLLED ACCESS - INTERSECTION (WITHIN)          ,FOUR-WAY INTERSECTION                                  ,"2-WAY, NOT DIVIDED WITH CONT LEFT TURN LANE            ",ANGLE (FRONT TO SIDE) (OTHER THAN LEFT TURN)           ,                         ,TPD_TRAFFIC_INCIDENTS,,,,,,
1000808.169947504997253,445653.12007874250412,8724,1312140228  ,166246,2,2013-12-14T00:00:00.000Z,0102,SAT,0,0,0,3104      ,3104-INJURY TRAFFIC ACCIDENT/BICYCLE                   ,1000808.17,445653.12,E BROADWAY BL                 ,INSIDE                                                 ,TUCSON              ,Approximately,350  ,Feet,E ,From,N CAMPBELL AV                 ,        ,E ,BROADWAY                                ,BL  ,N ,CAMPBELL                                ,AV  ,DAYLIGHT                                               ,CLEAR                                                  ,                         ,NOT JUNCTION RELATED                                   ,UNKNOWN                                                ,"2-WAY, DIVIDED, UNPROT (PAINTED > 4 FEET) MEDIAN       ",LEFT TURN                                              ,                         ,TPD_TRAFFIC_INCIDENTS,,,,,,
1000808.169947504997253,445653.12007874250412,8726,1407160129  ,169971,2,2014-07-16T00:00:00.000Z,0823,WED,0,0,0,3104      ,3104-INJURY TRAFFIC ACCIDENT/BICYCLE                   ,1000808.17,445653.12,E BROADWAY BL                 ,INSIDE                                                 ,TUCSON              ,N/A,     ,N/A,  ,At,N CAMPBELL AV                 ,        ,E ,BROADWAY                                ,BL  ,N ,CAMPBELL                                ,AV  ,DAYLIGHT                                               ,CLEAR                                                  ,                         ,NON-CONTROLLED ACCESS - INTERSECTION (WITHIN)          ,FOUR-WAY INTERSECTION                                  ,"2-WAY, DIVIDED POSITIVE MEDIAN BARRIER                 ",ANGLE (FRONT TO SIDE) (OTHER THAN LEFT TURN)           ,                         ,TPD_TRAFFIC_INCIDENTS,,,,,,
996722.75,461387.609908133745193,8733,1301140389  ,159886,2,2013-01-14T00:00:00.000Z,1703,MON,0,0,1,3104      ,3104-INJURY TRAFFIC ACCIDENT/BICYCLE                   ,996722.75,461387.61,E FORT LOWELL RD              ,INSIDE                                                 ,TUCSON              ,N/A,     ,N/A,  ,At,N PARK AV                     ,        ,E ,FORT LOWELL                             ,RD  ,N ,PARK                                    ,AV  ,DAYLIGHT                                               ,CLEAR                                                  ,                         ,NON-CONTROLLED ACCESS - INTERSECTION (WITHIN)          ,T-INTERSECTION                                         ,"2-WAY, NOT DIVIDED WITH CONT LEFT TURN LANE            ",OTHER                                                  ,W/CYCLIST                ,TPD_TRAFFIC_INCIDENTS,,,,,,
996807.43996062874794,449819.589895009994507,8737,1606080006  ,184597,2,2016-06-08T00:00:00.000Z,1122,WED,0,0,0,3204      ,3204-PROP DMG TRAF ACCIDENT/BICYCLE                    ,996807.44,449819.59,PARK                          ,INSIDE                                                 ,TUCSON              ,N/A,     ,N/A,  ,At,PARK                          ,        ,E ,JAMES E ROGERS                          ,WY  ,N ,PARK                                    ,AV  ,DAYLIGHT                                               ,CLEAR                                                  ,                         ,NON-CONTROLLED ACCESS - INTERSECTION-RELATED           ,FOUR-WAY INTERSECTION                                  ,"2-WAY, NOT DIVIDED                                     ",ANGLE (FRONT TO SIDE) (OTHER THAN LEFT TURN)           ,                         ,TPD_TRAFFIC_INCIDENTS,\\central\data\Transportation\Traffic\Accident Data\2016\1606080006.pdf,,,,,
1000808.169947504997253,445653.12007874250412,8749,1611070127  ,188516,2,2016-11-07T00:00:00.000Z,0740,MON,0,0,0,3204      ,3204-PROP DMG TRAF ACCIDENT/BICYCLE                    ,1000808.17,445653.12,BROADWAY BL E                 ,INSIDE                                                 ,TUCSON              ,N/A,     ,N/A,  ,At,CAMPBELL AV N                 ,        ,E ,BROADWAY                                ,BL  ,N ,CAMPBELL                                ,AV  ,DAYLIGHT                                               ,CLEAR                                                  ,                         ,NON-CONTROLLED ACCESS - INTERSECTION (WITHIN)          ,FOUR-WAY INTERSECTION                                  ,"2-WAY, NOT DIVIDED WITH CONT LEFT TURN LANE            ",SINGLE VEHICLE                                         ,                         ,TPD_TRAFFIC_INCIDENTS,\\central\data\Transportation\Traffic\Accident Data\2016\1611070127.pdf,,,,,
993390.62992126122117,432348.43996062874794,8777,1412210295  ,172985,2,2014-12-21T00:00:00.000Z,1554,SUN,0,0,0,3104      ,3104-INJURY TRAFFIC ACCIDENT/BICYCLE                   ,993390.63,432348.44,S 6TH AV                      ,INSIDE                                                 ,TUCSON              ,N/A,     ,N/A,  ,At,W 44TH ST                     ,        ,W ,44TH                                    ,ST  ,S ,6TH                                     ,AV  ,DAYLIGHT                                               ,CLEAR                                                  ,                         ,NON-CONTROLLED ACCESS - INTERSECTION (WITHIN)          ,T-INTERSECTION                                         ,"2-WAY, NOT DIVIDED WITH CONT LEFT TURN LANE            ",ANGLE (FRONT TO SIDE) (OTHER THAN LEFT TURN)           ,                         ,TPD_TRAFFIC_INCIDENTS,,,,,,
999816.68996062874794,449238.089895009994507,8782,1506110005  ,176379,2,2015-06-11T00:00:00.000Z,1200,THU,0,0,0,3204      ,3204-PROP DMG TRAF ACCIDENT/BICYCLE                    ,999816.69,449238.09,UNIVERSITY                    ,INSIDE                                                 ,TUCSON              ,Measured,100  ,Feet,E ,From,CHERRY                        ,1630    ,E ,UNIVERSITY                              ,BL  ,  ,                                        ,    ,DAYLIGHT                                               ,CLEAR                                                  ,                         ,NOT JUNCTION RELATED                                   ,,ONE WAY TRAFFICWAY                                     ,ANGLE (FRONT TO SIDE) (OTHER THAN LEFT TURN)           ,                         ,TPD_TRAFFIC_INCIDENTS,,,,,,
1000774.160104986280203,449404.529855646193027,8840,1306010137  ,162392,2,2013-06-01T00:00:00.000Z,0449,SAT,0,1,0,3114      ,3114-INJURY TRAF ACCIDENT/HIT & RUN/BICYCLE            ,1000774.16,449404.53,N CAMPBELL AV                 ,INSIDE                                                 ,TUCSON              ,N/A,     ,N/A,  ,At,E 3RD ST                      ,        ,E ,3RD                                     ,ST  ,N ,CAMPBELL                                ,AV  ,DAYLIGHT                                               ,CLEAR                                                  ,                         ,NOT JUNCTION RELATED                                   ,,,"SIDESWIPE, SAME DIRECTION                              ",                         ,TPD_TRAFFIC_INCIDENTS,,,,,,
997454.93996062874794,445586.479986876249313,8903,1404290126  ,168681,2,2014-04-29T00:00:00.000Z,0647,TUE,0,0,1,3104      ,3104-INJURY TRAFFIC ACCIDENT/BICYCLE                   ,997454.94,445586.48,E BROADWAY BL                 ,INSIDE                                                 ,TUCSON              ,N/A,     ,N/A,  ,At,N FREMONT AV                  ,        ,E ,BROADWAY                                ,BL  ,N ,FREMONT                                 ,AV  ,DAYLIGHT                                               ,CLEAR                                                  ,                         ,NON-CONTROLLED ACCESS - INTERSECTION (WITHIN)          ,FOUR-WAY INTERSECTION                                  ,"2-WAY, NOT DIVIDED WITH CONT LEFT TURN LANE            ",LEFT TURN                                              ,                         ,TPD_TRAFFIC_INCIDENTS,,,,,,
1011412.020013123750687,448463.109908133745193,8912,1405030179  ,168765,2,2014-05-03T00:00:00.000Z,1012,SAT,0,0,0,3104      ,3104-INJURY TRAFFIC ACCIDENT/BICYCLE                   ,1011412.02,448463.11,E 5TH ST                      ,INSIDE                                                 ,TUCSON              ,Approximately,50   ,Feet,W ,From,N ALVERNON WY                 ,        ,E ,5TH                                     ,ST  ,N ,ALVERNON                                ,WY  ,DAYLIGHT                                               ,CLEAR                                                  ,                         ,NOT JUNCTION RELATED                                   ,,"2-WAY, NOT DIVIDED WITH CONT LEFT TURN LANE            ","SIDESWIPE, OPPOSITE DIRECTION                          ",                         ,TPD_TRAFFIC_INCIDENTS,,,,,,
992835.31003937125206,445473.720144353806973,8959,1401090296  ,166663,2,2014-01-09T00:00:00.000Z,1500,THU,0,0,0,3104      ,3104-INJURY TRAFFIC ACCIDENT/BICYCLE                   ,992835.31,445473.72,E BROADWAY BL                 ,INSIDE                                                 ,TUCSON              ,N/A,     ,N/A,  ,At,S SCOTT AV                    ,        ,E ,BROADWAY                                ,BL  ,S ,SCOTT                                   ,AV  ,DAYLIGHT                                               ,CLEAR                                                  ,                         ,CONTROLLED ACCESS - INTERSECTION (WITHIN)              ,FOUR-WAY INTERSECTION                                  ,ONE WAY TRAFFICWAY                                     ,ANGLE (FRONT TO SIDE) (OTHER THAN LEFT TURN)           ,                         ,TPD_TRAFFIC_INCIDENTS,,,,,,
998077.06003937125206,461400.160104990005493,8965,1302050149  ,160244,2,2013-02-05T00:00:00.000Z,0734,TUE,0,0,0,3104      ,3104-INJURY TRAFFIC ACCIDENT/BICYCLE                   ,998077.06,461400.16,N MOUNTAIN AV                 ,INSIDE                                                 ,TUCSON              ,Approximately,50   ,Feet,S ,From,E FORT LOWELL RD              ,        ,E ,FORT LOWELL                             ,RD  ,N ,MOUNTAIN                                ,AV  ,DAYLIGHT                                               ,CLEAR                                                  ,                         ,NOT JUNCTION RELATED                                   ,,"2-WAY, NOT DIVIDED                                     ",OTHER                                                  ,CAR VS BICYCLE           ,TPD_TRAFFIC_INCIDENTS,,,,,,
998077.06003937125206,461400.160104990005493,8969,1312300187  ,166513,2,2013-12-30T00:00:00.000Z,1110,MON,0,0,0,3104      ,3104-INJURY TRAFFIC ACCIDENT/BICYCLE                   ,998077.06,461400.16,E FORT LOWELL RD              ,INSIDE                                                 ,TUCSON              ,N/A,     ,N/A,  ,N/A,N MOUNTAIN AV                 ,        ,E ,FORT LOWELL                             ,RD  ,N ,MOUNTAIN                                ,AV  ,DAYLIGHT                                               ,CLEAR                                                  ,                         ,NON-CONTROLLED ACCESS - DRIVEWAY                       ,,,ANGLE (FRONT TO SIDE) (OTHER THAN LEFT TURN)           ,                         ,TPD_TRAFFIC_INCIDENTS,,,,,,
989993.290026247501373,470523.140091866254807,9006,1504070150  ,175149,2,2015-04-07T00:00:00.000Z,0915,TUE,0,0,0,3104      ,3104-INJURY TRAFFIC ACCIDENT/BICYCLE                   ,989993.29,470523.14,ORACLE RD N                   ,INSIDE                                                 ,TUCSON              ,N/A,     ,N/A,  ,At,AUTO MALL DR W                ,        ,W ,AUTO MALL                               ,DR  ,N ,ORACLE                                  ,RD  ,DAYLIGHT                                               ,CLEAR                                                  ,                         ,NON-CONTROLLED ACCESS - INTERSECTION (WITHIN)          ,FOUR-WAY INTERSECTION                                  ,"2-WAY, DIVIDED, UNPROT (PAINTED > 4 FEET) MEDIAN       ",SINGLE VEHICLE                                         ,                         ,TPD_TRAFFIC_INCIDENTS,,,,,,
990250.029855642467737,450802.330052495002747,9093,1901300524  ,208155,2,2019-01-30T00:00:00.000Z,2050,WED,0,0,1,3104      ,3104-INJURY TRAFFIC ACCIDENT/BICYCLE                   ,990250.03,450802.33,SPEEDWAY BL                   ,,TUCSON              ,N/A,     ,N/A,  ,At,MAIN AV                       ,        ,N ,MAIN                                    ,AV  ,W ,SPEEDWAY                                ,BL  ,DARK-LIGHTED                                           ,CLEAR                                                  ,                         ,NON-CONTROLLED ACCESS - INTERSECTION (WITHIN)          ,FOUR-WAY INTERSECTION                                  ,"2-WAY, DIVIDED, UNPROT (PAINTED > 4 FEET) MEDIAN       ",OTHER                                                  ,PEDALCYCLE               ,TPD_TRAFFIC_INCIDENTS,\\central\data\Transportation\Traffic\Accident Data\2019\1901300524.pdf,,,,,
990173.279855642467737,455650.540026247501373,9100,1208010159  ,158490,2,2012-08-01T00:00:00.000Z,1500,WED,0,0,1,3104      ,3104-INJURY TRAFFIC ACCIDENT/BICYCLE                   ,990173.28,455650.54,ORACLE RD N                   ,INSIDE                                                 ,TUCSON              ,N/A,     ,N/A,  ,At,SAHUARO ST W                  ,        ,N ,ORACLE                                  ,RD  ,W ,SAHUARO                                 ,ST  ,DAYLIGHT                                               ,CLEAR                                                  ,                         ,NON-CONTROLLED ACCESS - INTERSECTION (WITHIN)          ,FOUR-WAY INTERSECTION                                  ,"2-WAY, DIVIDED POSITIVE MEDIAN BARRIER                 ",ANGLE (FRONT TO SIDE) (OTHER THAN LEFT TURN)           ,                         ,TPD_TRAFFIC_INCIDENTS,,,,,,
1032594.339895013719797,451093.0,9155,1312270461  ,166485,2,2013-12-27T00:00:00.000Z,1828,FRI,0,0,0,3104      ,3104-INJURY TRAFFIC ACCIDENT/BICYCLE                   ,1032594.34,451093,E SPEEDWAY BL                 ,INSIDE                                                 ,TUCSON              ,Approximately,300  ,Feet,E ,From,N KOLB RD                     ,        ,N ,KOLB                                    ,RD  ,E ,SPEEDWAY                                ,BL  ,DARK-LIGHTED                                           ,CLEAR                                                  ,                         ,NON-CONTROLLED ACCESS - DRIVEWAY                       ,,"2-WAY, DIVIDED POSITIVE MEDIAN BARRIER                 ",ANGLE (FRONT TO SIDE) (OTHER THAN LEFT TURN)           ,                         ,TPD_TRAFFIC_INCIDENTS,,,,,,
990016.81003937125206,469217.890091866254807,9235,1212120201  ,159376,2,2012-12-12T00:00:00.000Z,1130,WED,0,0,0,3104      ,3104-INJURY TRAFFIC ACCIDENT/BICYCLE                   ,990016.81,469217.89,W WETMORE RD                  ,INSIDE                                                 ,TUCSON              ,Approximately,175  ,Feet,W ,From,N ORACLE RD                   ,        ,N ,ORACLE                                  ,RD  ,W ,WETMORE                                 ,RD  ,DAYLIGHT                                               ,CLOUDY                                                 ,                         ,NOT JUNCTION RELATED                                   ,,"2-WAY, NOT DIVIDED WITH CONT LEFT TURN LANE            ",ANGLE (FRONT TO SIDE) (OTHER THAN LEFT TURN)           ,                         ,TPD_TRAFFIC_INCIDENTS,,,,,,
990016.81003937125206,469217.890091866254807,9244,1312260204  ,166463,2,2013-12-26T00:00:00.000Z,1450,THU,0,0,1,3104      ,3104-INJURY TRAFFIC ACCIDENT/BICYCLE                   ,990016.81,469217.89,W WETMORE RD                  ,INSIDE                                                 ,TUCSON              ,Approximately,     ,Feet,E ,From,N ORACLE RD                   ,        ,N ,ORACLE                                  ,RD  ,W ,WETMORE                                 ,RD  ,DAYLIGHT                                               ,CLEAR                                                  ,                         ,NOT JUNCTION RELATED                                   ,FOUR-WAY INTERSECTION                                  ,"2-WAY, DIVIDED POSITIVE MEDIAN BARRIER                 ",LEFT TURN                                              ,                         ,TPD_TRAFFIC_INCIDENTS,,,,,,
990016.81003937125206,469217.890091866254807,9248,1402180101  ,167430,2,2014-02-18T00:00:00.000Z,0739,TUE,0,0,0,3104      ,3104-INJURY TRAFFIC ACCIDENT/BICYCLE                   ,990016.81,469217.89,N ORACLE RD                   ,INSIDE                                                 ,TUCSON              ,N/A,     ,N/A,  ,At,W WETMORE RD                  ,        ,N ,ORACLE                                  ,RD  ,W ,WETMORE                                 ,RD  ,DAYLIGHT                                               ,CLEAR                                                  ,                         ,NON-CONTROLLED ACCESS - INTERSECTION (WITHIN)          ,FOUR-WAY INTERSECTION                                  ,,ANGLE (FRONT TO SIDE) (OTHER THAN LEFT TURN)           ,                         ,TPD_TRAFFIC_INCIDENTS,,,,,,
990016.81003937125206,469217.890091866254807,9279,1807210587  ,203666,2,2018-07-21T00:00:00.000Z,2021,SAT,0,0,1,3104      ,3104-INJURY TRAFFIC ACCIDENT/BICYCLE                   ,990016.81,469217.89,N ORACLE RD                   ,INSIDE                                                 ,TUCSON              ,N/A,     ,N/A,  ,At,W WETMORE RD                  ,        ,N ,ORACLE                                  ,RD  ,W ,WETMORE                                 ,RD  ,DARK-LIGHTED                                           ,CLOUDY                                                 ,                         ,NON-CONTROLLED ACCESS - INTERSECTION (WITHIN)          ,FOUR-WAY INTERSECTION                                  ,"2-WAY, DIVIDED, UNPROT (PAINTED > 4 FEET) MEDIAN       ",OTHER                                                  ,PEDALCYCLE               ,TPD_TRAFFIC_INCIDENTS,\\central\data\Transportation\Traffic\Accident Data\2018\1807210587.pdf,,,,,
1009373.18996062874794,451094.93996062874794,9306,1808030269  ,203941,2,2018-08-03T00:00:00.000Z,1224,FRI,0,0,0,3104      ,3104-INJURY TRAFFIC ACCIDENT/BICYCLE                   ,1009373.19,451094.94,SPEEDWAY BL E                 ,INSIDE                                                 ,"TUCSON, AZ 16       ",Approximately,20   ,Feet,E ,From,RICHEY BL                     ,        ,N ,RICHEY                                  ,BL  ,E ,SPEEDWAY                                ,BL  ,DAYLIGHT                                               ,CLEAR                                                  ,                         ,NON-CONTROLLED ACCESS - INTERSECTION-RELATED           ,FOUR-WAY INTERSECTION                                  ,"2-WAY, DIVIDED, UNPROT (PAINTED > 4 FEET) MEDIAN       ",OTHER                                                  ,PEDALCYCLE               ,TPD_TRAFFIC_INCIDENTS,\\central\data\Transportation\Traffic\Accident Data\2018\1808030269.pdf,,,,,