X,Y,OBJECTID,acci_id,tamainid,numunits,AccidentDate,AccidentTime,DayOfWeek,WasFatal,WasHitAndRun,TransImmedMedCare,UCRCode,UCRDescription,CoordX,CoordY,Location,Inside_Outside,City,Accuracy,Distance,Units,Direction,From_At,IntersectingStreet,AddrNumber,AddrDirection,AddrStreetName,AddrStreetNameSuffix,CrossStreetDirection,CrossStreetName,CrossStreetSuffix,LightConditionDescription,WeatherDescription,WeatherOther,RelationDescription,IntersectionTypeDescription,RoadConfigurationDescription,MannerOfCrashDescription,MannerOfCrashOther,DATASOURCE,URL,F7Days,F28Days,COMPSTAT_28D,WEEKLY_7D,AccidentDateTime
1032821.93996062874794,430646.31003937125206,9322,1211290104  ,159155,2,2012-11-29T00:00:00.000Z,0612,THU,0,0,1,3104      ,3104-INJURY TRAFFIC ACCIDENT/BICYCLE                   ,1032821.94,430646.31,KOLB RD S                     ,INSIDE                                                 ,TUCSON              ,N/A,     ,N/A,  ,At,LAKESIDE DR E                 ,        ,S ,KOLB                                    ,RD  ,E ,LAKESIDE                                ,DR  ,DARK-NOT LIGHTED                                       ,CLEAR                                                  ,                         ,NON-CONTROLLED ACCESS - INTERSECTION (WITHIN)          ,FOUR-WAY INTERSECTION                                  ,"2-WAY, DIVIDED POSITIVE MEDIAN BARRIER                 ",ANGLE (FRONT TO SIDE) (OTHER THAN LEFT TURN)           ,                         ,TPD_TRAFFIC_INCIDENTS,,,,,,
1021886.479986876249313,453855.649934381246567,9387,1801150313  ,199505,2,2018-01-15T00:00:00.000Z,1416,MON,0,0,0,3104      ,3104-INJURY TRAFFIC ACCIDENT/BICYCLE                   ,1021886.48,453855.65,CRAYCROFT RD                  ,INSIDE                                                 ,TUCSON              ,Approximately,UNK  ,Feet,S ,From,PIMA ST                       ,        ,N ,CRAYCROFT                               ,RD  ,E ,PIMA                                    ,ST  ,DAYLIGHT                                               ,CLEAR                                                  ,                         ,NON-CONTROLLED ACCESS - INTERSECTION-RELATED           ,FOUR-WAY INTERSECTION                                  ,"2-WAY, NOT DIVIDED WITH CONT LEFT TURN LANE            ",OTHER                                                  ,PEDALCYCLE               ,TPD_TRAFFIC_INCIDENTS,\\central\data\Transportation\Traffic\Accident Data\2018\1801150313.pdf,,,,,
983771.290026247501373,448189.25,9411,1211290377  ,159167,2,2012-11-29T00:00:00.000Z,1530,THU,0,0,1,3104      ,3104-INJURY TRAFFIC ACCIDENT/BICYCLE                   ,983771.29,448189.25,W SAINT MARYS RD              ,INSIDE                                                 ,TUCSON              ,N/A,     ,N/A,  ,At,N SILVERBELL RD               ,        ,W ,SAINT MARYS                             ,RD  ,N ,SILVERBELL                              ,RD  ,DAYLIGHT                                               ,CLEAR                                                  ,                         ,NON-CONTROLLED ACCESS - INTERSECTION (WITHIN)          ,FOUR-WAY INTERSECTION                                  ,"2-WAY, NOT DIVIDED                                     ",OTHER                                                  ,RIGHT TURN FRONT-SIDE    ,TPD_TRAFFIC_INCIDENTS,,,,,,
993970.87992126122117,461361.12992125749588,9431,1907170159  ,212100,2,2019-07-17T00:00:00.000Z,0756,WED,1,0,1,3004      ,3004-FATAL TRAFFIC ACCIDENT/BICYCLE                    ,993970.88,461361.13,GERONIMO AV                   ,INSIDE                                                 ,TUCSON              ,N/A,     ,N/A,  ,At,FORT LOWELL RD                ,        ,E ,FORT LOWELL                             ,RD  ,N ,GERONIMO                                ,AV  ,DAYLIGHT                                               ,CLOUDY                                                 ,                         ,,FOUR-WAY INTERSECTION                                  ,"2-WAY, NOT DIVIDED                                     ",,PEDAL CYCLE              ,TPD_TRAFFIC_INCIDENTS,\\central\data\Transportation\Traffic\Accident Data\2019\1907170159.pdf,,,,,
1030676.779855642467737,445783.93996062874794,9454,1211130114  ,158943,2,2012-11-13T00:00:00.000Z,1155,TUE,0,0,1,3104      ,3104-INJURY TRAFFIC ACCIDENT/BICYCLE                   ,1030676.78,445783.94,BROADWAY BL E                 ,INSIDE                                                 ,TUCSON              ,N/A,     ,N/A,  ,At,JESSICA AV N                  ,        ,E ,BROADWAY                                ,BL  ,N ,JESSICA                                 ,AV  ,DAYLIGHT                                               ,CLEAR                                                  ,                         ,NON-CONTROLLED ACCESS - INTERSECTION-RELATED           ,FOUR-WAY INTERSECTION                                  ,"2-WAY, DIVIDED POSITIVE MEDIAN BARRIER                 ",ANGLE (FRONT TO SIDE) (OTHER THAN LEFT TURN)           ,                         ,TPD_TRAFFIC_INCIDENTS,,,,,,
1030676.779855642467737,445783.93996062874794,9471,1709060335  ,196242,2,2017-09-06T00:00:00.000Z,1329,WED,0,0,1,3104      ,3104-INJURY TRAFFIC ACCIDENT/BICYCLE                   ,1030676.78,445783.94,N JESSICA AV                  ,INSIDE                                                 ,TUCSON              ,Approximately,150  ,Feet,N ,From,E BROADWAY BL                 ,        ,E ,BROADWAY                                ,BL  ,N ,JESSICA                                 ,AV  ,DAYLIGHT                                               ,CLEAR                                                  ,                         ,NON-CONTROLLED ACCESS - DRIVEWAY                       ,FOUR-WAY INTERSECTION                                  ,"2-WAY, NOT DIVIDED WITH CONT LEFT TURN LANE            ",SINGLE VEHICLE                                         ,                         ,TPD_TRAFFIC_INCIDENTS,\\central\data\Transportation\Traffic\Accident Data\2017\1709060335.pdf,,,,,
1003616.729986876249313,424497.640091866254807,9474,1802250217  ,200522,2,2018-02-25T00:00:00.000Z,1158,SUN,0,0,1,3104      ,3104-INJURY TRAFFIC ACCIDENT/BICYCLE                   ,1003616.73,424497.64,TUCSON BL                     ,INSIDE                                                 ,TUCSON              ,Approximately,UNK  ,Feet,E ,From,IRVINGTON RD                  ,        ,E ,IRVINGTON                               ,RD  ,S ,TUCSON                                  ,BL  ,DAYLIGHT                                               ,CLEAR                                                  ,                         ,NON-CONTROLLED ACCESS - INTERSECTION-RELATED           ,FOUR-WAY INTERSECTION                                  ,"2-WAY, DIVIDED, UNPROT (PAINTED > 4 FEET) MEDIAN       ",OTHER                                                  ,PEDALCYCLE               ,TPD_TRAFFIC_INCIDENTS,\\central\data\Transportation\Traffic\Accident Data\2018\1802250217.pdf,,,,,
1032771.160104986280203,435227.5,9551,1703260238  ,192264,2,2017-03-26T00:00:00.000Z,1027,SUN,0,0,0,3104      ,3104-INJURY TRAFFIC ACCIDENT/BICYCLE                   ,1032771.16,435227.5,GOLF LINKS RD E               ,INSIDE                                                 ,TUCSON              ,N/A,     ,N/A,  ,At,KOLB RD S                     ,        ,E ,GOLF LINKS                              ,RD  ,S ,KOLB                                    ,RD  ,DAYLIGHT                                               ,CLEAR                                                  ,                         ,NON-CONTROLLED ACCESS - INTERSECTION (WITHIN)          ,FOUR-WAY INTERSECTION                                  ,"2-WAY, DIVIDED, UNPROT (PAINTED > 4 FEET) MEDIAN       ",SINGLE VEHICLE                                         ,                         ,TPD_TRAFFIC_INCIDENTS,\\central\data\Transportation\Traffic\Accident Data\2017\1703260238.pdf,,,,,
1032771.160104986280203,435227.5,9557,1610100124  ,187735,2,2016-10-10T00:00:00.000Z,0758,MON,0,0,0,3104      ,3104-INJURY TRAFFIC ACCIDENT/BICYCLE                   ,1032771.16,435227.5,GOLF LINKS RD E               ,INSIDE                                                 ,TUCSON              ,Approximately,500  ,Feet,W ,From,KOLB RD S                     ,        ,E ,GOLF LINKS                              ,RD  ,S ,KOLB                                    ,RD  ,DAYLIGHT                                               ,CLEAR                                                  ,                         ,NON-CONTROLLED ACCESS - DRIVEWAY                       ,FOUR-WAY INTERSECTION                                  ,"2-WAY, DIVIDED, UNPROT (PAINTED > 4 FEET) MEDIAN       ",SINGLE VEHICLE                                         ,                         ,TPD_TRAFFIC_INCIDENTS,\\central\data\Transportation\Traffic\Accident Data\2016\1610100124.pdf,,,,,
1032771.160104986280203,435227.5,9570,1211060183  ,158857,2,2012-11-06T00:00:00.000Z,1730,TUE,0,0,0,3104      ,3104-INJURY TRAFFIC ACCIDENT/BICYCLE                   ,1032771.16,435227.5,KOLB RD                       ,INSIDE                                                 ,TUCSON              ,Approximately,150  ,Feet,N ,From,GOLF LINKS                    ,        ,E ,GOLF LINKS                              ,RD  ,S ,KOLB                                    ,RD  ,DUSK                                                   ,CLEAR                                                  ,                         ,NON-CONTROLLED ACCESS - DRIVEWAY                       ,,"2-WAY, DIVIDED POSITIVE MEDIAN BARRIER                 ",ANGLE (FRONT TO SIDE) (OTHER THAN LEFT TURN)           ,                         ,TPD_TRAFFIC_INCIDENTS,,,,,,
1000789.06003937125206,448621.37992125749588,9661,1704060497  ,192591,2,2017-04-06T00:00:00.000Z,1725,THU,0,0,1,3104      ,3104-INJURY TRAFFIC ACCIDENT/BICYCLE                   ,1000789.06,448621.38,N CAMPBELL AV                 ,INSIDE                                                 ,TUCSON              ,N/A,     ,N/A,  ,At,E ENKE DR                     ,        ,N ,CAMPBELL                                ,AV  ,E ,ENKE                                    ,    ,DAYLIGHT                                               ,CLEAR                                                  ,                         ,NON-CONTROLLED ACCESS - INTERSECTION (WITHIN)          ,T-INTERSECTION                                         ,"2-WAY, DIVIDED, UNPROT (PAINTED > 4 FEET) MEDIAN       ",SINGLE VEHICLE                                         ,                         ,TPD_TRAFFIC_INCIDENTS,\\central\data\Transportation\Traffic\Accident Data\2017\1704060497.pdf,,,,,
1027360.609908137470484,451127.87007874250412,9664,1711100238  ,197919,2,2017-11-10T00:00:00.000Z,1257,FRI,0,0,0,3104      ,3104-INJURY TRAFFIC ACCIDENT/BICYCLE                   ,1027360.61,451127.87,SPEEDWAY BL                   ,INSIDE                                                 ,TUCSON              ,Approximately,150  ,Feet,W ,From,WILMOT RD                     ,        ,E ,SPEEDWAY                                ,BL  ,N ,WILMOT                                  ,RD  ,DAYLIGHT                                               ,CLOUDY                                                 ,                         ,NOT JUNCTION RELATED                                   ,,"2-WAY, DIVIDED, UNPROT (PAINTED > 4 FEET) MEDIAN       ",OTHER                                                  ,PEDALCYCLE               ,TPD_TRAFFIC_INCIDENTS,\\central\data\Transportation\Traffic\Accident Data\2017\1711100238.pdf,,,,,
1027360.609908137470484,451127.87007874250412,9672,1902070154  ,208353,2,2019-02-07T00:00:00.000Z,0826,THU,0,0,0,3104      ,3104-INJURY TRAFFIC ACCIDENT/BICYCLE                   ,1027360.61,451127.87,N WILMOT RD                   ,INSIDE                                                 ,TUCSON              ,Approximately,UNK  ,Feet,S ,From,E SPEEDWAY BL                 ,        ,E ,SPEEDWAY                                ,BL  ,N ,WILMOT                                  ,RD  ,DAYLIGHT                                               ,CLEAR                                                  ,                         ,NON-CONTROLLED ACCESS - INTERSECTION-RELATED           ,FOUR-WAY INTERSECTION                                  ,"2-WAY, DIVIDED, UNPROT (PAINTED > 4 FEET) MEDIAN       ",OTHER                                                  ,PEDALCYCLE               ,TPD_TRAFFIC_INCIDENTS,\\central\data\Transportation\Traffic\Accident Data\2019\1902070154.pdf,,,,,
992394.5,429028.12992125749588,9709,1803050485  ,200729,2,2018-03-05T00:00:00.000Z,1707,MON,0,0,0,3104      ,3104-INJURY TRAFFIC ACCIDENT/BICYCLE                   ,992394.5,429028.13,LINCOLN ST                    ,INSIDE                                                 ,TUCSON              ,Approximately,5    ,Feet,E ,From,9TH AV                        ,        ,S ,9TH                                     ,AV  ,W ,LINCOLN                                 ,ST  ,DAYLIGHT                                               ,CLEAR                                                  ,                         ,NON-CONTROLLED ACCESS - INTERSECTION-RELATED           ,FOUR-WAY INTERSECTION                                  ,"2-WAY, NOT DIVIDED                                     ",OTHER                                                  ,PEDALCYCLE               ,TPD_TRAFFIC_INCIDENTS,\\central\data\Transportation\Traffic\Accident Data\2018\1803050485.pdf,,,,,
1021924.470144357532263,451210.12007874250412,9750,1505040269  ,175653,2,2015-05-04T00:00:00.000Z,1248,MON,0,0,0,3204      ,3204-PROP DMG TRAF ACCIDENT/BICYCLE                    ,1021924.47,451210.12,N CRAYCROFT RD                ,INSIDE                                                 ,TUCSON              ,Approximately,UNK  ,Feet,N ,From,E SPEEDWAY BL                 ,        ,N ,CRAYCROFT                               ,RD  ,E ,SPEEDWAY                                ,BL  ,DAYLIGHT                                               ,CLEAR                                                  ,                         ,NON-CONTROLLED ACCESS - DRIVEWAY                       ,FOUR-WAY INTERSECTION                                  ,"2-WAY, DIVIDED POSITIVE MEDIAN BARRIER                 ",SINGLE VEHICLE                                         ,                         ,TPD_TRAFFIC_INCIDENTS,,,,,,
997221.330052495002747,424485.609908133745193,9775,1904090192  ,209843,2,2019-04-09T00:00:00.000Z,0929,TUE,0,0,0,3104      ,3104-INJURY TRAFFIC ACCIDENT/BICYCLE                   ,997221.33,424485.61,PARK AV                       ,INSIDE                                                 ,TUCSON              ,Approximately,UNK  ,Feet,N ,From,IRVINGTON RD                  ,        ,E ,IRVINGTON                               ,RD  ,S ,PARK                                    ,AV  ,DAYLIGHT                                               ,CLEAR                                                  ,                         ,NON-CONTROLLED ACCESS - INTERSECTION-RELATED           ,FOUR-WAY INTERSECTION                                  ,"2-WAY, NOT DIVIDED WITH CONT LEFT TURN LANE            ",OTHER                                                  ,PEDALCYCLE               ,TPD_TRAFFIC_INCIDENTS,\\central\data\Transportation\Traffic\Accident Data\2019\1904090192.pdf,,,,,
1000048.12007873877883,449745.87992125749588,9783,1303050013  ,160737,2,2013-03-05T00:00:00.000Z,1248,TUE,0,0,1,3104      ,3104-INJURY TRAFFIC ACCIDENT/BICYCLE                   ,1000048.12,449745.88,UNIVERSITY BL E               ,INSIDE                                                 ,TUCSON              ,Approximately,500  ,Feet,W ,From,CAMPBELL                      ,1713    ,E ,UNIVERSITY                              ,BL  ,  ,                                        ,    ,DAYLIGHT                                               ,CLEAR                                                  ,                         ,NOT JUNCTION RELATED                                   ,,ONE WAY TRAFFICWAY                                     ,REAR END (FRONT TO REAR)                               ,                         ,TPD_TRAFFIC_INCIDENTS,,,,,,
1012009.93996062874794,451115.529855646193027,9786,1212240321  ,159529,2,2012-12-24T00:00:00.000Z,1511,MON,0,0,1,3104      ,3104-INJURY TRAFFIC ACCIDENT/BICYCLE                   ,1012009.94,451115.53,E SPEEDWAY BL                 ,INSIDE                                                 ,TUCSON              ,Approximately,00   ,Feet,E ,At,N SYCAMORE BL                 ,        ,E ,SPEEDWAY                                ,BL  ,N ,SYCAMORE                                ,BL  ,DAYLIGHT                                               ,CLEAR                                                  ,                         ,CONTROLLED ACCESS - INTERSECTION (WITHIN)              ,FOUR-WAY INTERSECTION                                  ,"2-WAY, DIVIDED POSITIVE MEDIAN BARRIER                 ",ANGLE (FRONT TO SIDE) (OTHER THAN LEFT TURN)           ,                         ,TPD_TRAFFIC_INCIDENTS,,,,,,
1013990.660104986280203,451136.330052495002747,9802,1408210423  ,170558,2,2014-08-21T00:00:00.000Z,1640,THU,0,0,0,3104      ,3104-INJURY TRAFFIC ACCIDENT/BICYCLE                   ,1013990.66,451136.33,E SPEEDWAY BL                 ,INSIDE                                                 ,TUCSON              ,Approximately,UNK  ,Feet,W ,From,N COLUMBUS BL                 ,        ,N ,COLUMBUS                                ,BL  ,E ,SPEEDWAY                                ,BL  ,DAYLIGHT                                               ,OTHER                                                  ,INTERMEDIATE RAIN        ,NOT JUNCTION RELATED                                   ,,"2-WAY, DIVIDED POSITIVE MEDIAN BARRIER                 ","SIDESWIPE, SAME DIRECTION                              ",                         ,TPD_TRAFFIC_INCIDENTS,,,,,,
1013990.660104986280203,451136.330052495002747,9807,1305130456  ,161996,2,2013-05-13T00:00:00.000Z,1954,MON,0,1,0,3114      ,3114-INJURY TRAF ACCIDENT/HIT & RUN/BICYCLE            ,1013990.66,451136.33,E SPEEDWAY BL                 ,INSIDE                                                 ,TUCSON              ,Approximately,100  ,Feet,N ,From,N COLUMBUS BL                 ,        ,N ,COLUMBUS                                ,BL  ,E ,SPEEDWAY                                ,BL  ,DAYLIGHT                                               ,CLEAR                                                  ,                         ,NOT JUNCTION RELATED                                   ,FOUR-WAY INTERSECTION                                  ,"2-WAY, DIVIDED, UNPROT (PAINTED > 4 FEET) MEDIAN       ",OTHER                                                  ,PASSENGER REAR TO FRONT T,TPD_TRAFFIC_INCIDENTS,,,,,,
1005984.919947504997253,461528.68996062874794,9891,1209120227  ,158149,2,2012-09-12T00:00:00.000Z,1624,WED,0,0,1,3104      ,3104-INJURY TRAFFIC ACCIDENT/BICYCLE                   ,1005984.92,461528.69,E FORT LOWELL RD              ,,TUCSON              ,N/A,     ,N/A,  ,At,N COUNTRY CLUB RD             ,        ,N ,COUNTRY CLUB                            ,RD  ,E ,FORT LOWELL                             ,RD  ,DAYLIGHT                                               ,CLEAR                                                  ,                         ,NON-CONTROLLED ACCESS - INTERSECTION (WITHIN)          ,FOUR-WAY INTERSECTION                                  ,"2-WAY, DIVIDED POSITIVE MEDIAN BARRIER                 ",ANGLE (FRONT TO SIDE) (OTHER THAN LEFT TURN)           ,                         ,TPD_TRAFFIC_INCIDENTS,,,,,,
1005984.919947504997253,461528.68996062874794,9909,1806200337  ,203065,2,2018-06-20T00:00:00.000Z,1702,WED,0,0,0,3104      ,3104-INJURY TRAFFIC ACCIDENT/BICYCLE                   ,1005984.92,461528.69,FORT LOWELL RD                ,INSIDE                                                 ,TUCSON              ,Approximately,100  ,Feet,E ,From,COUNTRY CLUB RD               ,        ,N ,COUNTRY CLUB                            ,RD  ,E ,FORT LOWELL                             ,RD  ,DAYLIGHT                                               ,CLEAR                                                  ,                         ,NON-CONTROLLED ACCESS - INTERSECTION-RELATED           ,FOUR-WAY INTERSECTION                                  ,"2-WAY, NOT DIVIDED WITH CONT LEFT TURN LANE            ",OTHER                                                  ,PEDECYCLE                ,TPD_TRAFFIC_INCIDENTS,\\central\data\Transportation\Traffic\Accident Data\2018\1806200337.pdf,,,,,
1005984.919947504997253,461528.68996062874794,9914,1907300216  ,212407,2,2019-07-30T00:00:00.000Z,0924,TUE,0,0,1,3104      ,3104-INJURY TRAFFIC ACCIDENT/BICYCLE                   ,1005984.92,461528.69,FORT LOWELL RD                ,INSIDE                                                 ,TUCSON              ,N/A,     ,N/A,  ,At,COUNTRY CLUB RD               ,        ,N ,COUNTRY CLUB                            ,RD  ,E ,FORT LOWELL                             ,RD  ,DAYLIGHT                                               ,CLEAR                                                  ,                         ,,FOUR-WAY INTERSECTION                                  ,"2-WAY, NOT DIVIDED WITH CONT LEFT TURN LANE            ",,PEDALCYCLE               ,TPD_TRAFFIC_INCIDENTS,\\central\data\Transportation\Traffic\Accident Data\2019\1907300216.pdf,,,,,
998147.720144357532263,450915.700131230056286,10001,1711160010  ,198067,2,2017-11-16T00:00:00.000Z,1138,THU,0,0,0,3104      ,3104-INJURY TRAFFIC ACCIDENT/BICYCLE                   ,998147.72,450915.7,E SPEEDWAY BLVD               ,INSIDE                                                 ,TUCSON              ,Approximately,0    ,Feet,  ,At,N MOUNTAIN AVE                ,        ,N ,MOUNTAIN                                ,AV  ,E ,SPEEDWAY                                ,BL  ,DAYLIGHT                                               ,CLEAR                                                  ,                         ,CONTROLLED ACCESS - INTERSECTION (WITHIN)              ,FOUR-WAY INTERSECTION                                  ,"2-WAY, DIVIDED POSITIVE MEDIAN BARRIER                 ",ANGLE (FRONT TO SIDE) (OTHER THAN LEFT TURN)           ,                         ,TPD_TRAFFIC_INCIDENTS,\\central\data\Transportation\Traffic\Accident Data\2017\1711160010.pdf,,,,,
998147.720144357532263,450915.700131230056286,10003,1702020003  ,190776,2,2017-02-02T00:00:00.000Z,0901,THU,0,0,0,3204      ,3204-PROP DMG TRAF ACCIDENT/BICYCLE                    ,998147.72,450915.7,SPEEDWAY                      ,INSIDE                                                 ,TUCSON              ,N/A,     ,N/A,  ,At,MOUNTAIN                      ,        ,N ,MOUNTAIN                                ,AV  ,E ,SPEEDWAY                                ,BL  ,DAYLIGHT                                               ,CLEAR                                                  ,                         ,NON-CONTROLLED ACCESS - INTERSECTION-RELATED           ,FOUR-WAY INTERSECTION                                  ,"2-WAY, DIVIDED POSITIVE MEDIAN BARRIER                 ",ANGLE (FRONT TO SIDE) (OTHER THAN LEFT TURN)           ,                         ,TPD_TRAFFIC_INCIDENTS,\\central\data\Transportation\Traffic\Accident Data\2017\1702020003.pdf,,,,,
1000716.68996062874794,460117.43996062874794,10008,1503200374  ,174788,2,2015-03-20T00:00:00.000Z,1809,FRI,0,0,0,3104      ,3104-INJURY TRAFFIC ACCIDENT/BICYCLE                   ,1000716.69,460117.44,E BLACKLIDGE DR               ,INSIDE                                                 ,TUCSON              ,Approximately,UNK  ,Feet,W ,From,N CAMPBELL AV                 ,        ,E ,BLACKLIDGE                              ,DR  ,N ,CAMPBELL                                ,AV  ,DUSK                                                   ,CLEAR                                                  ,                         ,NOT JUNCTION RELATED                                   ,,"2-WAY, NOT DIVIDED                                     ",SINGLE VEHICLE                                         ,                         ,TPD_TRAFFIC_INCIDENTS,,,,,,
1000716.68996062874794,460117.43996062874794,10013,1211070170  ,158870,2,2012-11-07T00:00:00.000Z,1400,WED,0,0,0,3104      ,3104-INJURY TRAFFIC ACCIDENT/BICYCLE                   ,1000716.69,460117.44,CAMPBELL AV N                 ,INSIDE                                                 ,TUCSON              ,N/A,     ,N/A,  ,At,BLACKLIDGE DR E               ,        ,E ,BLACKLIDGE                              ,DR  ,N ,CAMPBELL                                ,AV  ,DAYLIGHT                                               ,CLEAR                                                  ,                         ,NON-CONTROLLED ACCESS - INTERSECTION-RELATED           ,FOUR-WAY INTERSECTION                                  ,"2-WAY, NOT DIVIDED WITH CONT LEFT TURN LANE            ",ANGLE (FRONT TO SIDE) (OTHER THAN LEFT TURN)           ,                         ,TPD_TRAFFIC_INCIDENTS,,,,,,
1000724.87007873877883,458792.660104990005493,10032,1407230389  ,170077,2,2014-07-23T00:00:00.000Z,1623,WED,0,0,0,3104      ,3104-INJURY TRAFFIC ACCIDENT/BICYCLE                   ,1000724.87,458792.66,N CAMPBELL AV                 ,INSIDE                                                 ,TUCSON              ,Approximately,200  ,Feet,N ,From,E GLENN ST                    ,        ,N ,CAMPBELL                                ,AV  ,E ,GLENN                                   ,ST  ,DAYLIGHT                                               ,CLEAR                                                  ,                         ,NON-CONTROLLED ACCESS - DRIVEWAY                       ,UNKNOWN                                                ,"2-WAY, NOT DIVIDED                                     ",OTHER                                                  ,BIKE                     ,TPD_TRAFFIC_INCIDENTS,,,,,,
1000724.87007873877883,458792.660104990005493,10048,1808270506  ,204429,2,2018-08-27T00:00:00.000Z,1709,MON,0,0,0,3104      ,3104-INJURY TRAFFIC ACCIDENT/BICYCLE                   ,1000724.87,458792.66,CAMPBELL AV N                 ,INSIDE                                                 ,TUCSON              ,Approximately,250  ,Feet,S ,From,E GLENN ST                    ,        ,N ,CAMPBELL                                ,AV  ,E ,GLENN                                   ,ST  ,DAYLIGHT                                               ,CLEAR                                                  ,                         ,NOT JUNCTION RELATED                                   ,,"2-WAY, NOT DIVIDED WITH CONT LEFT TURN LANE            ",OTHER                                                  ,PEDALCYCLE               ,TPD_TRAFFIC_INCIDENTS,\\central\data\Transportation\Traffic\Accident Data\2018\1808270506.pdf,,,,,
990122.419947504997253,461295.600065618753433,10111,1907180540  ,212168,2,2019-07-18T15:13:47.000Z,1513,SAT,0,0,0,3204      ,3204-PROP DMG TRAF ACCIDENT/BICYCLE                    ,990122.42,461295.6,FORT LOWELL RD W              ,,TUCSON              ,Approximately,300  ,Feet,E ,From,ORACLE RD N                   ,        ,W ,FORT LOWELL                             ,RD  ,N ,ORACLE                                  ,RD  ,DAYLIGHT                                               ,CLEAR                                                  ,                         ,NOT JUNCTION RELATED                                   ,,"2-WAY, NOT DIVIDED                                     ",,PEDALCYCLE               ,TPD_TRAFFIC_INCIDENTS,\\central\data\Transportation\Traffic\Accident Data\2019\1907180540.pdf,,,,,
1035840.93996062874794,456649.080052495002747,10128,1412010517  ,172482,2,2014-12-01T00:00:00.000Z,2017,MON,0,1,0,3114      ,3114-INJURY TRAF ACCIDENT/HIT & RUN/BICYCLE            ,1035840.94,456649.08,N CAMINO PIO DECIMO           ,INSIDE                                                 ,TUCSON              ,N/A,     ,N/A,  ,At,E TANQUE VERDE RD             ,        ,N ,CAMINO PIO DECIMO                       ,    ,E ,TANQUE VERDE                            ,RD  ,DUSK                                                   ,CLEAR                                                  ,                         ,CONTROLLED ACCESS - UNKNOWN                            ,UNKNOWN                                                ,UNKNOWN                                                ,ANGLE (FRONT TO SIDE) (OTHER THAN LEFT TURN)           ,                         ,TPD_TRAFFIC_INCIDENTS,,,,,,
1020531.589895013719797,456468.62992125749588,10146,1305060155  ,161810,2,2013-05-06T00:00:00.000Z,0817,MON,0,0,1,3104      ,3104-INJURY TRAFFIC ACCIDENT/BICYCLE                   ,1020531.59,456468.63,E GRANT RD                    ,INSIDE                                                 ,TUCSON              ,Approximately,.25  ,Miles,  ,From,N BEVERLY AV                  ,        ,N ,BEVERLY                                 ,AV  ,E ,GRANT                                   ,RD  ,DAYLIGHT                                               ,CLEAR                                                  ,                         ,NON-CONTROLLED ACCESS - DRIVEWAY                       ,,"2-WAY, DIVIDED, UNPROT (PAINTED > 4 FEET) MEDIAN       ",ANGLE (FRONT TO SIDE) (OTHER THAN LEFT TURN)           ,                         ,TPD_TRAFFIC_INCIDENTS,,,,,,
1022171.270013123750687,437940.450131230056286,10193,1302230321  ,160533,2,2013-02-23T00:00:00.000Z,1131,SAT,0,0,0,3104      ,3104-INJURY TRAFFIC ACCIDENT/BICYCLE                   ,1022171.27,437940.45,S CRAYCROFT RD                ,INSIDE                                                 ,TUCSON              ,N/A,     ,N/A,  ,From,E 29TH ST                     ,        ,E ,29TH                                    ,ST  ,S ,CRAYCROFT                               ,RD  ,DAYLIGHT                                               ,CLEAR                                                  ,                         ,NOT JUNCTION RELATED                                   ,,,REAR-TO-SIDE                                           ,                         ,TPD_TRAFFIC_INCIDENTS,,,,,,
1027510.18011811003089,453798.660104990005493,10209,1903260294  ,209502,2,2019-03-26T00:00:00.000Z,1119,TUE,0,0,0,3204      ,3204-PROP DMG TRAF ACCIDENT/BICYCLE                    ,1027510.18,453798.66,TANQUE VERDE RD               ,,TUCSON              ,N/A,     ,N/A,  ,At,PIMA ST                       ,        ,E ,PIMA                                    ,ST  ,E ,TANQUE VERDE                            ,RD  ,DAYLIGHT                                               ,CLEAR                                                  ,                         ,NON-CONTROLLED ACCESS - INTERSECTION (WITHIN)          ,T-INTERSECTION                                         ,"2-WAY, DIVIDED, UNPROT (PAINTED > 4 FEET) MEDIAN       ",OTHER                                                  ,PEDALCYCLE               ,TPD_TRAFFIC_INCIDENTS,\\central\data\Transportation\Traffic\Accident Data\2019\1903260294.pdf,,,,,
997069.020013123750687,440321.040026247501373,10216,1811140357  ,206342,2,2018-11-14T00:00:00.000Z,1306,WED,0,0,0,3104      ,3104-INJURY TRAFFIC ACCIDENT/BICYCLE                   ,997069.02,440321.04,22ND ST E                     ,INSIDE                                                 ,TUCSON              ,N/A,     ,N/A,  ,At,PARK AV S                     ,        ,E ,22ND                                    ,ST  ,S ,PARK                                    ,AV  ,DAYLIGHT                                               ,CLEAR                                                  ,                         ,NON-CONTROLLED ACCESS - INTERSECTION (WITHIN)          ,FOUR-WAY INTERSECTION                                  ,"2-WAY, NOT DIVIDED WITH CONT LEFT TURN LANE            ",OTHER                                                  ,BICYCLE                  ,TPD_TRAFFIC_INCIDENTS,\\central\data\Transportation\Traffic\Accident Data\2018\1811140357.pdf,,,,,
990016.06003937125206,440211.390091866254807,10247,1402070404  ,167204,2,2014-02-07T00:00:00.000Z,1951,FRI,0,0,0,3104      ,3104-INJURY TRAFFIC ACCIDENT/BICYCLE                   ,990016.06,440211.39,W I10 FRONTAGE RD             ,INSIDE                                                 ,TUCSON              ,Approximately,5    ,Feet,N ,At,W 22ND ST                     ,        ,W ,22ND                                    ,ST  ,W ,I10 FRONTAGE                            ,RD  ,DARK-LIGHTED                                           ,CLEAR                                                  ,                         ,NON-CONTROLLED ACCESS - INTERSECTION (WITHIN)          ,T-INTERSECTION                                         ,"2-WAY, DIVIDED POSITIVE MEDIAN BARRIER                 ",LEFT TURN                                              ,                         ,TPD_TRAFFIC_INCIDENTS,,,,,,