X,Y,OBJECTID,acci_id,tamainid,numunits,AccidentDate,AccidentTime,DayOfWeek,WasFatal,WasHitAndRun,TransImmedMedCare,UCRCode,UCRDescription,CoordX,CoordY,Location,Inside_Outside,City,Accuracy,Distance,Units,Direction,From_At,IntersectingStreet,AddrNumber,AddrDirection,AddrStreetName,AddrStreetNameSuffix,CrossStreetDirection,CrossStreetName,CrossStreetSuffix,LightConditionDescription,WeatherDescription,WeatherOther,RelationDescription,IntersectionTypeDescription,RoadConfigurationDescription,MannerOfCrashDescription,MannerOfCrashOther,DATASOURCE,URL,F7Days,F28Days,COMPSTAT_28D,WEEKLY_7D,AccidentDateTime
990016.06003937125206,440211.390091866254807,10253,1609100643  ,186939,2,2016-09-10T00:00:00.000Z,2145,SAT,0,0,0,3104      ,3104-INJURY TRAFFIC ACCIDENT/BICYCLE                   ,990016.06,440211.39,22ND ST W                     ,INSIDE                                                 ,TUCSON              ,N/A,     ,N/A,  ,At,I10 FRONTAGE RD W             ,        ,W ,22ND                                    ,ST  ,W ,I10 FRONTAGE                            ,RD  ,DARK-LIGHTED                                           ,CLEAR                                                  ,                         ,NON-CONTROLLED ACCESS - INTERSECTION (WITHIN)          ,FOUR-WAY INTERSECTION                                  ,"2-WAY, DIVIDED, UNPROT (PAINTED > 4 FEET) MEDIAN       ",SINGLE VEHICLE                                         ,                         ,TPD_TRAFFIC_INCIDENTS,\\central\data\Transportation\Traffic\Accident Data\2016\1609100643.pdf,,,,,
1009915.75,458969.160104990005493,10272,1303150104  ,160906,2,2013-03-15T00:00:00.000Z,0408,FRI,0,0,0,3204      ,3204-PROP DMG TRAF ACCIDENT/BICYCLE                    ,1009915.75,458969.16,E GLENN ST                    ,INSIDE                                                 ,TUCSON              ,N/A,     ,N/A,  ,At,N DODGE BL                    ,        ,N ,DODGE                                   ,BL  ,E ,GLENN                                   ,ST  ,DARK-LIGHTED                                           ,CLEAR                                                  ,                         ,NON-CONTROLLED ACCESS - INTERSECTION (WITHIN)          ,FOUR-WAY INTERSECTION                                  ,,SINGLE VEHICLE                                         ,                         ,TPD_TRAFFIC_INCIDENTS,,,,,,
994632.470144357532263,461372.020013123750687,10333,1401190160  ,167219,2,2014-01-19T00:00:00.000Z,0930,SUN,0,0,0,3104      ,3104-INJURY TRAFFIC ACCIDENT/BICYCLE                   ,994632.47,461372.02,N LOS ALTOS AV                ,INSIDE                                                 ,TUCSON              ,N/A,     ,N/A,  ,At,E FORT LOWELL RD              ,        ,E ,FORT LOWELL                             ,RD  ,N ,LOS ALTOS                               ,AV  ,DAYLIGHT                                               ,CLEAR                                                  ,                         ,NON-CONTROLLED ACCESS - INTERSECTION-RELATED           ,FOUR-WAY INTERSECTION                                  ,"2-WAY, NOT DIVIDED                                     ",LEFT TURN                                              ,                         ,TPD_TRAFFIC_INCIDENTS,,,,,,
997248.93996062874794,421808.859908133745193,10358,1905010691  ,210392,2,2019-05-01T00:00:00.000Z,2232,WED,0,0,0,3104      ,3104-INJURY TRAFFIC ACCIDENT/BICYCLE                   ,997248.94,421808.86,S PARK AV                     ,INSIDE                                                 ,TUCSON              ,Approximately,UNK  ,Feet,N ,From,E BANTAM RD                   ,        ,E ,BANTAM                                  ,RD  ,S ,PARK                                    ,AV  ,DARK-LIGHTED                                           ,CLEAR                                                  ,                         ,NON-CONTROLLED ACCESS - INTERSECTION-RELATED           ,FOUR-WAY INTERSECTION                                  ,"2-WAY, NOT DIVIDED WITH CONT LEFT TURN LANE            ",,PEDALCYCLE               ,TPD_TRAFFIC_INCIDENTS,\\central\data\Transportation\Traffic\Accident Data\2019\1905010691.pdf,,,,,
992039.270013123750687,467098.729986876249313,10369,1708130278  ,195621,2,2017-08-13T00:00:00.000Z,0200,SUN,0,1,0,3114      ,3114-INJURY TRAF ACCIDENT/HIT & RUN/BICYCLE            ,992039.27,467098.73,STONE AV N                    ,INSIDE                                                 ,TUCSON              ,N/A,     ,N/A,  ,At,THURSTON LN N                 ,        ,N ,STONE                                   ,AV  ,N ,THURSTON                                ,LN  ,DARK-LIGHTED                                           ,RAIN                                                   ,                         ,NON-CONTROLLED ACCESS - INTERSECTION (WITHIN)          ,T-INTERSECTION                                         ,"2-WAY, NOT DIVIDED WITH CONT LEFT TURN LANE            ",SINGLE VEHICLE                                         ,                         ,TPD_TRAFFIC_INCIDENTS,\\central\data\Transportation\Traffic\Accident Data\2017\1708130278.pdf,,,,,
998630.410104986280203,445612.419947504997253,10375,1809290014  ,205213,2,2018-09-28T00:00:00.000Z,2358,FRI,0,0,0,3104      ,3104-INJURY TRAFFIC ACCIDENT/BICYCLE                   ,998630.41,445612.42,BROADWAY BL                   ,INSIDE                                                 ,TUCSON              ,Approximately,UNK  ,Feet,W ,From,HIGHLAND AV                   ,        ,E ,BROADWAY                                ,BL  ,N ,HIGHLAND                                ,AV  ,DARK-LIGHTED                                           ,CLEAR                                                  ,                         ,NOT JUNCTION RELATED                                   ,,"2-WAY, NOT DIVIDED WITH CONT LEFT TURN LANE            ",OTHER                                                  ,PEDALCYCLE               ,TPD_TRAFFIC_INCIDENTS,\\central\data\Transportation\Traffic\Accident Data\2018\1809290014.pdf,,,,,
995311.68996062874794,467998.640091866254807,10434,1210040084  ,158382,2,2012-10-04T00:00:00.000Z,0833,THU,0,0,0,3104      ,3104-INJURY TRAFFIC ACCIDENT/BICYCLE                   ,995311.69,467998.64,1ST AV N                      ,INSIDE                                                 ,TUCSON              ,Approximately,10   ,Feet,S ,From,LIMBERLOST DR E               ,        ,N ,1ST                                     ,AV  ,E ,LIMBERLOST                              ,DR  ,DAYLIGHT                                               ,CLEAR                                                  ,                         ,NON-CONTROLLED ACCESS - INTERSECTION (WITHIN)          ,FOUR-WAY INTERSECTION                                  ,"2-WAY, NOT DIVIDED WITH CONT LEFT TURN LANE            ",OTHER                                                  ,RIGHT TURN               ,TPD_TRAFFIC_INCIDENTS,,,,,,
1016792.509842518717051,436296.549868769943714,10509,1406020136  ,169280,2,2014-06-02T00:00:00.000Z,0756,MON,0,0,0,3104      ,3104-INJURY TRAFFIC ACCIDENT/BICYCLE                   ,1016792.51,436296.55,S SWAN RD                     ,INSIDE                                                 ,TUCSON              ,N/A,     ,N/A,  ,At,E GOLF LINKS RD               ,        ,E ,GOLF LINKS                              ,RD  ,S ,SWAN                                    ,RD  ,DAYLIGHT                                               ,CLEAR                                                  ,                         ,NON-CONTROLLED ACCESS - INTERSECTION-RELATED           ,FOUR-WAY INTERSECTION                                  ,"2-WAY, DIVIDED POSITIVE MEDIAN BARRIER                 ",ANGLE (FRONT TO SIDE) (OTHER THAN LEFT TURN)           ,                         ,TPD_TRAFFIC_INCIDENTS,,,,,,
993428.640091862529516,429719.62007874250412,10600,1812190228  ,207177,2,2018-12-19T00:00:00.000Z,1112,WED,1,0,1,3004      ,3004-FATAL TRAFFIC ACCIDENT/BICYCLE                    ,993428.64,429719.62,6TH AV                        ,INSIDE                                                 ,TUCSON              ,Approximately,400  ,Feet,N ,From,AJO WY                        ,        ,S ,6TH                                     ,AV  ,E ,AJO                                     ,WY  ,DAYLIGHT                                               ,CLEAR                                                  ,                         ,NOT JUNCTION RELATED                                   ,,"2-WAY, NOT DIVIDED WITH CONT LEFT TURN LANE            ",OTHER                                                  ,PEDALCYCLE               ,TPD_TRAFFIC_INCIDENTS,\\central\data\Transportation\Traffic\Accident Data\2018\1812190228.pdf,,,,,
1045484.850065615028143,459391.529855646193027,10636,1310190274  ,165150,2,2013-10-19T00:00:00.000Z,1407,SAT,0,0,1,3104      ,3104-INJURY TRAFFIC ACCIDENT/BICYCLE                   ,1045484.85,459391.53,E CATALINA HY                 ,INSIDE                                                 ,TUCSON              ,Approximately,1000 ,Feet,N ,From,E TANQUE VERDE RD             ,        ,E ,CATALINA                                ,HY  ,E ,TANQUE VERDE                            ,RD  ,DAYLIGHT                                               ,CLEAR                                                  ,                         ,NOT JUNCTION RELATED                                   ,,"2-WAY, NOT DIVIDED                                     ",ANGLE (FRONT TO SIDE) (OTHER THAN LEFT TURN)           ,                         ,TPD_TRAFFIC_INCIDENTS,,,,,,
995622.87007873877883,460814.160104990005493,10678,1801030512  ,199239,2,2018-01-03T00:00:00.000Z,2030,WED,0,0,0,3104      ,3104-INJURY TRAFFIC ACCIDENT/BICYCLE                   ,995622.87,460814.16,1ST AV                        ,INSIDE                                                 ,TUCSON              ,N/A,     ,N/A,  ,At,BUDDY LN                      ,3100    ,N ,1ST                                     ,AV  ,  ,                                        ,    ,DARK-NOT LIGHTED                                       ,CLEAR                                                  ,                         ,NON-CONTROLLED ACCESS - INTERSECTION (WITHIN)          ,T-INTERSECTION                                         ,"2-WAY, NOT DIVIDED WITH CONT LEFT TURN LANE            ",OTHER                                                  ,PEDALCYCLE               ,TPD_TRAFFIC_INCIDENTS,\\central\data\Transportation\Traffic\Accident Data\2018\1801030512.pdf,,,,,
1008816.43996062874794,445777.459973752498627,10719,1401210410  ,166875,2,2014-01-21T00:00:00.000Z,1630,TUE,0,0,0,3104      ,3104-INJURY TRAFFIC ACCIDENT/BICYCLE                   ,1008816.44,445777.46,E BROADWAY BL                 ,INSIDE                                                 ,TUCSON              ,Approximately,1000 ,Feet,W ,From,S RANDOLPH WY                 ,        ,E ,BROADWAY                                ,BL  ,S ,RANDOLPH                                ,WY  ,DAYLIGHT                                               ,CLEAR                                                  ,                         ,NOT JUNCTION RELATED                                   ,,"2-WAY, DIVIDED POSITIVE MEDIAN BARRIER                 ",OTHER                                                  ,                         ,TPD_TRAFFIC_INCIDENTS,,,,,,
990712.56003937125206,457392.160104990005493,10725,1712290416  ,199149,2,2017-12-29T00:00:00.000Z,1512,FRI,0,1,0,3114      ,3114-INJURY TRAF ACCIDENT/HIT & RUN/BICYCLE            ,990712.56,457392.16,BALBOA ST                     ,INSIDE                                                 ,TUCSON              ,Approximately,300  ,Feet,S ,From,JACINTO ST                    ,        ,N ,BALBOA                                  ,AV  ,W ,JACINTO                                 ,ST  ,DAYLIGHT                                               ,CLEAR                                                  ,                         ,NOT JUNCTION RELATED                                   ,,"2-WAY, NOT DIVIDED                                     ",OTHER                                                  ,PEDALCYCLE               ,TPD_TRAFFIC_INCIDENTS,\\central\data\Transportation\Traffic\Accident Data\2017\1712290416.pdf,,,,,
1000715.240157481282949,461444.149934381246567,10742,1712310371  ,199176,2,2017-12-31T00:00:00.000Z,1751,SUN,0,0,0,3104      ,3104-INJURY TRAFFIC ACCIDENT/BICYCLE                   ,1000715.24,461444.15,CAMPBELL AV                   ,INSIDE                                                 ,TUCSON              ,Approximately,200  ,Feet,S ,From,FORT LOWELL RD                ,        ,N ,CAMPBELL                                ,AV  ,E ,FORT LOWELL                             ,RD  ,DUSK                                                   ,CLEAR                                                  ,                         ,NOT JUNCTION RELATED                                   ,,"2-WAY, NOT DIVIDED WITH CONT LEFT TURN LANE            ",OTHER                                                  ,PEDALCYCLE               ,TPD_TRAFFIC_INCIDENTS,\\central\data\Transportation\Traffic\Accident Data\2017\1712310371.pdf,,,,,
1000715.240157481282949,461444.149934381246567,10758,1308310430  ,164146,2,2013-08-31T00:00:00.000Z,2054,SAT,0,0,0,3104      ,3104-INJURY TRAFFIC ACCIDENT/BICYCLE                   ,1000715.24,461444.15,N CAMPBELL AV                 ,INSIDE                                                 ,TUCSON              ,N/A,     ,N/A,  ,From,E FORT LOWELL RD              ,        ,N ,CAMPBELL                                ,AV  ,E ,FORT LOWELL                             ,RD  ,DARK-LIGHTED                                           ,CLEAR                                                  ,                         ,NON-CONTROLLED ACCESS - DRIVEWAY                       ,T-INTERSECTION                                         ,"2-WAY, NOT DIVIDED WITH CONT LEFT TURN LANE            ",ANGLE (FRONT TO SIDE) (OTHER THAN LEFT TURN)           ,                         ,TPD_TRAFFIC_INCIDENTS,,,,,,
990129.729986876249313,458700.729986876249313,10810,1907180667  ,212153,2,2019-07-18T00:00:00.000Z,1844,THU,0,0,0,3104      ,3104-INJURY TRAFFIC ACCIDENT/BICYCLE                   ,990129.73,458700.73,ORACLE RD                     ,INSIDE                                                 ,TUCSON              ,N/A,     ,N/A,  ,At,GLENN ST                      ,        ,W ,GLENN                                   ,ST  ,N ,ORACLE                                  ,RD  ,DAYLIGHT                                               ,CLEAR                                                  ,                         ,,FOUR-WAY INTERSECTION                                  ,"2-WAY, DIVIDED, UNPROT (PAINTED > 4 FEET) MEDIAN       ",,PEDALCYCLE               ,TPD_TRAFFIC_INCIDENTS,\\central\data\Transportation\Traffic\Accident Data\2019\1907180667.pdf,,,,,
990129.729986876249313,458700.729986876249313,10812,1906250441  ,211637,2,2019-06-25T00:00:00.000Z,1509,TUE,0,0,1,3104      ,3104-INJURY TRAFFIC ACCIDENT/BICYCLE                   ,990129.73,458700.73,N ORACLE RD                   ,INSIDE                                                 ,TUCSON              ,N/A,     ,N/A,  ,At,W GLENN ST                    ,        ,W ,GLENN                                   ,ST  ,N ,ORACLE                                  ,RD  ,DAYLIGHT                                               ,CLEAR                                                  ,                         ,,FOUR-WAY INTERSECTION                                  ,"2-WAY, DIVIDED, UNPROT (PAINTED > 4 FEET) MEDIAN       ",,PEDALCYCLE               ,TPD_TRAFFIC_INCIDENTS,\\central\data\Transportation\Traffic\Accident Data\2019\1906250441.pdf,,,,,
990129.729986876249313,458700.729986876249313,10813,1210020171  ,159533,2,2012-10-02T00:00:00.000Z,1343,TUE,0,0,1,3104      ,3104-INJURY TRAFFIC ACCIDENT/BICYCLE                   ,990129.73,458700.73,N ORACLE RD                   ,INSIDE                                                 ,TUCSON              ,Approximately,180  ,Feet,N ,From,W GLENN ST                    ,        ,W ,GLENN                                   ,ST  ,N ,ORACLE                                  ,RD  ,DAYLIGHT                                               ,CLEAR                                                  ,                         ,NOT JUNCTION RELATED                                   ,,"2-WAY, DIVIDED POSITIVE MEDIAN BARRIER                 ",ANGLE (FRONT TO SIDE) (OTHER THAN LEFT TURN)           ,                         ,TPD_TRAFFIC_INCIDENTS,,,,,,
986321.160104986280203,424328.18996062874794,10847,1303210067  ,160967,2,2013-03-21T00:00:00.000Z,0529,THU,0,0,0,3204      ,3204-PROP DMG TRAF ACCIDENT/BICYCLE                    ,986321.16,424328.19,W IRVINGTON RD                ,INSIDE                                                 ,TUCSON              ,N/A,     ,N/A,  ,From,S CALLE SANTA CRUZ            ,        ,S ,CALLE SANTA CRUZ                        ,    ,W ,IRVINGTON                               ,RD  ,DAWN                                                   ,CLEAR                                                  ,                         ,NON-CONTROLLED ACCESS - INTERSECTION (WITHIN)          ,T-INTERSECTION                                         ,"2-WAY, NOT DIVIDED                                     ",ANGLE (FRONT TO SIDE) (OTHER THAN LEFT TURN)           ,                         ,TPD_TRAFFIC_INCIDENTS,,,,,,
986321.160104986280203,424328.18996062874794,10874,1707230299  ,195141,2,2017-07-23T00:00:00.000Z,1308,SUN,0,1,0,3214      ,3214-PROP DMG TRAF ACCIDENT/HIT & RUN/BICYCLE          ,986321.16,424328.19,S CALLE SANTA CRUZ            ,INSIDE                                                 ,TUCSON              ,Approximately,5    ,Feet,S ,From,W IRVINGTON RD                ,        ,S ,CALLE SANTA CRUZ                        ,    ,W ,IRVINGTON                               ,RD  ,DAYLIGHT                                               ,CLEAR                                                  ,                         ,NON-CONTROLLED ACCESS - INTERSECTION-RELATED           ,T-INTERSECTION                                         ,"2-WAY, NOT DIVIDED WITH CONT LEFT TURN LANE            ",SINGLE VEHICLE                                         ,                         ,TPD_TRAFFIC_INCIDENTS,\\central\data\Transportation\Traffic\Accident Data\2017\1707230299.pdf,,,,,
992699.25,458087.910104990005493,10880,1304250339  ,161559,2,2013-04-25T00:00:00.000Z,1427,THU,0,0,0,3104      ,3104-INJURY TRAFFIC ACCIDENT/BICYCLE                   ,992699.25,458087.91,E KELSO ST                    ,INSIDE                                                 ,TUCSON              ,Approximately,10   ,Feet,E ,From,N ESTRELLA AV                 ,        ,N ,ESTRELLA                                ,AV  ,E ,KELSO                                   ,ST  ,DAYLIGHT                                               ,CLEAR                                                  ,                         ,NON-CONTROLLED ACCESS - INTERSECTION-RELATED           ,FOUR-WAY INTERSECTION                                  ,"2-WAY, NOT DIVIDED                                     ",ANGLE (FRONT TO SIDE) (OTHER THAN LEFT TURN)           ,                         ,TPD_TRAFFIC_INCIDENTS,,,,,,
1030801.649934384971857,454702.759842522442341,10887,1601060347  ,180873,2,2016-01-06T00:00:00.000Z,1602,WED,0,0,0,3204      ,3204-PROP DMG TRAF ACCIDENT/BICYCLE                    ,1030801.65,454702.76,N KOLB RD                     ,INSIDE                                                 ,TUCSON              ,Approximately,.1   ,Miles,S ,From,E CALLE LA PAZ                ,        ,E ,CALLE LA PAZ                            ,    ,N ,KOLB                                    ,RD  ,DAYLIGHT                                               ,CLEAR                                                  ,                         ,NON-CONTROLLED ACCESS - DRIVEWAY                       ,T-INTERSECTION                                         ,"2-WAY, DIVIDED, UNPROT (PAINTED > 4 FEET) MEDIAN       ",SINGLE VEHICLE                                         ,                         ,TPD_TRAFFIC_INCIDENTS,,,,,,
994621.31003937125206,462035.470144353806973,10889,1309240032  ,164648,2,2013-09-24T00:00:00.000Z,0120,TUE,0,1,0,3214      ,3214-PROP DMG TRAF ACCIDENT/HIT & RUN/BICYCLE          ,994621.31,462035.47,N LOS ALTOS AV                ,INSIDE                                                 ,TUCSON              ,Approximately,5    ,Feet,N ,At,E NAVAJO RD                   ,        ,N ,LOS ALTOS                               ,AV  ,E ,NAVAJO                                  ,RD  ,DARK-LIGHTED                                           ,CLEAR                                                  ,                         ,NON-CONTROLLED ACCESS - INTERSECTION (WITHIN)          ,FOUR-WAY INTERSECTION                                  ,"2-WAY, NOT DIVIDED                                     ",ANGLE (FRONT TO SIDE) (OTHER THAN LEFT TURN)           ,                         ,TPD_TRAFFIC_INCIDENTS,,,,,,
997274.12007873877883,419124.910104990005493,10897,1808010441  ,204020,2,2018-08-01T00:00:00.000Z,1719,WED,0,0,0,3104      ,3104-INJURY TRAFFIC ACCIDENT/BICYCLE                   ,997274.12,419124.91,DREXEL RD E                   ,INSIDE                                                 ,TUCSON              ,Approximately,UNK  ,Feet,E ,From,PARK AV                       ,        ,E ,DREXEL                                  ,RD  ,S ,PARK                                    ,AV  ,DAYLIGHT                                               ,CLEAR                                                  ,                         ,NON-CONTROLLED ACCESS - INTERSECTION-RELATED           ,FOUR-WAY INTERSECTION                                  ,"2-WAY, NOT DIVIDED WITH CONT LEFT TURN LANE            ",OTHER                                                  ,PEDALCYCLE               ,TPD_TRAFFIC_INCIDENTS,\\central\data\Transportation\Traffic\Accident Data\2018\1808010441.pdf,,,,,
1016132.580052495002747,445818.950131230056286,10916,1809280425  ,205201,2,2018-09-28T00:00:00.000Z,1755,FRI,0,0,0,3204      ,3204-PROP DMG TRAF ACCIDENT/BICYCLE                    ,1016132.58,445818.95,BROADWAY BL E                 ,INSIDE                                                 ,TUCSON              ,Approximately,UNK  ,Feet,W ,From,VENICE AV                     ,        ,E ,BROADWAY                                ,BL  ,S ,VENICE                                  ,AV  ,DAYLIGHT                                               ,CLEAR                                                  ,                         ,NON-CONTROLLED ACCESS - INTERSECTION-RELATED           ,FOUR-WAY INTERSECTION                                  ,"2-WAY, DIVIDED, UNPROT (PAINTED > 4 FEET) MEDIAN       ",OTHER                                                  ,PEDALCYCLE               ,TPD_TRAFFIC_INCIDENTS,\\central\data\Transportation\Traffic\Accident Data\2018\1809280425.pdf,,,,,
986974.029855642467737,456029.049868769943714,10933,1212050250  ,159264,2,2012-12-05T00:00:00.000Z,1240,WED,0,0,0,3104      ,3104-INJURY TRAFFIC ACCIDENT/BICYCLE                   ,986974.03,456029.05,W GRANT RD                    ,INSIDE                                                 ,TUCSON              ,N/A,     ,N/A,  ,At,N FLOWING WELLS               ,        ,N ,FLOWING WELLS                           ,RD  ,W ,GRANT                                   ,RD  ,DAYLIGHT                                               ,CLEAR                                                  ,                         ,NON-CONTROLLED ACCESS - INTERSECTION (WITHIN)          ,FOUR-WAY INTERSECTION                                  ,"2-WAY, DIVIDED POSITIVE MEDIAN BARRIER                 ",ANGLE (FRONT TO SIDE) (OTHER THAN LEFT TURN)           ,                         ,TPD_TRAFFIC_INCIDENTS,,,,,,
984902.56003937125206,459992.950131230056286,10948,1402240291  ,167556,2,2014-02-24T00:00:00.000Z,1435,MON,0,0,0,3104      ,3104-INJURY TRAFFIC ACCIDENT/BICYCLE                   ,984902.56,459992.95,N FLOWING WELLS RD            ,INSIDE                                                 ,TUCSON              ,Approximately,200  ,Feet,N ,From,W MIRACLE MILE                ,        ,N ,FLOWING WELLS                           ,RD  ,W ,MIRACLE MILE                            ,    ,DAYLIGHT                                               ,CLEAR                                                  ,                         ,NON-CONTROLLED ACCESS - DRIVEWAY                       ,,"2-WAY, DIVIDED, UNPROT (PAINTED > 4 FEET) MEDIAN       ",ANGLE (FRONT TO SIDE) (OTHER THAN LEFT TURN)           ,                         ,TPD_TRAFFIC_INCIDENTS,,,,,,
995973.06003937125206,449334.910104990005493,11031,1810290507  ,205913,2,2018-10-29T00:00:00.000Z,1743,MON,0,0,0,3204      ,3204-PROP DMG TRAF ACCIDENT/BICYCLE                    ,995973.06,449334.91,UNIVERSITY BL                 ,INSIDE                                                 ,TUCSON              ,Approximately,500  ,Feet,W ,From,EUCLID AV                     ,        ,N ,EUCLID                                  ,AV  ,E ,UNIVERSITY                              ,BL  ,DUSK                                                   ,CLEAR                                                  ,                         ,NOT JUNCTION RELATED                                   ,,"2-WAY, NOT DIVIDED                                     ",OTHER                                                  ,PEDALCYCLE               ,TPD_TRAFFIC_INCIDENTS,\\central\data\Transportation\Traffic\Accident Data\2018\1810290507.pdf,,,,,
991329.910104986280203,467904.279855646193027,11105,1508010321  ,177298,2,2015-08-01T00:00:00.000Z,1558,SAT,0,0,0,3104      ,3104-INJURY TRAFFIC ACCIDENT/BICYCLE                   ,991329.91,467904.28,W LIMBERLOST DR               ,INSIDE                                                 ,TUCSON              ,Approximately,30   ,Feet,W ,From,N NEFFSON DR                  ,        ,W ,LIMBERLOST                              ,DR  ,N ,NEFFSON                                 ,DR  ,DAYLIGHT                                               ,RAIN                                                   ,                         ,NOT JUNCTION RELATED                                   ,,"2-WAY, NOT DIVIDED WITH CONT LEFT TURN LANE            ",SINGLE VEHICLE                                         ,                         ,TPD_TRAFFIC_INCIDENTS,,,,,,
1027480.18996062874794,438186.200131230056286,11110,1307230220  ,163390,2,2013-07-23T00:00:00.000Z,1240,TUE,0,0,0,3104      ,3104-INJURY TRAFFIC ACCIDENT/BICYCLE                   ,1027480.19,438186.2,S WILMOT RD                   ,INSIDE                                                 ,TUCSON              ,N/A,     ,N/A,  ,At,E CALLE HERCULO               ,        ,E ,CALLE HERCULO                           ,    ,S ,WILMOT                                  ,RD  ,DAYLIGHT                                               ,CLOUDY                                                 ,                         ,NON-CONTROLLED ACCESS - INTERSECTION (WITHIN)          ,T-INTERSECTION                                         ,"2-WAY, NOT DIVIDED                                     ",ANGLE (FRONT TO SIDE) (OTHER THAN LEFT TURN)           ,                         ,TPD_TRAFFIC_INCIDENTS,,,,,,
1007321.089895013719797,456264.330052495002747,11143,1703280356  ,192312,2,2017-03-28T00:00:00.000Z,1503,TUE,0,0,1,3104      ,3104-INJURY TRAFFIC ACCIDENT/BICYCLE                   ,1007321.09,456264.33,N EDITH BL                    ,INSIDE                                                 ,TUCSON              ,Approximately,50   ,Feet,N ,From,E GRANT RD                    ,        ,N ,EDITH                                   ,BL  ,E ,GRANT                                   ,RD  ,DAYLIGHT                                               ,CLEAR                                                  ,                         ,NON-CONTROLLED ACCESS - DRIVEWAY                       ,FOUR-WAY INTERSECTION                                  ,"2-WAY, NOT DIVIDED                                     ",SINGLE VEHICLE                                         ,                         ,TPD_TRAFFIC_INCIDENTS,\\central\data\Transportation\Traffic\Accident Data\2017\1703280356.pdf,,,,,
992450.339895013719797,424405.160104990005493,11147,1312230386  ,166418,3,2013-12-23T00:00:00.000Z,1654,MON,0,0,0,3104      ,3104-INJURY TRAFFIC ACCIDENT/BICYCLE                   ,992450.34,424405.16,W IRVINGTON RD                ,INSIDE                                                 ,TUCSON              ,Approximately,75   ,Feet,W ,From,S 9TH AV                      ,        ,S ,9TH                                     ,AV  ,W ,IRVINGTON                               ,RD  ,DAYLIGHT                                               ,CLEAR                                                  ,                         ,NOT JUNCTION RELATED                                   ,,"2-WAY, NOT DIVIDED WITH CONT LEFT TURN LANE            ","SIDESWIPE, SAME DIRECTION                              ",                         ,TPD_TRAFFIC_INCIDENTS,,,,,,
992450.339895013719797,424405.160104990005493,11148,1210140208  ,158536,2,2012-10-14T00:00:00.000Z,1715,SUN,0,0,0,3104      ,3104-INJURY TRAFFIC ACCIDENT/BICYCLE                   ,992450.34,424405.16,W IRVINGTON RD                ,INSIDE                                                 ,TUCSON              ,Approximately,10   ,Feet,W ,From,S 9TH AV                      ,        ,S ,9TH                                     ,AV  ,W ,IRVINGTON                               ,RD  ,DAYLIGHT                                               ,CLEAR                                                  ,                         ,NOT JUNCTION RELATED                                   ,,"2-WAY, NOT DIVIDED WITH CONT LEFT TURN LANE            ",OTHER                                                  ,VEH BIKE                 ,TPD_TRAFFIC_INCIDENTS,,,,,,
992450.339895013719797,424405.160104990005493,11150,1707280251  ,195243,2,2017-07-28T00:00:00.000Z,1048,FRI,0,0,0,3104      ,3104-INJURY TRAFFIC ACCIDENT/BICYCLE                   ,992450.34,424405.16,W IRVINGTON RD                ,INSIDE                                                 ,TUCSON              ,Approximately,200  ,Feet,E ,From,S 9TH AV                      ,        ,S ,9TH                                     ,AV  ,W ,IRVINGTON                               ,RD  ,DAYLIGHT                                               ,CLEAR                                                  ,                         ,NON-CONTROLLED ACCESS - DRIVEWAY                       ,T-INTERSECTION                                         ,"2-WAY, NOT DIVIDED WITH CONT LEFT TURN LANE            ",SINGLE VEHICLE                                         ,                         ,TPD_TRAFFIC_INCIDENTS,\\central\data\Transportation\Traffic\Accident Data\2017\1707280251.pdf,,,,,
1022171.93996062874794,438965.640091866254807,11161,1902150114  ,208572,2,2019-02-15T00:00:00.000Z,0651,FRI,0,0,0,3104      ,3104-INJURY TRAFFIC ACCIDENT/BICYCLE                   ,1022171.94,438965.64,CRAYCROFT RD                  ,INSIDE                                                 ,TUCSON              ,Approximately,UNK  ,Feet,S ,From,26TH ST                       ,        ,E ,26TH                                    ,ST  ,S ,CRAYCROFT                               ,RD  ,DAWN                                                   ,SLEET / HAIL (FREEZING RAIN / DRIZZLE)                 ,                         ,NON-CONTROLLED ACCESS - INTERSECTION-RELATED           ,FOUR-WAY INTERSECTION                                  ,"2-WAY, NOT DIVIDED WITH CONT LEFT TURN LANE            ",OTHER                                                  ,PEDALCYCLE               ,TPD_TRAFFIC_INCIDENTS,\\central\data\Transportation\Traffic\Accident Data\2019\1902150114.pdf,,,,,
1000751.68996062874794,451441.529855646193027,11183,1309100241  ,164348,2,2013-09-10T00:00:00.000Z,1123,TUE,0,0,0,3104      ,3104-INJURY TRAFFIC ACCIDENT/BICYCLE                   ,1000751.69,451441.53,N CAMPBELL AV                 ,INSIDE                                                 ,TUCSON              ,Approximately,50   ,Feet,N ,From,E HELEN ST                    ,        ,N ,CAMPBELL                                ,AV  ,E ,HELEN                                   ,ST  ,DAYLIGHT                                               ,CLEAR                                                  ,                         ,NOT JUNCTION RELATED                                   ,T-INTERSECTION                                         ,"2-WAY, DIVIDED POSITIVE MEDIAN BARRIER                 ",ANGLE (FRONT TO SIDE) (OTHER THAN LEFT TURN)           ,                         ,TPD_TRAFFIC_INCIDENTS,,,,,,