X,Y,OBJECTID,acci_id,tamainid,numunits,AccidentDate,AccidentTime,DayOfWeek,WasFatal,WasHitAndRun,TransImmedMedCare,UCRCode,UCRDescription,CoordX,CoordY,Location,Inside_Outside,City,Accuracy,Distance,Units,Direction,From_At,IntersectingStreet,AddrNumber,AddrDirection,AddrStreetName,AddrStreetNameSuffix,CrossStreetDirection,CrossStreetName,CrossStreetSuffix,LightConditionDescription,WeatherDescription,WeatherOther,RelationDescription,IntersectionTypeDescription,RoadConfigurationDescription,MannerOfCrashDescription,MannerOfCrashOther,DATASOURCE,URL,F7Days,F28Days,COMPSTAT_28D,WEEKLY_7D,AccidentDateTime
1011666.790026247501373,434417.080052495002747,11186,1305060376  ,161820,2,2013-05-06T00:00:00.000Z,1523,MON,0,0,0,3104      ,3104-INJURY TRAFFIC ACCIDENT/BICYCLE                   ,1011666.79,434417.08,S ALVERNON WY                 ,INSIDE                                                 ,TUCSON              ,N/A,     ,N/A,  ,At,E AVIATION PW                 ,        ,S ,ALVERNON                                ,WY  ,E ,AVIATION                                ,PW  ,DAYLIGHT                                               ,CLEAR                                                  ,                         ,NON-CONTROLLED ACCESS - INTERSECTION-RELATED           ,FOUR-WAY INTERSECTION                                  ,"2-WAY, DIVIDED POSITIVE MEDIAN BARRIER                 ",OTHER                                                  ,BICYCLE TRAFFIC          ,TPD_TRAFFIC_INCIDENTS,,,,,,
995904.25,454056.910104990005493,11198,1302040458  ,160240,2,2013-02-04T00:00:00.000Z,1629,MON,0,0,1,3104      ,3104-INJURY TRAFFIC ACCIDENT/BICYCLE                   ,995904.25,454056.91,N EUCLID AV                   ,INSIDE                                                 ,TUCSON              ,Approximately,20   ,Feet,N ,From,E LINDEN ST                   ,        ,N ,EUCLID                                  ,AV  ,E ,LINDEN                                  ,ST  ,DAYLIGHT                                               ,CLEAR                                                  ,                         ,NOT JUNCTION RELATED                                   ,,"2-WAY, NOT DIVIDED WITH CONT LEFT TURN LANE            ",ANGLE (FRONT TO SIDE) (OTHER THAN LEFT TURN)           ,                         ,TPD_TRAFFIC_INCIDENTS,,,,,,
1003009.220144357532263,450998.089895009994507,11203,1304010440  ,161080,2,2013-04-01T00:00:00.000Z,1630,MON,0,0,1,3104      ,3104-INJURY TRAFFIC ACCIDENT/BICYCLE                   ,1003009.22,450998.09,E SPEEDWAY BL                 ,INSIDE                                                 ,TUCSON              ,Approximately,60   ,Feet,E ,From,N NORTON AV                   ,        ,N ,NORTON                                  ,AV  ,E ,SPEEDWAY                                ,BL  ,DAYLIGHT                                               ,CLEAR                                                  ,                         ,NOT JUNCTION RELATED                                   ,,"2-WAY, DIVIDED POSITIVE MEDIAN BARRIER                 ",ANGLE (FRONT TO SIDE) (OTHER THAN LEFT TURN)           ,                         ,TPD_TRAFFIC_INCIDENTS,,,,,,
1043257.81988188996911,443232.700131230056286,11247,1709060329  ,196241,2,2017-09-06T00:00:00.000Z,1324,WED,0,1,0,3114      ,3114-INJURY TRAF ACCIDENT/HIT & RUN/BICYCLE            ,1043257.82,443232.7,S CAMINO SECO                 ,INSIDE                                                 ,TUCSON              ,N/A,     ,N/A,  ,At,E KENYON DR                   ,        ,S ,CAMINO SECO                             ,    ,E ,KENYON                                  ,DR  ,DAYLIGHT                                               ,CLEAR                                                  ,                         ,NON-CONTROLLED ACCESS - INTERSECTION (WITHIN)          ,FOUR-WAY INTERSECTION                                  ,"2-WAY, DIVIDED, UNPROT (PAINTED > 4 FEET) MEDIAN       ",SINGLE VEHICLE                                         ,                         ,TPD_TRAFFIC_INCIDENTS,\\central\data\Transportation\Traffic\Accident Data\2017\1709060329.pdf,,,,,
1016584.12992126122117,459052.549868769943714,11314,1305200479  ,162161,2,2013-05-20T00:00:00.000Z,0430,MON,0,1,0,3114      ,3114-INJURY TRAF ACCIDENT/HIT & RUN/BICYCLE            ,1016584.13,459052.55,E GLENN ST                    ,INSIDE                                                 ,TUCSON              ,N/A,     ,N/A,W ,From,N SWAN RD                     ,        ,E ,GLENN                                   ,ST  ,N ,SWAN                                    ,RD  ,DARK-LIGHTED                                           ,CLEAR                                                  ,                         ,NOT JUNCTION RELATED                                   ,,"2-WAY, NOT DIVIDED                                     ",SINGLE VEHICLE                                         ,                         ,TPD_TRAFFIC_INCIDENTS,,,,,,
987463.37007873877883,463944.410104990005493,11353,1311220019  ,165800,2,2013-11-22T00:00:00.000Z,0110,FRI,0,0,1,3114      ,3114-INJURY TRAF ACCIDENT/HIT & RUN/BICYCLE            ,987463.37,463944.41,N FAIRVIEW AV                 ,INSIDE                                                 ,TUCSON              ,Approximately,80   ,Feet,E ,At,W PRINCE RD                   ,        ,N ,FAIRVIEW                                ,AV  ,W ,PRINCE                                  ,RD  ,DARK-LIGHTED                                           ,CLOUDY                                                 ,                         ,NOT JUNCTION RELATED                                   ,,"2-WAY, DIVIDED, UNPROT (PAINTED > 4 FEET) MEDIAN       ","SIDESWIPE, SAME DIRECTION                              ",                         ,TPD_TRAFFIC_INCIDENTS,,,,,,
987463.37007873877883,463944.410104990005493,11354,1308220325  ,163963,2,2013-08-22T00:00:00.000Z,1510,THU,0,0,1,3104      ,3104-INJURY TRAFFIC ACCIDENT/BICYCLE                   ,987463.37,463944.41,W PRINCE RD                   ,INSIDE                                                 ,TUCSON              ,N/A,     ,N/A,N ,At,N FAIRVIEW AV                 ,        ,N ,FAIRVIEW                                ,AV  ,W ,PRINCE                                  ,RD  ,DAYLIGHT                                               ,CLEAR                                                  ,                         ,NON-CONTROLLED ACCESS - INTERSECTION (WITHIN)          ,FOUR-WAY INTERSECTION                                  ,"2-WAY, NOT DIVIDED                                     ",OTHER                                                  ,                         ,TPD_TRAFFIC_INCIDENTS,,,,,,
987463.37007873877883,463944.410104990005493,11368,1906140659  ,211389,2,2019-06-14T00:00:00.000Z,1912,FRI,0,0,0,3104      ,3104-INJURY TRAFFIC ACCIDENT/BICYCLE                   ,987463.37,463944.41,W PRINCE RD                   ,INSIDE                                                 ,TUCSON              ,Approximately,100  ,Feet,E ,From,N FAIRVIEW AV                 ,        ,N ,FAIRVIEW                                ,AV  ,W ,PRINCE                                  ,RD  ,DAYLIGHT                                               ,CLEAR                                                  ,                         ,NON-CONTROLLED ACCESS - INTERSECTION-RELATED           ,FOUR-WAY INTERSECTION                                  ,"2-WAY, NOT DIVIDED WITH CONT LEFT TURN LANE            ",,PEDALCYCLE               ,TPD_TRAFFIC_INCIDENTS,\\central\data\Transportation\Traffic\Accident Data\2019\1906140659.pdf,,,,,
984851.850065615028143,463955.720144353806973,11397,1405190447  ,169053,2,2014-05-19T00:00:00.000Z,1853,MON,0,1,0,3214      ,3214-PROP DMG TRAF ACCIDENT/HIT & RUN/BICYCLE          ,984851.85,463955.72,W PRINCE RD                   ,INSIDE                                                 ,TUCSON              ,N/A,     ,N/A,  ,At,N FLOWING WELLS RD            ,        ,N ,FLOWING WELLS                           ,RD  ,W ,PRINCE                                  ,RD  ,DAYLIGHT                                               ,CLEAR                                                  ,                         ,NON-CONTROLLED ACCESS - INTERSECTION-RELATED           ,FOUR-WAY INTERSECTION                                  ,"2-WAY, NOT DIVIDED WITH CONT LEFT TURN LANE            ",OTHER                                                  ,BACKED UP                ,TPD_TRAFFIC_INCIDENTS,,,,,,
984851.850065615028143,463955.720144353806973,11408,1602170558  ,181934,2,2016-02-17T00:00:00.000Z,2254,WED,0,0,0,3104      ,3104-INJURY TRAFFIC ACCIDENT/BICYCLE                   ,984851.85,463955.72,FLOWING WELLS RD N            ,INSIDE                                                 ,TUCSON              ,N/A,     ,N/A,  ,At,PRINCE RD W                   ,        ,N ,FLOWING WELLS                           ,RD  ,W ,PRINCE                                  ,RD  ,DARK-LIGHTED                                           ,CLEAR                                                  ,                         ,NON-CONTROLLED ACCESS - INTERSECTION (WITHIN)          ,FOUR-WAY INTERSECTION                                  ,"2-WAY, NOT DIVIDED WITH CONT LEFT TURN LANE            ",SINGLE VEHICLE                                         ,                         ,TPD_TRAFFIC_INCIDENTS,,,,,,
984851.850065615028143,463955.720144353806973,11421,1208290097  ,157970,2,2012-08-29T00:00:00.000Z,0931,WED,0,0,1,3104      ,3104-INJURY TRAFFIC ACCIDENT/BICYCLE                   ,984851.85,463955.72,FLOWING WELLS RD N            ,INSIDE                                                 ,TUCSON              ,N/A,     ,N/A,  ,At,PRINCE RD W                   ,        ,N ,FLOWING WELLS                           ,RD  ,W ,PRINCE                                  ,RD  ,DAYLIGHT                                               ,CLEAR                                                  ,                         ,NON-CONTROLLED ACCESS - INTERSECTION (WITHIN)          ,FOUR-WAY INTERSECTION                                  ,"2-WAY, NOT DIVIDED                                     ",ANGLE (FRONT TO SIDE) (OTHER THAN LEFT TURN)           ,                         ,TPD_TRAFFIC_INCIDENTS,,,,,,
984851.850065615028143,463955.720144353806973,11429,1411190055  ,172199,2,2014-11-19T00:00:00.000Z,0641,WED,0,0,1,3104      ,3104-INJURY TRAFFIC ACCIDENT/BICYCLE                   ,984851.85,463955.72,W PRINCE RD                   ,INSIDE                                                 ,TUCSON              ,Approximately,200  ,Feet,E ,From,N FLOWING WELLS RD            ,        ,N ,FLOWING WELLS                           ,RD  ,W ,PRINCE                                  ,RD  ,DAWN                                                   ,CLEAR                                                  ,                         ,NOT JUNCTION RELATED                                   ,,"2-WAY, NOT DIVIDED                                     ",OTHER                                                  ,VEH/BIKE                 ,TPD_TRAFFIC_INCIDENTS,,,,,,
984851.850065615028143,463955.720144353806973,11445,1804090234  ,201539,2,2018-04-09T00:00:00.000Z,1014,MON,0,0,0,3104      ,3104-INJURY TRAFFIC ACCIDENT/BICYCLE                   ,984851.85,463955.72,PRINCE RD W                   ,INSIDE                                                 ,TUCSON              ,N/A,     ,N/A,  ,At,FLOWING WELLS RD N            ,        ,N ,FLOWING WELLS                           ,RD  ,W ,PRINCE                                  ,RD  ,DAYLIGHT                                               ,CLEAR                                                  ,                         ,NON-CONTROLLED ACCESS - INTERSECTION (WITHIN)          ,FOUR-WAY INTERSECTION                                  ,"2-WAY, NOT DIVIDED WITH CONT LEFT TURN LANE            ",OTHER                                                  ,PEDALCYCLIST             ,TPD_TRAFFIC_INCIDENTS,\\central\data\Transportation\Traffic\Accident Data\2018\1804090234.pdf,,,,,
1022663.62007873877883,451220.080052495002747,11570,1211270169  ,159139,2,2012-11-27T00:00:00.000Z,0949,TUE,0,0,0,3104      ,3104-INJURY TRAFFIC ACCIDENT/BICYCLE                   ,1022663.62,451220.08,E SPEEDWAY BL                 ,INSIDE                                                 ,TUCSON              ,N/A,     ,N/A,  ,At,N JEFFERSON AV                ,        ,N ,JEFFERSON                               ,AV  ,E ,SPEEDWAY                                ,BL  ,DAYLIGHT                                               ,CLEAR                                                  ,                         ,NON-CONTROLLED ACCESS - INTERSECTION (WITHIN)          ,FOUR-WAY INTERSECTION                                  ,"2-WAY, DIVIDED POSITIVE MEDIAN BARRIER                 ",ANGLE (FRONT TO SIDE) (OTHER THAN LEFT TURN)           ,                         ,TPD_TRAFFIC_INCIDENTS,,,,,,
1009241.93996062874794,459618.93996062874794,11581,1705190159  ,193744,2,2017-05-19T00:00:00.000Z,0820,FRI,0,0,1,3104      ,3104-INJURY TRAFFIC ACCIDENT/BICYCLE                   ,1009241.94,459618.94,E MONTE VISTA DR              ,INSIDE                                                 ,TUCSON              ,N/A,     ,N/A,  ,At,N RICHEY BL                   ,        ,E ,MONTE VISTA                             ,DR  ,N ,RICHEY                                  ,BL  ,DAYLIGHT                                               ,CLEAR                                                  ,                         ,NON-CONTROLLED ACCESS - INTERSECTION (WITHIN)          ,FOUR-WAY INTERSECTION                                  ,"2-WAY, NOT DIVIDED                                     ",ANGLE (FRONT TO SIDE) (OTHER THAN LEFT TURN)           ,                         ,TPD_TRAFFIC_INCIDENTS,\\central\data\Transportation\Traffic\Accident Data\2017\1705190159.pdf,,,,,
990223.220144357532263,452500.62007874250412,11584,1812020260  ,206781,2,2018-12-02T00:00:00.000Z,1501,SUN,0,0,0,3204      ,3204-PROP DMG TRAF ACCIDENT/BICYCLE                    ,990223.22,452500.62,ADAMS ST                      ,INSIDE                                                 ,TUCSON              ,Approximately,UNK  ,Feet,E ,From,ORACLE RD                     ,        ,W ,ADAMS                                   ,ST  ,N ,ORACLE                                  ,RD  ,DAYLIGHT                                               ,CLEAR                                                  ,                         ,NON-CONTROLLED ACCESS - INTERSECTION-RELATED           ,T-INTERSECTION                                         ,"2-WAY, NOT DIVIDED                                     ",OTHER                                                  ,PEDALCYCLE               ,TPD_TRAFFIC_INCIDENTS,\\central\data\Transportation\Traffic\Accident Data\2018\1812020260.pdf,,,,,
1023301.220144357532263,453861.240157477557659,11585,1312160417  ,166285,2,2013-12-16T00:00:00.000Z,1747,MON,0,0,0,3104      ,3104-INJURY TRAFFIC ACCIDENT/BICYCLE                   ,1023301.22,453861.24,E PIMA ST                     ,INSIDE                                                 ,TUCSON              ,N/A,     ,N/A,  ,At,N VAN BUREN AV                ,        ,E ,PIMA                                    ,ST  ,N ,VAN BUREN                               ,AV  ,DARK-NOT LIGHTED                                       ,CLEAR                                                  ,                         ,NOT JUNCTION RELATED                                   ,FOUR-WAY INTERSECTION                                  ,"2-WAY, DIVIDED, UNPROT (PAINTED > 4 FEET) MEDIAN       ",ANGLE (FRONT TO SIDE) (OTHER THAN LEFT TURN)           ,                         ,TPD_TRAFFIC_INCIDENTS,,,,,,
982252.81003937125206,464001.910104990005493,11609,1401230440  ,166936,2,2014-01-23T00:00:00.000Z,1657,THU,0,0,0,3104      ,3104-INJURY TRAFFIC ACCIDENT/BICYCLE                   ,982252.81,464001.91,W PRINCE RD                   ,INSIDE                                                 ,TUCSON              ,N/A,     ,N/A,  ,At,N ROMERO RD                   ,        ,W ,PRINCE                                  ,RD  ,N ,ROMERO                                  ,RD  ,DAYLIGHT                                               ,CLEAR                                                  ,                         ,NON-CONTROLLED ACCESS - INTERSECTION (WITHIN)          ,FOUR-WAY INTERSECTION                                  ,"2-WAY, NOT DIVIDED                                     ",ANGLE (FRONT TO SIDE) (OTHER THAN LEFT TURN)           ,                         ,TPD_TRAFFIC_INCIDENTS,,,,,,
982252.81003937125206,464001.910104990005493,11618,1809170135  ,204877,2,2018-09-17T00:00:00.000Z,0556,MON,0,0,0,3104      ,3104-INJURY TRAFFIC ACCIDENT/BICYCLE                   ,982252.81,464001.91,PRINCE RD W                   ,INSIDE                                                 ,TUCSON              ,Approximately,150  ,Feet,E ,From,ROMERO RD N                   ,        ,W ,PRINCE                                  ,RD  ,N ,ROMERO                                  ,RD  ,DAYLIGHT                                               ,CLEAR                                                  ,                         ,NOT JUNCTION RELATED                                   ,,"2-WAY, DIVIDED, UNPROT (PAINTED > 4 FEET) MEDIAN       ",OTHER                                                  ,PEDALCYCLE               ,TPD_TRAFFIC_INCIDENTS,\\central\data\Transportation\Traffic\Accident Data\2018\1809170135.pdf,,,,,
1035317.410104986280203,445814.450131230056286,11652,1506250362  ,176631,2,2015-06-25T00:00:00.000Z,1519,THU,0,0,0,3104      ,3104-INJURY TRAFFIC ACCIDENT/BICYCLE                   ,1035317.41,445814.45,E BROADWAY BL                 ,INSIDE                                                 ,TUCSON              ,Approximately,100  ,Feet,E ,From,N PRUDENCE RD                 ,        ,E ,BROADWAY                                ,BL  ,N ,PRUDENCE                                ,RD  ,DAYLIGHT                                               ,CLEAR                                                  ,                         ,NOT JUNCTION RELATED                                   ,,"2-WAY, DIVIDED, UNPROT (PAINTED > 4 FEET) MEDIAN       ",SINGLE VEHICLE                                         ,                         ,TPD_TRAFFIC_INCIDENTS,,,,,,
1035317.410104986280203,445814.450131230056286,11657,1904220466  ,210168,2,2019-04-22T00:00:00.000Z,1548,MON,0,0,0,3104      ,3104-INJURY TRAFFIC ACCIDENT/BICYCLE                   ,1035317.41,445814.45,BROADWAY BL E                 ,INSIDE                                                 ,TUCSON              ,Approximately,200  ,Feet,E ,From,S PRUDENCE RD                 ,        ,E ,BROADWAY                                ,BL  ,N ,PRUDENCE                                ,RD  ,DAYLIGHT                                               ,CLEAR                                                  ,                         ,NOT JUNCTION RELATED                                   ,,"2-WAY, DIVIDED, UNPROT (PAINTED > 4 FEET) MEDIAN       ",,PEDALCYCLE               ,TPD_TRAFFIC_INCIDENTS,\\central\data\Transportation\Traffic\Accident Data\2019\1904220466.pdf,,,,,
1035317.410104986280203,445814.450131230056286,11668,1303240328  ,161001,2,2013-03-24T00:00:00.000Z,1401,SUN,0,0,0,3104      ,3104-INJURY TRAFFIC ACCIDENT/BICYCLE                   ,1035317.41,445814.45,S PRUDENCE RD                 ,INSIDE                                                 ,TUCSON              ,N/A,     ,N/A,N ,At,E BROADWAY BL                 ,        ,E ,BROADWAY                                ,BL  ,N ,PRUDENCE                                ,RD  ,DAYLIGHT                                               ,CLEAR                                                  ,                         ,NON-CONTROLLED ACCESS - INTERSECTION-RELATED           ,FOUR-WAY INTERSECTION                                  ,"2-WAY, DIVIDED POSITIVE MEDIAN BARRIER                 ",OTHER                                                  ,VEHICLE & CYCLIST        ,TPD_TRAFFIC_INCIDENTS,,,,,,
1004737.279855642467737,450997.330052495002747,11707,1908040088  ,212558,2,2019-08-04T00:00:00.000Z,1140,SUN,0,0,1,3104      ,3104-INJURY TRAFFIC ACCIDENT/BICYCLE                   ,1004737.28,450997.33,E SPEEDWAY BL                 ,,TUCSON              ,Approximately,200  ,Feet,E ,From,N TREAT AV                    ,        ,E ,SPEEDWAY                                ,BL  ,N ,TREAT                                   ,AV  ,DAYLIGHT                                               ,CLEAR                                                  ,                         ,NOT JUNCTION RELATED                                   ,,"2-WAY, DIVIDED, UNPROT (PAINTED > 4 FEET) MEDIAN       ",,PEDALCYCLE               ,TPD_TRAFFIC_INCIDENTS,\\central\data\Transportation\Traffic\Accident Data\2019\1908040088.pdf,,,,,
982782.37007873877883,413613.600065618753433,11726,1904160456  ,210015,2,2019-04-16T00:00:00.000Z,1606,TUE,0,0,1,3104      ,3104-INJURY TRAFFIC ACCIDENT/BICYCLE                   ,982782.37,413613.6,VALENCIA RD W                 ,INSIDE                                                 ,TUCSON              ,Approximately,200  ,Feet,E ,From,OAK TREE DR S                 ,        ,S ,OAK TREE                                ,DR  ,W ,VALENCIA                                ,RD  ,DAYLIGHT                                               ,CLOUDY                                                 ,                         ,NON-CONTROLLED ACCESS - DRIVEWAY                       ,FOUR-WAY INTERSECTION                                  ,"2-WAY, DIVIDED, UNPROT (PAINTED > 4 FEET) MEDIAN       ",OTHER                                                  ,PEDAL CYCLE              ,TPD_TRAFFIC_INCIDENTS,\\central\data\Transportation\Traffic\Accident Data\2019\1904160456.pdf,,,,,
1048497.5,445894.660104990005493,11732,1410010078  ,172030,2,2014-10-01T00:00:00.000Z,0749,WED,0,0,0,3114      ,3114-INJURY TRAF ACCIDENT/HIT & RUN/BICYCLE            ,1048497.5,445894.66,N HARRISON RD                 ,INSIDE                                                 ,TUCSON              ,N/A,     ,N/A,  ,At,E BROADWAY BL                 ,        ,E ,BROADWAY                                ,BL  ,N ,HARRISON                                ,RD  ,DAYLIGHT                                               ,CLEAR                                                  ,                         ,NON-CONTROLLED ACCESS - INTERSECTION-RELATED           ,FOUR-WAY INTERSECTION                                  ,"2-WAY, DIVIDED POSITIVE MEDIAN BARRIER                 ",ANGLE (FRONT TO SIDE) (OTHER THAN LEFT TURN)           ,                         ,TPD_TRAFFIC_INCIDENTS,,,,,,
1048497.5,445894.660104990005493,11740,1509110447  ,178197,2,2015-09-11T00:00:00.000Z,1551,FRI,0,0,0,3104      ,3104-INJURY TRAFFIC ACCIDENT/BICYCLE                   ,1048497.5,445894.66,BROADWAY BL E                 ,INSIDE                                                 ,TUCSON              ,Approximately,100  ,Feet,E ,From,HARRISON RD N                 ,        ,E ,BROADWAY                                ,BL  ,N ,HARRISON                                ,RD  ,DAYLIGHT                                               ,CLEAR                                                  ,                         ,NOT JUNCTION RELATED                                   ,,"2-WAY, NOT DIVIDED                                     ",SINGLE VEHICLE                                         ,                         ,TPD_TRAFFIC_INCIDENTS,,,,,,
994050.75,450859.5,11761,1301100290  ,159852,2,2013-01-10T00:00:00.000Z,1236,THU,0,1,0,3114      ,3114-INJURY TRAF ACCIDENT/HIT & RUN/BICYCLE            ,994050.75,450859.5,N 4TH AVE                     ,INSIDE                                                 ,TUCSON              ,Approximately,130  ,Feet,  ,From,E SPEEDWAY BLVD               ,        ,N ,4TH                                     ,AV  ,E ,SPEEDWAY                                ,BL  ,DAYLIGHT                                               ,CLOUDY                                                 ,                         ,NON-CONTROLLED ACCESS - INTERSECTION-RELATED           ,FOUR-WAY INTERSECTION                                  ,"2-WAY, NOT DIVIDED                                     ","SIDESWIPE, SAME DIRECTION                              ",                         ,TPD_TRAFFIC_INCIDENTS,,,,,,
994050.75,450859.5,11762,1302010269  ,160172,2,2013-02-01T00:00:00.000Z,1134,FRI,0,0,0,3104      ,3104-INJURY TRAFFIC ACCIDENT/BICYCLE                   ,994050.75,450859.5,4TH AVE                       ,INSIDE                                                 ,TUCSON              ,N/A,     ,N/A,  ,At,SPEEDWAY                      ,        ,N ,4TH                                     ,AV  ,E ,SPEEDWAY                                ,BL  ,DAYLIGHT                                               ,CLEAR                                                  ,                         ,NON-CONTROLLED ACCESS - INTERSECTION (WITHIN)          ,FOUR-WAY INTERSECTION                                  ,,LEFT TURN                                              ,                         ,TPD_TRAFFIC_INCIDENTS,,,,,,
1016611.910104986280203,461773.75,11810,1310300410  ,165374,2,2013-10-30T00:00:00.000Z,1720,WED,0,0,0,3104      ,3104-INJURY TRAFFIC ACCIDENT/BICYCLE                   ,1016611.91,461773.75,N SWAN RD                     ,INSIDE                                                 ,TUCSON              ,Approximately,     ,Feet,  ,At,E CAMP LOWELL DR              ,        ,E ,CAMP LOWELL                             ,DR  ,N ,SWAN                                    ,RD  ,DAYLIGHT                                               ,CLEAR                                                  ,                         ,NON-CONTROLLED ACCESS - INTERSECTION-RELATED           ,FOUR-WAY INTERSECTION                                  ,,LEFT TURN                                              ,                         ,TPD_TRAFFIC_INCIDENTS,,,,,,
1016611.910104986280203,461773.75,11858,1712090391  ,198686,2,2017-12-09T00:00:00.000Z,1936,SAT,0,1,0,3114      ,3114-INJURY TRAF ACCIDENT/HIT & RUN/BICYCLE            ,1016611.91,461773.75,E CAMP LOWELL DR              ,INSIDE                                                 ,TUCSON              ,N/A,     ,N/A,  ,At,N SWAN RD                     ,        ,E ,CAMP LOWELL                             ,DR  ,N ,SWAN                                    ,RD  ,DARK-LIGHTED                                           ,CLEAR                                                  ,                         ,NON-CONTROLLED ACCESS - INTERSECTION (WITHIN)          ,FOUR-WAY INTERSECTION                                  ,"2-WAY, DIVIDED, UNPROT (PAINTED > 4 FEET) MEDIAN       ",OTHER                                                  ,PEDALCYCLE               ,TPD_TRAFFIC_INCIDENTS,\\central\data\Transportation\Traffic\Accident Data\2017\1712090391.pdf,,,,,
1011167.950131233781576,463501.160104990005493,11860,1902070096  ,208345,2,2019-02-07T00:00:00.000Z,0544,THU,0,0,0,3104      ,3104-INJURY TRAFFIC ACCIDENT/BICYCLE                   ,1011167.95,463501.16,PARADISE FALLS DR             ,INSIDE                                                 ,TUCSON              ,Approximately,UNK  ,Feet,E ,From,ALVERNON WY                   ,        ,N ,ALVERNON                                ,WY  ,E ,PARADISE FALLS                          ,DR  ,DARK-NOT LIGHTED                                       ,CLEAR                                                  ,                         ,NON-CONTROLLED ACCESS - INTERSECTION-RELATED           ,T-INTERSECTION                                         ,"2-WAY, NOT DIVIDED                                     ",OTHER                                                  ,PEDALCYCLE               ,TPD_TRAFFIC_INCIDENTS,\\central\data\Transportation\Traffic\Accident Data\2019\1902070096.pdf,,,,,
1010001.37992126122117,453726.75,11908,1605250195  ,184304,2,2016-05-25T00:00:00.000Z,1108,WED,0,0,0,3104      ,3104-INJURY TRAFFIC ACCIDENT/BICYCLE                   ,1010001.38,453726.75,DODGE BL N                    ,INSIDE                                                 ,TUCSON              ,Approximately,500  ,Feet,N ,From,PIMA ST E                     ,        ,N ,DODGE                                   ,BL  ,E ,PIMA                                    ,ST  ,DAYLIGHT                                               ,CLEAR                                                  ,                         ,NOT JUNCTION RELATED                                   ,,"2-WAY, NOT DIVIDED                                     ",SINGLE VEHICLE                                         ,                         ,TPD_TRAFFIC_INCIDENTS,\\central\data\Transportation\Traffic\Accident Data\2016\1605250195.pdf,,,,,
1010001.37992126122117,453726.75,11912,1905090145  ,210566,2,2019-05-09T00:00:00.000Z,0739,THU,0,0,0,3104      ,3104-INJURY TRAFFIC ACCIDENT/BICYCLE                   ,1010001.38,453726.75,E PIMA ST                     ,,TUCSON              ,N/A,     ,N/A,  ,At,N DODGE BL                    ,        ,N ,DODGE                                   ,BL  ,E ,PIMA                                    ,ST  ,DAYLIGHT                                               ,CLEAR                                                  ,                         ,,FOUR-WAY INTERSECTION                                  ,"2-WAY, NOT DIVIDED WITH CONT LEFT TURN LANE            ",,PEDALCYCLE               ,TPD_TRAFFIC_INCIDENTS,\\central\data\Transportation\Traffic\Accident Data\2019\1905090145.pdf,,,,,
996257.5,448312.470144353806973,11920,1308140002  ,163802,2,2013-08-14T00:00:00.000Z,0808,WED,0,0,0,3204      ,3204-PROP DMG TRAF ACCIDENT/BICYCLE                    ,996257.5,448312.47,E 5TH ST                      ,INSIDE                                                 ,TUCSON              ,N/A,     ,N/A,S ,At,N EUCLID                      ,822     ,E ,5TH                                     ,ST  ,  ,                                        ,    ,DAYLIGHT                                               ,CLEAR                                                  ,                         ,NON-CONTROLLED ACCESS - INTERSECTION-RELATED           ,FOUR-WAY INTERSECTION                                  ,"2-WAY, DIVIDED, UNPROT (PAINTED > 4 FEET) MEDIAN       ",OTHER                                                  ,ANGLE FRONT/FRONT        ,TPD_TRAFFIC_INCIDENTS,,,,,,
999891.62992126122117,450950.109908133745193,11958,1302040350  ,160249,2,2013-02-04T00:00:00.000Z,1331,MON,0,0,0,3104      ,3104-INJURY TRAFFIC ACCIDENT/BICYCLE                   ,999891.63,450950.11,E SPEEDWAY BL                 ,INSIDE                                                 ,TUCSON              ,Approximately,200  ,Feet,E ,From,N WARREN AV                   ,        ,E ,SPEEDWAY                                ,BL  ,N ,WARREN                                  ,AV  ,DAYLIGHT                                               ,CLEAR                                                  ,                         ,NON-CONTROLLED ACCESS - DRIVEWAY                       ,T-INTERSECTION                                         ,"2-WAY, DIVIDED POSITIVE MEDIAN BARRIER                 ",ANGLE (FRONT TO SIDE) (OTHER THAN LEFT TURN)           ,                         ,TPD_TRAFFIC_INCIDENTS,,,,,,
999891.62992126122117,450950.109908133745193,11959,1807260414  ,203772,2,2018-07-26T00:00:00.000Z,1618,THU,0,1,0,3214      ,3214-PROP DMG TRAF ACCIDENT/HIT & RUN/BICYCLE          ,999891.63,450950.11,WARREN AV                     ,INSIDE                                                 ,TUCSON              ,Approximately,10   ,Feet,N ,From,SPEEDWAY BL                   ,        ,E ,SPEEDWAY                                ,BL  ,N ,WARREN                                  ,AV  ,DAYLIGHT                                               ,CLEAR                                                  ,                         ,NON-CONTROLLED ACCESS - INTERSECTION-RELATED           ,T-INTERSECTION                                         ,"2-WAY, NOT DIVIDED                                     ",OTHER                                                  ,PEDALCYCLE               ,TPD_TRAFFIC_INCIDENTS,\\central\data\Transportation\Traffic\Accident Data\2018\1807260414.pdf,,,,,