X,Y,OBJECTID,acci_id,tamainid,numunits,AccidentDate,AccidentTime,DayOfWeek,WasFatal,WasHitAndRun,TransImmedMedCare,UCRCode,UCRDescription,CoordX,CoordY,Location,Inside_Outside,City,Accuracy,Distance,Units,Direction,From_At,IntersectingStreet,AddrNumber,AddrDirection,AddrStreetName,AddrStreetNameSuffix,CrossStreetDirection,CrossStreetName,CrossStreetSuffix,LightConditionDescription,WeatherDescription,WeatherOther,RelationDescription,IntersectionTypeDescription,RoadConfigurationDescription,MannerOfCrashDescription,MannerOfCrashOther,DATASOURCE,URL,F7Days,F28Days,COMPSTAT_28D,WEEKLY_7D,AccidentDateTime
995924.540026247501373,419102.649934381246567,12947,1212140085  ,159410,2,2012-12-14T00:00:00.000Z,0630,FRI,0,0,1,3104      ,3104-INJURY TRAFFIC ACCIDENT/BICYCLE                   ,995924.54,419102.65,E DREXEL RD                   ,INSIDE                                                 ,TUCSON              ,N/A,     ,N/A,  ,At,S 1ST AV                      ,        ,S ,1ST                                     ,AV  ,E ,DREXEL                                  ,RD  ,DARK-NOT LIGHTED                                       ,RAIN                                                   ,                         ,CONTROLLED ACCESS - INTERSECTION (WITHIN)              ,T-INTERSECTION                                         ,"2-WAY, NOT DIVIDED WITH CONT LEFT TURN LANE            ",LEFT TURN                                              ,                         ,TPD_TRAFFIC_INCIDENTS,,,,,,
993282.43996062874794,463329.37007874250412,12979,1211060099  ,158852,2,2012-11-06T00:00:00.000Z,1221,TUE,0,0,1,3104      ,3104-INJURY TRAFFIC ACCIDENT/BICYCLE                   ,993282.44,463329.37,FONTANA AVE                   ,INSIDE                                                 ,TUCSON              ,N/A,     ,N/A,  ,At,YAVAPAI RD                    ,        ,N ,FONTANA                                 ,AV  ,E ,YAVAPAI                                 ,RD  ,DAYLIGHT                                               ,CLEAR                                                  ,                         ,NON-CONTROLLED ACCESS - INTERSECTION (WITHIN)          ,FOUR-WAY INTERSECTION                                  ,"2-WAY, NOT DIVIDED                                     ",ANGLE (FRONT TO SIDE) (OTHER THAN LEFT TURN)           ,                         ,TPD_TRAFFIC_INCIDENTS,,,,,,
991852.93996062874794,446451.68996062874794,12998,1906050527  ,211168,2,2019-06-05T00:00:00.000Z,1727,WED,0,0,0,3204      ,3204-PROP DMG TRAF ACCIDENT/BICYCLE                    ,991852.94,446451.69,W ALAMEDA ST                  ,INSIDE                                                 ,TUCSON              ,Approximately,10   ,Feet,S ,From,N CHURCH AV                   ,        ,W ,ALAMEDA                                 ,ST  ,N ,CHURCH                                  ,AV  ,DAYLIGHT                                               ,CLEAR                                                  ,                         ,NON-CONTROLLED ACCESS - INTERSECTION-RELATED           ,FOUR-WAY INTERSECTION                                  ,"2-WAY, NOT DIVIDED                                     ",,PEDAL CYCLE              ,TPD_TRAFFIC_INCIDENTS,\\central\data\Transportation\Traffic\Accident Data\2019\1906050527.pdf,,,,,
998592.56003937125206,448774.62007874250412,13042,1710310012  ,197668,2,2017-10-31T18:24:39.000Z,1824,TUE,0,0,0,3104      ,3104-INJURY TRAFFIC ACCIDENT/BICYCLE                   ,998592.56,448774.62,HIGHLAND AV N                 ,INSIDE                                                 ,TUCSON              ,Approximately,20   ,Feet,S ,From,E 4TH ST                      ,        ,E ,4TH                                     ,ST  ,N ,HIGHLAND                                ,AV  ,DAYLIGHT                                               ,CLOUDY                                                 ,                         ,NOT JUNCTION RELATED                                   ,,"2-WAY, NOT DIVIDED                                     ",REAR END (FRONT TO REAR)                               ,                         ,TPD_TRAFFIC_INCIDENTS,\\central\data\Transportation\Traffic\Accident Data\2017\1710310012.pdf,,,,,
998592.56003937125206,448774.62007874250412,13046,1511100002  ,179612,2,2015-11-10T09:18:46.000Z,0830,TUE,0,0,0,3104      ,3104-INJURY TRAFFIC ACCIDENT/BICYCLE                   ,998592.56,448774.62,4TH ST E                      ,INSIDE                                                 ,TUCSON              ,N/A,     ,N/A,  ,At,HIGHLAND AV N                 ,        ,E ,4TH                                     ,ST  ,N ,HIGHLAND                                ,AV  ,DAYLIGHT                                               ,CLEAR                                                  ,                         ,CONTROLLED ACCESS - INTERSECTION (WITHIN)              ,T-INTERSECTION                                         ,"2-WAY, NOT DIVIDED                                     ",LEFT TURN                                              ,                         ,TPD_TRAFFIC_INCIDENTS,,,,,,
1013939.56003937125206,459692.220144353806973,13049,1812200515  ,207222,2,2018-12-20T00:00:00.000Z,1751,THU,0,0,0,3104      ,3104-INJURY TRAFFIC ACCIDENT/BICYCLE                   ,1013939.56,459692.22,COLUMBUS BL N                 ,,TUCSON              ,Approximately,UNK  ,Feet,S ,From,MONTE VISTA DR E              ,        ,N ,COLUMBUS                                ,BL  ,E ,MONTE VISTA                             ,DR  ,DARK-LIGHTED                                           ,CLEAR                                                  ,                         ,NON-CONTROLLED ACCESS - INTERSECTION-RELATED           ,FOUR-WAY INTERSECTION                                  ,"2-WAY, NOT DIVIDED WITH CONT LEFT TURN LANE            ",OTHER                                                  ,PEDALCYCLE               ,TPD_TRAFFIC_INCIDENTS,\\central\data\Transportation\Traffic\Accident Data\2018\1812200515.pdf,,,,,
995342.470144357532263,465355.669947504997253,13065,1904170335  ,210045,2,2019-04-17T00:00:00.000Z,1243,WED,0,0,1,3104      ,3104-INJURY TRAFFIC ACCIDENT/BICYCLE                   ,995342.47,465355.67,1ST AV N                      ,INSIDE                                                 ,TUCSON              ,Approximately,UNK  ,Feet,N ,From,PASTIME RD E                  ,        ,N ,1ST                                     ,AV  ,E ,PASTIME                                 ,RD  ,DAYLIGHT                                               ,CLEAR                                                  ,                         ,NON-CONTROLLED ACCESS - DRIVEWAY                       ,T-INTERSECTION                                         ,"2-WAY, NOT DIVIDED WITH CONT LEFT TURN LANE            ",OTHER                                                  ,PEDALCYCLE               ,TPD_TRAFFIC_INCIDENTS,\\central\data\Transportation\Traffic\Accident Data\2019\1904170335.pdf,,,,,
995342.470144357532263,465355.669947504997253,13073,1302130322  ,160372,2,2013-02-13T00:00:00.000Z,1431,WED,0,0,0,3114      ,3114-INJURY TRAF ACCIDENT/HIT & RUN/BICYCLE            ,995342.47,465355.67,E PASTIME RD                  ,INSIDE                                                 ,TUCSON              ,N/A,     ,N/A,  ,At,N 1ST AV                      ,        ,N ,1ST                                     ,AV  ,E ,PASTIME                                 ,RD  ,DAYLIGHT                                               ,CLEAR                                                  ,                         ,NON-CONTROLLED ACCESS - INTERSECTION (WITHIN)          ,FOUR-WAY INTERSECTION                                  ,"2-WAY, NOT DIVIDED                                     ",ANGLE (FRONT TO SIDE) (OTHER THAN LEFT TURN)           ,                         ,TPD_TRAFFIC_INCIDENTS,,,,,,
999429.240157481282949,451419.31988188624382,13083,1712090009  ,198676,2,2017-12-09T00:00:00.000Z,1217,SAT,0,0,0,3204      ,3204-PROP DMG TRAF ACCIDENT/BICYCLE                    ,999429.24,451419.32,HELEN                         ,INSIDE                                                 ,TUCSON              ,N/A,     ,N/A,  ,At,CHERRY                        ,        ,N ,CHERRY                                  ,AV  ,E ,HELEN                                   ,ST  ,DAYLIGHT                                               ,CLEAR                                                  ,                         ,CONTROLLED ACCESS - INTERSECTION-RELATED               ,FOUR-WAY INTERSECTION                                  ,ONE WAY TRAFFICWAY                                     ,ANGLE (FRONT TO SIDE) (OTHER THAN LEFT TURN)           ,                         ,TPD_TRAFFIC_INCIDENTS,\\central\data\Transportation\Traffic\Accident Data\2017\1712090009.pdf,,,,,
999429.240157481282949,451419.31988188624382,13086,1210040014  ,158386,2,2012-10-04T16:35:15.000Z,1533,THU,0,0,0,3104      ,3104-INJURY TRAFFIC ACCIDENT/BICYCLE                   ,999429.24,451419.32,CHERRY AV N                   ,INSIDE                                                 ,TUCSON              ,Approximately,50   ,Feet,S ,From,HELEN ST E                    ,        ,N ,CHERRY                                  ,AV  ,E ,HELEN                                   ,ST  ,DAYLIGHT                                               ,CLEAR                                                  ,                         ,NOT JUNCTION RELATED                                   ,,"2-WAY, NOT DIVIDED                                     ",ANGLE (FRONT TO SIDE) (OTHER THAN LEFT TURN)           ,                         ,TPD_TRAFFIC_INCIDENTS,,,,,,
998069.43996062874794,458772.279855646193027,13107,1211140191  ,158962,2,2012-11-14T00:00:00.000Z,1621,WED,0,0,0,3104      ,3104-INJURY TRAFFIC ACCIDENT/BICYCLE                   ,998069.44,458772.28,N MOUNTAIN AVE                ,INSIDE                                                 ,TUCSON              ,N/A,     ,N/A,  ,At,E GLENN ST                    ,        ,E ,GLENN                                   ,ST  ,N ,MOUNTAIN                                ,AV  ,DAYLIGHT                                               ,CLEAR                                                  ,                         ,NON-CONTROLLED ACCESS - INTERSECTION (WITHIN)          ,FOUR-WAY INTERSECTION                                  ,"2-WAY, NOT DIVIDED WITH CONT LEFT TURN LANE            ",ANGLE (FRONT TO SIDE) (OTHER THAN LEFT TURN)           ,                         ,TPD_TRAFFIC_INCIDENTS,,,,,,
998069.43996062874794,458772.279855646193027,13110,1905070506  ,210535,2,2019-05-07T00:00:00.000Z,1702,TUE,0,0,1,3104      ,3104-INJURY TRAFFIC ACCIDENT/BICYCLE                   ,998069.44,458772.28,GLENN ST                      ,INSIDE                                                 ,TUCSON              ,N/A,     ,N/A,  ,At,MOUNTAIN AV                   ,        ,E ,GLENN                                   ,ST  ,N ,MOUNTAIN                                ,AV  ,DAYLIGHT                                               ,CLEAR                                                  ,                         ,NON-CONTROLLED ACCESS - INTERSECTION (WITHIN)          ,FOUR-WAY INTERSECTION                                  ,"2-WAY, NOT DIVIDED WITH CONT LEFT TURN LANE            ",OTHER                                                  ,PEDALCYCLE               ,TPD_TRAFFIC_INCIDENTS,\\central\data\Transportation\Traffic\Accident Data\2019\1905070506.pdf,,,,,
1010025.25,451103.549868769943714,13115,1401210476  ,166878,2,2014-01-21T00:00:00.000Z,1750,TUE,0,0,0,3104      ,3104-INJURY TRAFFIC ACCIDENT/BICYCLE                   ,1010025.25,451103.55,E SPEEDWAY BL                 ,INSIDE                                                 ,TUCSON              ,Approximately,275  ,Feet,W ,From,N DODGE BL                    ,        ,N ,DODGE                                   ,BL  ,E ,SPEEDWAY                                ,BL  ,DUSK                                                   ,CLOUDY                                                 ,                         ,NON-CONTROLLED ACCESS - DRIVEWAY                       ,,"2-WAY, DIVIDED POSITIVE MEDIAN BARRIER                 ",ANGLE (FRONT TO SIDE) (OTHER THAN LEFT TURN)           ,                         ,TPD_TRAFFIC_INCIDENTS,,,,,,
998062.37992126122117,455974.919947504997253,13154,1304090318  ,161282,2,2013-04-09T00:00:00.000Z,1526,TUE,0,0,0,3104      ,3104-INJURY TRAFFIC ACCIDENT/BICYCLE                   ,998062.38,455974.92,N MOUNTAIN AV                 ,INSIDE                                                 ,TUCSON              ,N/A,     ,N/A,  ,At,E GRANT RD                    ,        ,E ,GRANT                                   ,RD  ,N ,MOUNTAIN                                ,AV  ,DAYLIGHT                                               ,CLEAR                                                  ,                         ,NON-CONTROLLED ACCESS - INTERSECTION (WITHIN)          ,FOUR-WAY INTERSECTION                                  ,"2-WAY, NOT DIVIDED                                     ",ANGLE (FRONT TO SIDE) (OTHER THAN LEFT TURN)           ,                         ,TPD_TRAFFIC_INCIDENTS,,,,,,
998062.37992126122117,455974.919947504997253,13156,1309040410  ,164226,2,2013-09-04T00:00:00.000Z,1530,WED,0,0,0,3104      ,3104-INJURY TRAFFIC ACCIDENT/BICYCLE                   ,998062.38,455974.92,E GRANT RD                    ,INSIDE                                                 ,TUCSON              ,N/A,     ,N/A,  ,At,N MOUNTAIN AV                 ,        ,E ,GRANT                                   ,RD  ,N ,MOUNTAIN                                ,AV  ,DAYLIGHT                                               ,CLEAR                                                  ,                         ,NON-CONTROLLED ACCESS - INTERSECTION (WITHIN)          ,FOUR-WAY INTERSECTION                                  ,,OTHER                                                  ,RIGHT TURN               ,TPD_TRAFFIC_INCIDENTS,,,,,,
998062.37992126122117,455974.919947504997253,13163,1502270286  ,174342,2,2015-02-27T00:00:00.000Z,1514,FRI,0,0,1,3104      ,3104-INJURY TRAFFIC ACCIDENT/BICYCLE                   ,998062.38,455974.92,N MOUNTAIN AV                 ,INSIDE                                                 ,TUCSON              ,N/A,     ,N/A,  ,At,E GRANT RD                    ,        ,E ,GRANT                                   ,RD  ,N ,MOUNTAIN                                ,AV  ,DAYLIGHT                                               ,CLEAR                                                  ,                         ,NON-CONTROLLED ACCESS - INTERSECTION (WITHIN)          ,FOUR-WAY INTERSECTION                                  ,ONE WAY TRAFFICWAY                                     ,SINGLE VEHICLE                                         ,                         ,TPD_TRAFFIC_INCIDENTS,,,,,,
998062.37992126122117,455974.919947504997253,13167,1807160231  ,203556,2,2018-07-16T00:00:00.000Z,1027,MON,0,0,0,3204      ,3204-PROP DMG TRAF ACCIDENT/BICYCLE                    ,998062.38,455974.92,GRANT RD E                    ,INSIDE                                                 ,TUCSON              ,N/A,     ,N/A,  ,At,MOUNTAIN AV N                 ,        ,E ,GRANT                                   ,RD  ,N ,MOUNTAIN                                ,AV  ,DAYLIGHT                                               ,CLEAR                                                  ,                         ,NON-CONTROLLED ACCESS - INTERSECTION (WITHIN)          ,FOUR-WAY INTERSECTION                                  ,"2-WAY, DIVIDED, UNPROT (PAINTED > 4 FEET) MEDIAN       ",OTHER                                                  ,PEDALCYCLE               ,TPD_TRAFFIC_INCIDENTS,\\central\data\Transportation\Traffic\Accident Data\2018\1807160231.pdf,,,,,
993966.87007873877883,462021.93996062874794,13175,1311140473  ,165672,2,2013-11-14T00:00:00.000Z,1704,THU,0,1,0,3114      ,3114-INJURY TRAF ACCIDENT/HIT & RUN/BICYCLE            ,993966.87,462021.94,N GERONIMO AV                 ,INSIDE                                                 ,TUCSON              ,Approximately,1    ,Feet,N ,At,E NAVAJO RD                   ,        ,N ,GERONIMO                                ,AV  ,E ,NAVAJO                                  ,RD  ,DAYLIGHT                                               ,CLEAR                                                  ,                         ,NON-CONTROLLED ACCESS - INTERSECTION (WITHIN)          ,FOUR-WAY INTERSECTION                                  ,"2-WAY, NOT DIVIDED                                     ",REAR-TO-SIDE                                           ,                         ,TPD_TRAFFIC_INCIDENTS,,,,,,
997217.62007873877883,451008.720144353806973,13176,1704050005  ,192522,2,2017-04-05T00:00:00.000Z,1014,WED,0,0,0,3402      ,3402-OTHER VEHICLE ACCIDENTS/BICYCLE ACCIDENTS         ,997217.62,451008.72,OLIVE                         ,INSIDE                                                 ,TUCSON              ,N/A,     ,N/A,  ,At,SPEEDWAY                      ,1095    ,E ,SPEEDWAY                                ,BL  ,  ,                                        ,    ,DAYLIGHT                                               ,CLEAR                                                  ,                         ,NOT JUNCTION RELATED                                   ,,UNKNOWN                                                ,LEFT TURN                                              ,                         ,TPD_TRAFFIC_INCIDENTS,\\central\data\Transportation\Traffic\Accident Data\2017\1704050005.pdf,,,,,
1006122.959973752498627,448287.839895009994507,13182,1302050405  ,160439,2,2013-02-05T00:00:00.000Z,1401,TUE,0,0,0,3104      ,3104-INJURY TRAFFIC ACCIDENT/BICYCLE                   ,1006122.96,448287.84,6TH                           ,INSIDE                                                 ,TUCSON              ,N/A,     ,N/A,  ,At,COUNTRY CLUB                  ,        ,E ,6TH                                     ,ST  ,N ,COUNTRY CLUB                            ,RD  ,DAYLIGHT                                               ,CLEAR                                                  ,                         ,NOT JUNCTION RELATED                                   ,FOUR-WAY INTERSECTION                                  ,"2-WAY, NOT DIVIDED WITH CONT LEFT TURN LANE            ","SIDESWIPE, SAME DIRECTION                              ",                         ,TPD_TRAFFIC_INCIDENTS,,,,,,
1006101.0,449491.970144353806973,13250,1510220472  ,179167,2,2015-10-22T00:00:00.000Z,2026,THU,0,0,0,3104      ,3104-INJURY TRAFFIC ACCIDENT/BICYCLE                   ,1006101,449491.97,N COUNTRY CLUB RD             ,INSIDE                                                 ,TUCSON              ,N/A,     ,N/A,  ,At,E 3RD ST                      ,        ,E ,3RD                                     ,ST  ,N ,COUNTRY CLUB                            ,RD  ,DARK-LIGHTED                                           ,CLEAR                                                  ,                         ,NON-CONTROLLED ACCESS - INTERSECTION (WITHIN)          ,FOUR-WAY INTERSECTION                                  ,"2-WAY, NOT DIVIDED                                     ",SINGLE VEHICLE                                         ,                         ,TPD_TRAFFIC_INCIDENTS,,,,,,
989783.31003937125206,445369.720144353806973,13312,1410040360  ,171322,2,2014-10-04T00:00:00.000Z,1751,SAT,0,1,1,3114      ,3114-INJURY TRAF ACCIDENT/HIT & RUN/BICYCLE            ,989783.31,445369.72,CONGRESS ST W                 ,INSIDE                                                 ,TUCSON              ,Approximately,600  ,Feet,E ,From,FREEWAY N                     ,        ,W ,CONGRESS                                ,ST  ,N ,FREEWAY                                 ,    ,DAYLIGHT                                               ,CLEAR                                                  ,                         ,NOT JUNCTION RELATED                                   ,,"2-WAY, DIVIDED, UNPROT (PAINTED > 4 FEET) MEDIAN       ",REAR END (FRONT TO REAR)                               ,                         ,TPD_TRAFFIC_INCIDENTS,,,,,,
1020764.160104986280203,445912.080052495002747,13331,1801020352  ,199207,2,2018-01-02T00:00:00.000Z,1515,TUE,0,0,0,3114      ,3114-INJURY TRAF ACCIDENT/HIT & RUN/BICYCLE            ,1020764.16,445912.08,BROADWAY BL                   ,INSIDE                                                 ,TUCSON              ,Approximately,130  ,Feet,W ,From,BEVERLY AV                    ,        ,N ,BEVERLY                                 ,AV  ,E ,BROADWAY                                ,BL  ,DAYLIGHT                                               ,CLEAR                                                  ,                         ,NON-CONTROLLED ACCESS - INTERSECTION-RELATED           ,FOUR-WAY INTERSECTION                                  ,"2-WAY, DIVIDED, UNPROT (PAINTED > 4 FEET) MEDIAN       ",OTHER                                                  ,PEDALCYCLE               ,TPD_TRAFFIC_INCIDENTS,\\central\data\Transportation\Traffic\Accident Data\2018\1801020352.pdf,,,,,
1008865.589895013719797,440475.279855646193027,13353,1504200141  ,175391,2,2015-04-20T00:00:00.000Z,0808,MON,0,0,0,3104      ,3104-INJURY TRAFFIC ACCIDENT/BICYCLE                   ,1008865.59,440475.28,S RANDOLPH WY                 ,INSIDE                                                 ,TUCSON              ,N/A,     ,N/A,  ,At,E 22ND ST                     ,        ,E ,22ND                                    ,ST  ,S ,RANDOLPH                                ,WY  ,DAYLIGHT                                               ,CLEAR                                                  ,                         ,NON-CONTROLLED ACCESS - INTERSECTION (WITHIN)          ,T-INTERSECTION                                         ,"2-WAY, DIVIDED, UNPROT (PAINTED > 4 FEET) MEDIAN       ",SINGLE VEHICLE                                         ,                         ,TPD_TRAFFIC_INCIDENTS,,,,,,
1008865.589895013719797,440475.279855646193027,13358,1802110372  ,200181,2,2018-02-11T00:00:00.000Z,1637,SUN,0,0,0,3104      ,3104-INJURY TRAFFIC ACCIDENT/BICYCLE                   ,1008865.59,440475.28,RANDOLPH WY                   ,,TUCSON              ,Approximately,UNK  ,Feet,N ,From,22ND ST                       ,        ,E ,22ND                                    ,ST  ,S ,RANDOLPH                                ,WY  ,DAYLIGHT                                               ,CLEAR                                                  ,                         ,NON-CONTROLLED ACCESS - INTERSECTION-RELATED           ,T-INTERSECTION                                         ,"2-WAY, DIVIDED, UNPROT (PAINTED > 4 FEET) MEDIAN       ",OTHER                                                  ,PEDALCYCLE               ,TPD_TRAFFIC_INCIDENTS,\\central\data\Transportation\Traffic\Accident Data\2018\1802110372.pdf,,,,,
1009212.339895013719797,461614.660104990005493,13450,1310240012  ,165250,2,2013-10-24T00:00:00.000Z,0015,THU,0,1,0,3114      ,3114-INJURY TRAF ACCIDENT/HIT & RUN/BICYCLE            ,1009212.34,461614.66,E FORT LOWELL RD              ,INSIDE                                                 ,TUCSON              ,Approximately,10   ,Feet,E ,From,N RICHEY BL                   ,        ,E ,FORT LOWELL                             ,RD  ,N ,RICHEY                                  ,BL  ,DARK-LIGHTED                                           ,CLEAR                                                  ,                         ,CONTROLLED ACCESS - ENTRANCE/EXIT RAMP                 ,,,ANGLE (FRONT TO SIDE) (OTHER THAN LEFT TURN)           ,                         ,TPD_TRAFFIC_INCIDENTS,,,,,,
998071.62007873877883,455225.160104990005493,13468,1801290462  ,199851,2,2018-01-29T00:00:00.000Z,1715,MON,0,0,0,3104      ,3104-INJURY TRAFFIC ACCIDENT/BICYCLE                   ,998071.62,455225.16,HAMPTON ST                    ,INSIDE                                                 ,TUCSON              ,Approximately,UNK  ,Feet,E ,From,MOUNTAIN AV                   ,        ,E ,HAMPTON                                 ,ST  ,N ,MOUNTAIN                                ,AV  ,DUSK                                                   ,CLEAR                                                  ,                         ,NON-CONTROLLED ACCESS - INTERSECTION-RELATED           ,FOUR-WAY INTERSECTION                                  ,"2-WAY, NOT DIVIDED                                     ",OTHER                                                  ,PEDALCYCLE               ,TPD_TRAFFIC_INCIDENTS,\\central\data\Transportation\Traffic\Accident Data\2018\1801290462.pdf,,,,,
986674.029855642467737,448513.479986876249313,13487,1905290134  ,211003,2,2019-05-29T00:00:00.000Z,0613,WED,0,1,0,3114      ,3114-INJURY TRAF ACCIDENT/HIT & RUN/BICYCLE            ,986674.03,448513.48,W ST MARYS RD                 ,,TUCSON              ,N/A,     ,N/A,  ,At,N GRANDE AV                   ,        ,N ,GRANDE                                  ,AV  ,W ,SAINT MARYS                             ,RD  ,DAYLIGHT                                               ,CLEAR                                                  ,                         ,,FOUR-WAY INTERSECTION                                  ,"2-WAY, NOT DIVIDED WITH CONT LEFT TURN LANE            ",LEFT TURN                                              ,                         ,TPD_TRAFFIC_INCIDENTS,\\central\data\Transportation\Traffic\Accident Data\2019\1905290134.pdf,,,,,
1007982.25,456280.970144353806973,13533,1704110410  ,192732,2,2017-04-11T00:00:00.000Z,1600,TUE,0,1,0,3114      ,3114-INJURY TRAF ACCIDENT/HIT & RUN/BICYCLE            ,1007982.25,456280.97,E GRANT RD                    ,,TUCSON              ,N/A,     ,N/A,  ,At,N SPARKMAN BL                 ,        ,E ,GRANT                                   ,RD  ,N ,SPARKMAN                                ,BL  ,DAYLIGHT                                               ,CLEAR                                                  ,                         ,NON-CONTROLLED ACCESS - INTERSECTION (WITHIN)          ,T-INTERSECTION                                         ,"2-WAY, NOT DIVIDED WITH CONT LEFT TURN LANE            ",SINGLE VEHICLE                                         ,                         ,TPD_TRAFFIC_INCIDENTS,\\central\data\Transportation\Traffic\Accident Data\2017\1704110410.pdf,,,,,
1000583.990157481282949,454517.049868769943714,13534,1304120014  ,161280,2,2013-04-12T00:00:00.000Z,1420,FRI,0,0,0,3204      ,3204-PROP DMG TRAF ACCIDENT/BICYCLE                    ,1000583.99,454517.05,N CAMPBELL AV                 ,INSIDE                                                 ,TUCSON              ,Approximately,0    ,Feet,E ,At,E WAVERLY ST                  ,        ,N ,CAMPBELL                                ,AV  ,E ,WAVERLY                                 ,ST  ,DAYLIGHT                                               ,CLOUDY                                                 ,                         ,NON-CONTROLLED ACCESS - INTERSECTION (WITHIN)          ,T-INTERSECTION                                         ,"2-WAY, DIVIDED POSITIVE MEDIAN BARRIER                 ",ANGLE (FRONT TO SIDE) (OTHER THAN LEFT TURN)           ,                         ,TPD_TRAFFIC_INCIDENTS,,,,,,
1033956.37992126122117,435238.160104990005493,13541,1310050345  ,164903,2,2013-10-05T00:00:00.000Z,1828,SAT,1,0,1,3004      ,3004-FATAL TRAFFIC ACCIDENT/BICYCLE                    ,1033956.38,435238.16,E GOLF LINKS RD               ,INSIDE                                                 ,TUCSON              ,N/A,     ,N/A,  ,At,S CALLE YUCATAN               ,        ,S ,CALLE YUCATAN                           ,    ,E ,GOLF LINKS                              ,RD  ,DUSK                                                   ,CLEAR                                                  ,                         ,NON-CONTROLLED ACCESS - INTERSECTION (WITHIN)          ,FOUR-WAY INTERSECTION                                  ,"2-WAY, DIVIDED POSITIVE MEDIAN BARRIER                 ",ANGLE (FRONT TO SIDE) (OTHER THAN LEFT TURN)           ,                         ,TPD_TRAFFIC_INCIDENTS,,,,,,
1028049.62992126122117,451050.910104990005493,13545,1301170349  ,159904,2,2013-01-17T00:00:00.000Z,1445,THU,0,0,0,3104      ,3104-INJURY TRAFFIC ACCIDENT/BICYCLE                   ,1028049.63,451050.91,E SPEEDWAY BL                 ,INSIDE                                                 ,TUCSON              ,N/A,     ,N/A,  ,At,N BARBARA WORTH               ,        ,N ,BARBARA WORTH                           ,    ,E ,SPEEDWAY                                ,BL  ,DAYLIGHT                                               ,CLEAR                                                  ,                         ,NON-CONTROLLED ACCESS - INTERSECTION (WITHIN)          ,FOUR-WAY INTERSECTION                                  ,,ANGLE (FRONT TO SIDE) (OTHER THAN LEFT TURN)           ,                         ,TPD_TRAFFIC_INCIDENTS,,,,,,
1013494.220144357532263,440512.729986876249313,13550,1505210407  ,175990,2,2015-05-21T00:00:00.000Z,1803,THU,0,0,0,3104      ,3104-INJURY TRAFFIC ACCIDENT/BICYCLE                   ,1013494.22,440512.73,E 22ND ST                     ,INSIDE                                                 ,TUCSON              ,N/A,     ,N/A,  ,At,S BRYANT AV                   ,        ,E ,22ND                                    ,ST  ,S ,BRYANT                                  ,AV  ,DAYLIGHT                                               ,CLEAR                                                  ,                         ,NON-CONTROLLED ACCESS - DRIVEWAY                       ,T-INTERSECTION                                         ,"2-WAY, DIVIDED POSITIVE MEDIAN BARRIER                 ",SINGLE VEHICLE                                         ,                         ,TPD_TRAFFIC_INCIDENTS,,,,,,
1009300.18996062874794,456314.200131230056286,13558,1904270544  ,210307,2,2019-04-27T00:00:00.000Z,1913,SAT,0,0,0,3104      ,3104-INJURY TRAFFIC ACCIDENT/BICYCLE                   ,1009300.19,456314.2,E GRANT RD                    ,INSIDE                                                 ,TUCSON              ,N/A,     ,N/A,  ,At,N RICHEY BL                   ,        ,E ,GRANT                                   ,RD  ,N ,RICHEY                                  ,BL  ,DUSK                                                   ,CLEAR                                                  ,                         ,NON-CONTROLLED ACCESS - INTERSECTION (WITHIN)          ,FOUR-WAY INTERSECTION                                  ,"2-WAY, NOT DIVIDED WITH CONT LEFT TURN LANE            ",OTHER                                                  ,PEDALCYCLE               ,TPD_TRAFFIC_INCIDENTS,\\central\data\Transportation\Traffic\Accident Data\2019\1904270544.pdf,,,,,
1009300.18996062874794,456314.200131230056286,13559,1808010342  ,203896,2,2018-08-01T00:00:00.000Z,1416,WED,0,0,0,3204      ,3204-PROP DMG TRAF ACCIDENT/BICYCLE                    ,1009300.19,456314.2,RITCHEY BL                    ,INSIDE                                                 ,TUCSON              ,Approximately,UNK  ,Feet,N ,From,GRANT RD                      ,        ,E ,GRANT                                   ,RD  ,N ,RICHEY                                  ,BL  ,DAYLIGHT                                               ,CLOUDY                                                 ,                         ,NON-CONTROLLED ACCESS - INTERSECTION-RELATED           ,FOUR-WAY INTERSECTION                                  ,"2-WAY, DIVIDED, UNPROT (PAINTED > 4 FEET) MEDIAN       ",OTHER                                                  ,PEDALCYCLE               ,TPD_TRAFFIC_INCIDENTS,\\central\data\Transportation\Traffic\Accident Data\2018\1808010342.pdf,,,,,
990891.009842518717051,440226.419947504997253,13581,1308210368  ,163944,2,2013-08-21T00:00:00.000Z,1614,WED,0,0,0,3104      ,3104-INJURY TRAFFIC ACCIDENT/BICYCLE                   ,990891.01,440226.42,W 22ND ST                     ,INSIDE                                                 ,TUCSON              ,Approximately,     ,Feet,E ,From,S 11TH AV                     ,        ,S ,11TH                                    ,AV  ,W ,22ND                                    ,ST  ,DAYLIGHT                                               ,CLEAR                                                  ,                         ,NON-CONTROLLED ACCESS - DRIVEWAY                       ,FOUR-WAY INTERSECTION                                  ,"2-WAY, NOT DIVIDED WITH CONT LEFT TURN LANE            ","SIDESWIPE, SAME DIRECTION                              ",                         ,TPD_TRAFFIC_INCIDENTS,,,,,,