X,Y,OBJECTID,acci_id,tamainid,numunits,AccidentDate,AccidentTime,DayOfWeek,WasFatal,WasHitAndRun,TransImmedMedCare,UCRCode,UCRDescription,CoordX,CoordY,Location,Inside_Outside,City,Accuracy,Distance,Units,Direction,From_At,IntersectingStreet,AddrNumber,AddrDirection,AddrStreetName,AddrStreetNameSuffix,CrossStreetDirection,CrossStreetName,CrossStreetSuffix,LightConditionDescription,WeatherDescription,WeatherOther,RelationDescription,IntersectionTypeDescription,RoadConfigurationDescription,MannerOfCrashDescription,MannerOfCrashOther,DATASOURCE,URL,F7Days,F28Days,COMPSTAT_28D,WEEKLY_7D,AccidentDateTime
993417.290026247501373,445810.81003937125206,13626,1901070575  ,207590,2,2019-01-07T00:00:00.000Z,1927,MON,0,0,1,3104      ,3104-INJURY TRAFFIC ACCIDENT/BICYCLE                   ,993417.29,445810.81,E CONGRESS ST                 ,INSIDE                                                 ,TUCSON              ,N/A,     ,N/A,  ,At,ARIZONA AV                    ,        ,S ,ARIZONA                                 ,AV  ,E ,CONGRESS                                ,ST  ,DARK-LIGHTED                                           ,CLEAR                                                  ,                         ,NON-CONTROLLED ACCESS - INTERSECTION (WITHIN)          ,T-INTERSECTION                                         ,ONE WAY TRAFFICWAY                                     ,OTHER                                                  ,PEDALCYCLE               ,TPD_TRAFFIC_INCIDENTS,\\central\data\Transportation\Traffic\Accident Data\2019\1901070575.pdf,,,,,
1008336.339895013719797,435540.799868769943714,13627,1807020177  ,203273,2,2018-07-02T00:00:00.000Z,0827,MON,0,1,0,3114      ,3114-INJURY TRAF ACCIDENT/HIT & RUN/BICYCLE            ,1008336.34,435540.8,34TH ST                       ,INSIDE                                                 ,TUCSON              ,Approximately,5    ,Feet,N ,From,AVIATION PW                   ,        ,E ,34TH                                    ,ST  ,E ,AVIATION                                ,PW  ,DAYLIGHT                                               ,CLEAR                                                  ,                         ,NON-CONTROLLED ACCESS - INTERSECTION-RELATED           ,T-INTERSECTION                                         ,"2-WAY, DIVIDED, UNPROT (PAINTED > 4 FEET) MEDIAN       ",OTHER                                                  ,PEDALCYCLE               ,TPD_TRAFFIC_INCIDENTS,\\central\data\Transportation\Traffic\Accident Data\2018\1807020177.pdf,,,,,
1003792.68996062874794,421866.919947504997253,13658,1305170528  ,162111,2,2013-05-17T00:00:00.000Z,2045,FRI,0,0,0,3204      ,3204-PROP DMG TRAF ACCIDENT/BICYCLE                    ,1003792.69,421866.92,S TUCSON BL                   ,INSIDE                                                 ,TUCSON              ,N/A,     ,N/A,  ,At,E BANTAM RD                   ,        ,E ,BANTAM                                  ,RD  ,S ,TUCSON                                  ,BL  ,,,                         ,,,,,                         ,TPD_TRAFFIC_INCIDENTS,,,,,,
996823.37007873877883,448750.580052495002747,13659,1805090001  ,202256,2,2018-05-09T00:00:00.000Z,0745,WED,0,0,0,3204      ,3204-PROP DMG TRAF ACCIDENT/BICYCLE                    ,996823.37,448750.58,4TH ST                        ,INSIDE                                                 ,TUCSON              ,N/A,     ,N/A,  ,At,PARK AVE                      ,        ,E ,4TH                                     ,ST  ,N ,PARK                                    ,AV  ,DAYLIGHT                                               ,CLEAR                                                  ,                         ,NOT JUNCTION RELATED                                   ,,"2-WAY, NOT DIVIDED                                     ",ANGLE (FRONT TO SIDE) (OTHER THAN LEFT TURN)           ,                         ,TPD_TRAFFIC_INCIDENTS,\\central\data\Transportation\Traffic\Accident Data\2018\1805090001.pdf,,,,,
1009011.18996062874794,440473.669947504997253,13660,1901020379  ,207474,2,2019-01-02T00:00:00.000Z,1732,WED,0,0,0,3204      ,3204-PROP DMG TRAF ACCIDENT/BICYCLE                    ,1009011.19,440473.67,E 22 ST                       ,INSIDE                                                 ,TUCSON              ,N/A,     ,N/A,  ,At,S PALO VERDE AV               ,        ,E ,22ND                                    ,ST  ,S ,PALO VERDE                              ,AV  ,DUSK                                                   ,CLOUDY                                                 ,                         ,NON-CONTROLLED ACCESS - INTERSECTION (WITHIN)          ,T-INTERSECTION                                         ,"2-WAY, DIVIDED, UNPROT (PAINTED > 4 FEET) MEDIAN       ",OTHER                                                  ,PEDAL CYCLE              ,TPD_TRAFFIC_INCIDENTS,\\central\data\Transportation\Traffic\Accident Data\2019\1901020379.pdf,,,,,
1023497.68996062874794,438468.31003937125206,13702,1302050770  ,160300,2,2013-02-05T00:00:00.000Z,1552,TUE,0,0,1,3104      ,3104-INJURY TRAFFIC ACCIDENT/BICYCLE                   ,1023497.69,438468.31,28                            ,INSIDE                                                 ,TUCSON              ,N/A,     ,N/A,  ,At,VAN BUREN                     ,        ,E ,28TH                                    ,ST  ,S ,VAN BUREN                               ,AV  ,DAYLIGHT                                               ,CLEAR                                                  ,                         ,,FOUR-WAY INTERSECTION                                  ,"2-WAY, NOT DIVIDED                                     ",ANGLE (FRONT TO SIDE) (OTHER THAN LEFT TURN)           ,                         ,TPD_TRAFFIC_INCIDENTS,,,,,,
1043215.850065615028143,446644.43996062874794,13715,1302210314  ,160555,2,2013-02-21T00:00:00.000Z,1249,THU,0,0,1,3104      ,3104-INJURY TRAFFIC ACCIDENT/BICYCLE                   ,1043215.85,446644.44,N CAMINO SECO                 ,INSIDE                                                 ,TUCSON              ,Approximately,10   ,Feet,N ,At,E APPOMATTOX ST               ,        ,E ,APPOMATTOX                              ,ST  ,N ,CAMINO SECO                             ,    ,DAYLIGHT                                               ,CLOUDY                                                 ,                         ,NON-CONTROLLED ACCESS - INTERSECTION (WITHIN)          ,FOUR-WAY INTERSECTION                                  ,"2-WAY, DIVIDED POSITIVE MEDIAN BARRIER                 ","SIDESWIPE, SAME DIRECTION                              ",                         ,TPD_TRAFFIC_INCIDENTS,,,,,,
992325.75,439482.68996062874794,13763,1709150112  ,196473,2,2017-09-15T00:00:00.000Z,0646,FRI,0,0,0,3104      ,3104-INJURY TRAFFIC ACCIDENT/BICYCLE                   ,992325.75,439482.69,W 24TH ST                     ,INSIDE                                                 ,TUCSON              ,Approximately,150  ,Feet,E ,From,S 8TH AV                      ,        ,W ,24TH                                    ,ST  ,S ,8TH                                     ,AV  ,DAYLIGHT                                               ,CLEAR                                                  ,                         ,NON-CONTROLLED ACCESS - DRIVEWAY                       ,FOUR-WAY INTERSECTION                                  ,"2-WAY, NOT DIVIDED                                     ",OTHER                                                  ,PEDALCYCLIST             ,TPD_TRAFFIC_INCIDENTS,\\central\data\Transportation\Traffic\Accident Data\2017\1709150112.pdf,,,,,
1031365.660104986280203,451082.770013123750687,13790,1604030325  ,182991,2,2016-04-03T00:00:00.000Z,1710,SUN,0,0,1,3104      ,3104-INJURY TRAFFIC ACCIDENT/BICYCLE                   ,1031365.66,451082.77,DORADO BL E                   ,,TUCSON              ,N/A,     ,N/A,  ,At,SPEEDWAY BL E                 ,        ,E ,DORADO                                  ,BL  ,E ,SPEEDWAY                                ,BL  ,DAYLIGHT                                               ,CLEAR                                                  ,                         ,NON-CONTROLLED ACCESS - INTERSECTION (WITHIN)          ,T-INTERSECTION                                         ,"2-WAY, DIVIDED, UNPROT (PAINTED > 4 FEET) MEDIAN       ",SINGLE VEHICLE                                         ,                         ,TPD_TRAFFIC_INCIDENTS,,,,,,
1013304.56003937125206,452452.410104990005493,13810,1505060348  ,175710,2,2015-05-06T00:00:00.000Z,1415,WED,0,0,0,3104      ,3104-INJURY TRAFFIC ACCIDENT/BICYCLE                   ,1013304.56,452452.41,E FAIRMOUNT ST                ,INSIDE                                                 ,TUCSON              ,N/A,     ,N/A,  ,At,N BRYANT AV                   ,        ,N ,BRYANT                                  ,AV  ,E ,FAIRMOUNT                               ,ST  ,DAYLIGHT                                               ,CLOUDY                                                 ,                         ,NON-CONTROLLED ACCESS - INTERSECTION (WITHIN)          ,FOUR-WAY INTERSECTION                                  ,"2-WAY, NOT DIVIDED                                     ",SINGLE VEHICLE                                         ,                         ,TPD_TRAFFIC_INCIDENTS,,,,,,
1001206.279855642467737,450976.12007874250412,13816,1612140659  ,189538,2,2016-12-14T00:00:00.000Z,2329,WED,0,1,0,3114      ,3114-INJURY TRAF ACCIDENT/HIT & RUN/BICYCLE            ,1001206.28,450976.12,SPEEDWAY BL E                 ,INSIDE                                                 ,TUCSON              ,Approximately,UNK  ,Feet,E ,From,NORRIS AV N                   ,        ,N ,NORRIS                                  ,AV  ,E ,SPEEDWAY                                ,BL  ,DARK-LIGHTED                                           ,CLEAR                                                  ,                         ,NOT JUNCTION RELATED                                   ,,"2-WAY, DIVIDED, UNPROT (PAINTED > 4 FEET) MEDIAN       ",SINGLE VEHICLE                                         ,                         ,TPD_TRAFFIC_INCIDENTS,\\central\data\Transportation\Traffic\Accident Data\2016\1612140659.pdf,,,,,
1022133.220144357532263,441857.270013123750687,13823,1302060119  ,160258,2,2013-02-06T00:00:00.000Z,0800,WED,0,0,0,3204      ,3204-PROP DMG TRAF ACCIDENT/BICYCLE                    ,1022133.22,441857.27,CRAYCROFT                     ,INSIDE                                                 ,TUCSON              ,N/A,     ,N/A,  ,At,19TH                          ,        ,E ,19TH                                    ,ST  ,S ,CRAYCROFT                               ,RD  ,DAYLIGHT                                               ,CLEAR                                                  ,                         ,NON-CONTROLLED ACCESS - INTERSECTION (WITHIN)          ,T-INTERSECTION                                         ,"2-WAY, NOT DIVIDED                                     ",ANGLE (FRONT TO SIDE) (OTHER THAN LEFT TURN)           ,                         ,TPD_TRAFFIC_INCIDENTS,,,,,,
1048859.75,408850.970144353806973,13887,1904060320  ,209782,2,2019-04-06T00:00:00.000Z,1211,SAT,0,0,1,3104      ,3104-INJURY TRAFFIC ACCIDENT/BICYCLE                   ,1048859.75,408850.97,E VALENCIA RD                 ,INSIDE                                                 ,TUCSON              ,Approximately,10   ,Feet,E ,From,S FROST DR                    ,        ,S ,FROST                                   ,DR  ,E ,VALENCIA                                ,RD  ,DAYLIGHT                                               ,CLEAR                                                  ,                         ,NON-CONTROLLED ACCESS - INTERSECTION-RELATED           ,T-INTERSECTION                                         ,"2-WAY, NOT DIVIDED                                     ",OTHER                                                  ,PEDALCYCLE               ,TPD_TRAFFIC_INCIDENTS,\\central\data\Transportation\Traffic\Accident Data\2019\1904060320.pdf,,,,,
1008050.029855642467737,451071.160104990005493,13888,1308180287  ,163892,2,2013-08-18T00:00:00.000Z,1222,SUN,0,0,0,3104      ,3104-INJURY TRAFFIC ACCIDENT/BICYCLE                   ,1008050.03,451071.16,E SPEEDWAY BL                 ,INSIDE                                                 ,TUCSON              ,N/A,     ,N/A,  ,At,N JONES BL                    ,        ,N ,JONES                                   ,BL  ,E ,SPEEDWAY                                ,BL  ,DAYLIGHT                                               ,CLEAR                                                  ,                         ,NOT JUNCTION RELATED                                   ,FOUR-WAY INTERSECTION                                  ,"2-WAY, DIVIDED POSITIVE MEDIAN BARRIER                 ",LEFT TURN                                              ,                         ,TPD_TRAFFIC_INCIDENTS,,,,,,
999368.75,464098.970144353806973,13899,1209180250  ,158609,2,2012-09-18T00:00:00.000Z,1814,TUE,1,0,1,3004      ,3004-FATAL TRAFFIC ACCIDENT/BICYCLE                    ,999368.75,464098.97,E PRINCE RD                   ,INSIDE                                                 ,TUCSON              ,Approximately,60   ,Feet,W ,From,N CHERRY AV                   ,        ,N ,CHERRY                                  ,AV  ,E ,PRINCE                                  ,RD  ,DUSK                                                   ,CLEAR                                                  ,                         ,NOT JUNCTION RELATED                                   ,,"2-WAY, NOT DIVIDED WITH CONT LEFT TURN LANE            ",SINGLE VEHICLE                                         ,                         ,TPD_TRAFFIC_INCIDENTS,,,,,,
995440.81003937125206,457467.520013123750687,13904,1711210510  ,198205,2,2017-11-21T00:00:00.000Z,1834,TUE,0,0,0,3104      ,3104-INJURY TRAFFIC ACCIDENT/BICYCLE                   ,995440.81,457467.52,COPPER ST E                   ,INSIDE                                                 ,TUCSON              ,N/A,     ,N/A,  ,At,1ST AV N                      ,        ,N ,1ST                                     ,AV  ,E ,COPPER                                  ,ST  ,DARK-LIGHTED                                           ,CLEAR                                                  ,                         ,NON-CONTROLLED ACCESS - INTERSECTION (WITHIN)          ,FOUR-WAY INTERSECTION                                  ,"2-WAY, NOT DIVIDED                                     ",OTHER                                                  ,PEDALCYCLIST             ,TPD_TRAFFIC_INCIDENTS,\\central\data\Transportation\Traffic\Accident Data\2017\1711210510.pdf,,,,,
995456.709973752498627,455933.859908133745193,13983,1211190155  ,159013,2,2012-11-19T00:00:00.000Z,0942,MON,0,0,0,3104      ,3104-INJURY TRAFFIC ACCIDENT/BICYCLE                   ,995456.71,455933.86,N EUCLID AVE                  ,INSIDE                                                 ,TUCSON              ,N/A,     ,N/A,  ,At,E 1ST AVE                     ,        ,N ,1ST                                     ,AV  ,N ,EUCLID                                  ,AV  ,DAYLIGHT                                               ,CLEAR                                                  ,                         ,CONTROLLED ACCESS - INTERSECTION (WITHIN)              ,FOUR-WAY INTERSECTION                                  ,"2-WAY, NOT DIVIDED WITH CONT LEFT TURN LANE            ",LEFT TURN                                              ,                         ,TPD_TRAFFIC_INCIDENTS,,,,,,
997221.330052495002747,424485.609908133745193,14038,1601040411  ,180820,2,2016-01-04T00:00:00.000Z,1630,MON,0,0,1,3104      ,3104-INJURY TRAFFIC ACCIDENT/BICYCLE                   ,997221.33,424485.61,IRVINGTON RD E                ,INSIDE                                                 ,TUCSON              ,Approximately,150  ,Feet,E ,From,PARK AV S                     ,        ,E ,IRVINGTON                               ,RD  ,S ,PARK                                    ,AV  ,DUSK                                                   ,CLOUDY                                                 ,                         ,NOT JUNCTION RELATED                                   ,,"2-WAY, NOT DIVIDED WITH CONT LEFT TURN LANE            ",SINGLE VEHICLE                                         ,                         ,TPD_TRAFFIC_INCIDENTS,,,,,,
1009937.0,457639.37992125749588,14085,1702200129  ,191301,2,2017-02-20T00:00:00.000Z,0700,MON,0,1,0,3114      ,3114-INJURY TRAF ACCIDENT/HIT & RUN/BICYCLE            ,1009937,457639.38,DODGE BL N                    ,,TUCSON              ,N/A,     ,N/A,  ,At,FLOWER ST E                   ,        ,N ,DODGE                                   ,BL  ,E ,FLOWER                                  ,ST  ,DAWN                                                   ,CLEAR                                                  ,                         ,NON-CONTROLLED ACCESS - INTERSECTION (WITHIN)          ,FOUR-WAY INTERSECTION                                  ,"2-WAY, NOT DIVIDED                                     ",SINGLE VEHICLE                                         ,                         ,TPD_TRAFFIC_INCIDENTS,\\central\data\Transportation\Traffic\Accident Data\2017\1702200129.pdf,,,,,
1011305.149934384971857,455249.240157477557659,14100,1902140366  ,208544,2,2019-02-14T00:00:00.000Z,1258,THU,0,0,0,3104      ,3104-INJURY TRAFFIC ACCIDENT/BICYCLE                   ,1011305.15,455249.24,ALVERNON WY                   ,INSIDE                                                 ,TUCSON              ,Approximately,UNK  ,Feet,N ,From,HAMPTON PL                    ,        ,N ,ALVERNON                                ,WY  ,E ,HAMPTON                                 ,PL  ,DAYLIGHT                                               ,CLOUDY                                                 ,                         ,NOT JUNCTION RELATED                                   ,,"2-WAY, NOT DIVIDED WITH CONT LEFT TURN LANE            ",OTHER                                                  ,PEDALCYCLE               ,TPD_TRAFFIC_INCIDENTS,\\central\data\Transportation\Traffic\Accident Data\2019\1902140366.pdf,,,,,
1011305.149934384971857,455249.240157477557659,14101,1601290454  ,181491,2,2016-01-29T00:00:00.000Z,1829,FRI,0,1,0,3114      ,3114-INJURY TRAF ACCIDENT/HIT & RUN/BICYCLE            ,1011305.15,455249.24,N ALVERNON WY                 ,INSIDE                                                 ,TUCSON              ,N/A,     ,N/A,  ,At,E HAMPTON PL                  ,        ,N ,ALVERNON                                ,WY  ,E ,HAMPTON                                 ,PL  ,DUSK                                                   ,CLEAR                                                  ,                         ,NON-CONTROLLED ACCESS - INTERSECTION (WITHIN)          ,FOUR-WAY INTERSECTION                                  ,"2-WAY, DIVIDED, UNPROT (PAINTED > 4 FEET) MEDIAN       ",SINGLE VEHICLE                                         ,                         ,TPD_TRAFFIC_INCIDENTS,,,,,,
990639.43996062874794,421071.910104990005493,14111,1304160488  ,161341,2,2013-04-16T00:00:00.000Z,1756,TUE,0,0,0,3104      ,3104-INJURY TRAFFIC ACCIDENT/BICYCLE                   ,990639.44,421071.91,W ALASKA ST                   ,INSIDE                                                 ,TUCSON              ,N/A,     ,N/A,  ,From,S 12TH AV                     ,        ,S ,12TH                                    ,AV  ,W ,ALASKA                                  ,ST  ,DAYLIGHT                                               ,CLEAR                                                  ,                         ,NOT JUNCTION RELATED                                   ,,"2-WAY, NOT DIVIDED                                     ","SIDESWIPE, SAME DIRECTION                              ",                         ,TPD_TRAFFIC_INCIDENTS,,,,,,
990633.87992126122117,420417.970144353806973,14124,1706170092  ,194352,2,2017-06-17T00:00:00.000Z,0256,SAT,0,1,0,3114      ,3114-INJURY TRAF ACCIDENT/HIT & RUN/BICYCLE            ,990633.88,420417.97,12TH AV S                     ,INSIDE                                                 ,TUCSON              ,Approximately,20   ,Feet,S ,From,CANADA ST W                   ,        ,S ,12TH                                    ,AV  ,W ,CANADA                                  ,ST  ,DARK-LIGHTED                                           ,CLEAR                                                  ,                         ,NOT JUNCTION RELATED                                   ,,"2-WAY, NOT DIVIDED WITH CONT LEFT TURN LANE            ",SINGLE VEHICLE                                         ,                         ,TPD_TRAFFIC_INCIDENTS,\\central\data\Transportation\Traffic\Accident Data\2017\1706170092.pdf,,,,,
990633.87992126122117,420417.970144353806973,14136,1412300366  ,173163,2,2014-12-30T00:00:00.000Z,1653,TUE,0,0,0,3204      ,3204-PROP DMG TRAF ACCIDENT/BICYCLE                    ,990633.88,420417.97,S 12TH AV                     ,INSIDE                                                 ,TUCSON              ,N/A,     ,N/A,  ,At,W CANADA ST                   ,        ,S ,12TH                                    ,AV  ,W ,CANADA                                  ,ST  ,DAYLIGHT                                               ,CLEAR                                                  ,                         ,NOT JUNCTION RELATED                                   ,,"2-WAY, NOT DIVIDED                                     ",ANGLE (FRONT TO SIDE) (OTHER THAN LEFT TURN)           ,                         ,TPD_TRAFFIC_INCIDENTS,,,,,,
1048539.43996062874794,441900.529855646193027,14142,1811060421  ,206115,2,2018-11-06T00:00:00.000Z,1622,TUE,0,0,0,3104      ,3104-INJURY TRAFFIC ACCIDENT/BICYCLE                   ,1048539.44,441900.53,HARRISON RD                   ,INSIDE                                                 ,TUCSON              ,N/A,     ,N/A,  ,At,MAGDELENA RD                  ,        ,S ,HARRISON                                ,RD  ,E ,MAGDALENA                               ,RD  ,DAYLIGHT                                               ,CLEAR                                                  ,                         ,NON-CONTROLLED ACCESS - INTERSECTION (WITHIN)          ,FOUR-WAY INTERSECTION                                  ,"2-WAY, DIVIDED, UNPROT (PAINTED > 4 FEET) MEDIAN       ",OTHER                                                  ,PEDALCYCLE               ,TPD_TRAFFIC_INCIDENTS,\\central\data\Transportation\Traffic\Accident Data\2018\1811060421.pdf,,,,,
990636.93996062874794,420090.12007874250412,14151,1310210457  ,165197,2,2013-10-21T00:00:00.000Z,1831,MON,0,1,0,3114      ,3114-INJURY TRAF ACCIDENT/HIT & RUN/BICYCLE            ,990636.94,420090.12,S CANADA DR                   ,INSIDE                                                 ,TUCSON              ,Approximately,100  ,Feet,W ,From,S 12TH AV                     ,        ,S ,12TH                                    ,AV  ,S ,CANADA                                  ,DR  ,DUSK                                                   ,CLEAR                                                  ,                         ,NON-CONTROLLED ACCESS - INTERSECTION-RELATED           ,FOUR-WAY INTERSECTION                                  ,"2-WAY, NOT DIVIDED WITH CONT LEFT TURN LANE            ",LEFT TURN                                              ,                         ,TPD_TRAFFIC_INCIDENTS,,,,,,
1011568.12992126122117,437032.029855646193027,14165,1908140261  ,212819,2,2019-08-14T00:00:00.000Z,1934,WED,0,0,1,3104      ,3104-INJURY TRAFFIC ACCIDENT/BICYCLE                   ,1011568.13,437032.03,ALVERNON WY                   ,INSIDE                                                 ,TUCSON              ,N/A,     ,N/A,  ,At,31ST ST                       ,        ,E ,31ST                                    ,ST  ,S ,ALVERNON                                ,WY  ,,,                         ,,T-INTERSECTION                                         ,"2-WAY, DIVIDED, UNPROT (PAINTED > 4 FEET) MEDIAN       ",,PEDAL CYCLE              ,TPD_TRAFFIC_INCIDENTS,\\central\data\Transportation\Traffic\Accident Data\2019\1908140261.pdf,,,,,
1040571.779855642467737,445860.270013123750687,14179,1501220271  ,173597,2,2015-01-22T00:00:00.000Z,1403,THU,0,0,0,3104      ,3104-INJURY TRAFFIC ACCIDENT/BICYCLE                   ,1040571.78,445860.27,E BROADWAY BL                 ,INSIDE                                                 ,TUCSON              ,N/A,     ,N/A,  ,At,N SARNOFF DR                  ,        ,E ,BROADWAY                                ,BL  ,N ,SARNOFF                                 ,DR  ,DAYLIGHT                                               ,CLEAR                                                  ,                         ,NON-CONTROLLED ACCESS - INTERSECTION-RELATED           ,FOUR-WAY INTERSECTION                                  ,"2-WAY, DIVIDED POSITIVE MEDIAN BARRIER                 ",ANGLE (FRONT TO SIDE) (OTHER THAN LEFT TURN)           ,                         ,TPD_TRAFFIC_INCIDENTS,,,,,,
1040571.779855642467737,445860.270013123750687,14188,1304150230  ,161325,2,2013-04-15T00:00:00.000Z,1050,MON,0,0,0,3104      ,3104-INJURY TRAFFIC ACCIDENT/BICYCLE                   ,1040571.78,445860.27,E BROADWAY BL                 ,INSIDE                                                 ,TUCSON              ,N/A,     ,N/A,  ,At,N SARNOFF DR                  ,        ,E ,BROADWAY                                ,BL  ,N ,SARNOFF                                 ,DR  ,DAYLIGHT                                               ,CLEAR                                                  ,                         ,NON-CONTROLLED ACCESS - INTERSECTION-RELATED           ,FOUR-WAY INTERSECTION                                  ,"2-WAY, DIVIDED POSITIVE MEDIAN BARRIER                 ",OTHER                                                  ,                         ,TPD_TRAFFIC_INCIDENTS,,,,,,
1014621.06003937125206,453127.660104990005493,14194,1305270347  ,165229,2,2013-05-27T00:00:00.000Z,1458,MON,0,0,1,3104      ,3104-INJURY TRAFFIC ACCIDENT/BICYCLE                   ,1014621.06,453127.66,N CATALINA AV                 ,INSIDE                                                 ,TUCSON              ,N/A,     ,N/A,  ,At,E LEE ST                      ,        ,N ,CATALINA                                ,AV  ,E ,LEE                                     ,ST  ,DAYLIGHT                                               ,CLEAR                                                  ,                         ,NON-CONTROLLED ACCESS - INTERSECTION (WITHIN)          ,FOUR-WAY INTERSECTION                                  ,,ANGLE (FRONT TO SIDE) (OTHER THAN LEFT TURN)           ,                         ,TPD_TRAFFIC_INCIDENTS,,,,,,
0,0,14216,1210020001  ,158356,2,2012-10-02T00:00:00.000Z,0106,TUE,0,0,0,3104      ,3104-INJURY TRAFFIC ACCIDENT/BICYCLE                   ,0,0,1ST STREET                    ,INSIDE                                                 ,TUCSON              ,Approximately,4    ,Feet,W ,At,WARREN                        ,        ,E ,1ST                                     ,ST  ,N ,HIGHLAND                                ,AVE ,DARK-LIGHTED                                           ,CLEAR                                                  ,                         ,CONTROLLED ACCESS - INTERSECTION (WITHIN)              ,FOUR-WAY INTERSECTION                                  ,"2-WAY, DIVIDED, UNPROT (PAINTED > 4 FEET) MEDIAN       ",ANGLE (FRONT TO SIDE) (OTHER THAN LEFT TURN)           ,                         ,TPD_TRAFFIC_INCIDENTS,,,,,,
1021147.790026247501373,459113.18011811375618,14218,1308190340  ,163902,3,2013-08-19T00:00:00.000Z,1436,MON,0,1,0,3114      ,3114-INJURY TRAF ACCIDENT/HIT & RUN/BICYCLE            ,1021147.79,459113.18,E GLENN ST                    ,INSIDE                                                 ,TUCSON              ,N/A,     ,N/A,  ,At,N WOODLAND AV                 ,        ,E ,GLENN                                   ,ST  ,N ,WOODLAND                                ,AV  ,DAYLIGHT                                               ,CLEAR                                                  ,                         ,NON-CONTROLLED ACCESS - INTERSECTION (WITHIN)          ,FOUR-WAY INTERSECTION                                  ,"2-WAY, NOT DIVIDED                                     ",ANGLE (FRONT TO SIDE) (OTHER THAN LEFT TURN)           ,                         ,TPD_TRAFFIC_INCIDENTS,,,,,,
1002214.75,443745.68996062874794,14224,1212050459  ,159271,2,2012-12-05T00:00:00.000Z,1947,WED,0,0,1,3104      ,3104-INJURY TRAFFIC ACCIDENT/BICYCLE                   ,1002214.75,443745.69,E 15TH ST                     ,INSIDE                                                 ,TUCSON              ,N/A,     ,N/A,N ,At,S PLUMER AVE                  ,        ,E ,15TH                                    ,ST  ,S ,PLUMER                                  ,AV  ,DARK-LIGHTED                                           ,CLEAR                                                  ,                         ,CONTROLLED ACCESS - INTERSECTION (WITHIN)              ,FOUR-WAY INTERSECTION                                  ,,ANGLE (FRONT TO SIDE) (OTHER THAN LEFT TURN)           ,                         ,TPD_TRAFFIC_INCIDENTS,,,,,,
1005073.839895013719797,440389.479986876249313,14242,1901160166  ,207807,2,2019-01-16T00:00:00.000Z,0901,WED,0,0,0,3104      ,3104-INJURY TRAFFIC ACCIDENT/BICYCLE                   ,1005073.84,440389.48,22ND ST E                     ,INSIDE                                                 ,TUCSON              ,Approximately,25   ,Feet,W ,From,TREAT AV S                    ,        ,E ,22ND                                    ,ST  ,S ,TREAT                                   ,AV  ,DAYLIGHT                                               ,CLEAR                                                  ,                         ,NON-CONTROLLED ACCESS - INTERSECTION-RELATED           ,T-INTERSECTION                                         ,"2-WAY, DIVIDED, UNPROT (PAINTED > 4 FEET) MEDIAN       ",OTHER                                                  ,PEDALCYCLE               ,TPD_TRAFFIC_INCIDENTS,\\central\data\Transportation\Traffic\Accident Data\2019\1901160166.pdf,,,,,
996461.12007873877883,448865.25,14252,1210030005  ,158370,2,2012-10-03T00:00:00.000Z,1059,WED,0,0,1,3104      ,3104-INJURY TRAFFIC ACCIDENT/BICYCLE                   ,996461.12,448865.25,TYNDALL                       ,INSIDE                                                 ,TUCSON              ,Approximately,300  ,Feet,S ,From,4TH ST                        ,633     ,N ,TYNDALL                                 ,AV  ,  ,                                        ,    ,DAYLIGHT                                               ,CLEAR                                                  ,                         ,NON-CONTROLLED ACCESS - ALLEY-ACCESS-RELATED           ,FOUR-WAY INTERSECTION                                  ,"2-WAY, NOT DIVIDED                                     ",ANGLE (FRONT TO SIDE) (OTHER THAN LEFT TURN)           ,                         ,TPD_TRAFFIC_INCIDENTS,,,,,,
1025497.12007873877883,453870.12992125749588,14301,1212030449  ,159235,2,2012-12-03T00:00:00.000Z,1858,MON,0,0,0,3104      ,3104-INJURY TRAFFIC ACCIDENT/BICYCLE                   ,1025497.12,453870.13,N RIDGEWAY RD                 ,INSIDE                                                 ,TUCSON              ,Approximately,50   ,Feet,N ,At,E PIMA ST                     ,        ,E ,PIMA                                    ,ST  ,N ,RIDGEWAY                                ,RD  ,DARK-NOT LIGHTED                                       ,CLEAR                                                  ,                         ,NOT JUNCTION RELATED                                   ,FOUR-WAY INTERSECTION                                  ,"2-WAY, NOT DIVIDED                                     ",OTHER                                                  ,VS. BICYCLE              ,TPD_TRAFFIC_INCIDENTS,,,,,,