X,Y,OBJECTID,acci_id,tamainid,numunits,AccidentDate,AccidentTime,DayOfWeek,WasFatal,WasHitAndRun,TransImmedMedCare,UCRCode,UCRDescription,CoordX,CoordY,Location,Inside_Outside,City,Accuracy,Distance,Units,Direction,From_At,IntersectingStreet,AddrNumber,AddrDirection,AddrStreetName,AddrStreetNameSuffix,CrossStreetDirection,CrossStreetName,CrossStreetSuffix,LightConditionDescription,WeatherDescription,WeatherOther,RelationDescription,IntersectionTypeDescription,RoadConfigurationDescription,MannerOfCrashDescription,MannerOfCrashOther,DATASOURCE,URL,F7Days,F28Days,COMPSTAT_28D,WEEKLY_7D,AccidentDateTime
1027369.56003937125206,448610.5,14345,1702210078  ,191328,2,2017-02-21T00:00:00.000Z,0521,TUE,0,1,0,3114      ,3114-INJURY TRAF ACCIDENT/HIT & RUN/BICYCLE            ,1027369.56,448610.5,WILMOT RD N                   ,,TUCSON              ,Approximately,200  ,Feet,N ,From,5TH ST E                      ,        ,E ,5TH                                     ,ST  ,N ,WILMOT                                  ,RD  ,DAWN                                                   ,CLOUDY                                                 ,                         ,NON-CONTROLLED ACCESS - DRIVEWAY                       ,T-INTERSECTION                                         ,"2-WAY, DIVIDED, UNPROT (PAINTED > 4 FEET) MEDIAN       ",SINGLE VEHICLE                                         ,                         ,TPD_TRAFFIC_INCIDENTS,\\central\data\Transportation\Traffic\Accident Data\2017\1702210078.pdf,,,,,
1027369.56003937125206,448610.5,14347,1611300239  ,189133,2,2016-11-30T00:00:00.000Z,1235,WED,0,0,0,3104      ,3104-INJURY TRAFFIC ACCIDENT/BICYCLE                   ,1027369.56,448610.5,WILMOT RD N                   ,INSIDE                                                 ,TUCSON              ,Approximately,400  ,Feet,N ,From,5TH ST E                      ,        ,E ,5TH                                     ,ST  ,N ,WILMOT                                  ,RD  ,DAYLIGHT                                               ,CLEAR                                                  ,                         ,NON-CONTROLLED ACCESS - DRIVEWAY                       ,T-INTERSECTION                                         ,"2-WAY, DIVIDED, UNPROT (PAINTED > 4 FEET) MEDIAN       ",SINGLE VEHICLE                                         ,                         ,TPD_TRAFFIC_INCIDENTS,\\central\data\Transportation\Traffic\Accident Data\2016\1611300239.pdf,,,,,
1053721.12007873877883,451268.37007874250412,14447,1710170242  ,197269,2,2017-10-17T00:00:00.000Z,1014,TUE,0,0,1,3104      ,3104-INJURY TRAFFIC ACCIDENT/BICYCLE                   ,1053721.12,451268.37,E SPEEDWAY BLVD               ,INSIDE                                                 ,TUCSON              ,Approximately,525  ,Feet,W ,From,N HOUGHTON RD                 ,        ,N ,HOUGHTON                                ,RD  ,E ,SPEEDWAY                                ,BL  ,DAYLIGHT                                               ,CLEAR                                                  ,                         ,NOT JUNCTION RELATED                                   ,,"2-WAY, DIVIDED, UNPROT (PAINTED > 4 FEET) MEDIAN       ",OTHER                                                  ,PEDALCYCLE               ,TPD_TRAFFIC_INCIDENTS,\\central\data\Transportation\Traffic\Accident Data\2017\1710170242.pdf,,,,,
993277.93996062874794,439500.0,14455,1307060348  ,163094,2,2013-07-06T00:00:00.000Z,1721,SAT,0,0,0,3104      ,3104-INJURY TRAFFIC ACCIDENT/BICYCLE                   ,993277.94,439500,S 6TH AV                      ,INSIDE                                                 ,TUCSON              ,Approximately,30   ,Feet,N ,From,W 24TH ST                     ,        ,E ,24TH                                    ,ST  ,S ,6TH                                     ,AV  ,DAYLIGHT                                               ,CLOUDY                                                 ,                         ,NOT JUNCTION RELATED                                   ,,"2-WAY, NOT DIVIDED WITH CONT LEFT TURN LANE            ",ANGLE (FRONT TO SIDE) (OTHER THAN LEFT TURN)           ,                         ,TPD_TRAFFIC_INCIDENTS,,,,,,
1011293.589895013719797,456363.589895009994507,14463,1502260351  ,174330,2,2015-02-26T00:00:00.000Z,2033,THU,0,1,0,3114      ,3114-INJURY TRAF ACCIDENT/HIT & RUN/BICYCLE            ,1011293.59,456363.59,E GRANT RD                    ,INSIDE                                                 ,TUCSON              ,Approximately,450  ,Feet,E ,From,N ALVERNON WY                 ,        ,N ,ALVERNON                                ,WY  ,E ,GRANT                                   ,RD  ,DARK-LIGHTED                                           ,CLEAR                                                  ,                         ,NON-CONTROLLED ACCESS - DRIVEWAY                       ,UNKNOWN                                                ,"2-WAY, DIVIDED, UNPROT (PAINTED > 4 FEET) MEDIAN       ",SINGLE VEHICLE                                         ,                         ,TPD_TRAFFIC_INCIDENTS,,,,,,
1020081.31003937125206,445916.520013123750687,14588,1611130436  ,188716,2,2016-11-13T00:00:00.000Z,1753,SUN,0,0,0,3204      ,3204-PROP DMG TRAF ACCIDENT/BICYCLE                    ,1020081.31,445916.52,BROADWAY BL E                 ,INSIDE                                                 ,TUCSON              ,Approximately,200  ,Feet,E ,From,WILLIAMS CI S                 ,        ,E ,BROADWAY                                ,BL  ,S ,WILLIAMS                                ,CI  ,DUSK                                                   ,CLEAR                                                  ,                         ,NON-CONTROLLED ACCESS - DRIVEWAY                       ,T-INTERSECTION                                         ,"2-WAY, DIVIDED, UNPROT (PAINTED > 4 FEET) MEDIAN       ",LEFT TURN                                              ,                         ,TPD_TRAFFIC_INCIDENTS,\\central\data\Transportation\Traffic\Accident Data\2016\1611130436.pdf,,,,,
1012956.62007873877883,451786.529855646193027,14614,1308190367  ,164353,2,2013-08-09T00:00:00.000Z,1514,FRI,0,0,0,3104      ,3104-INJURY TRAFFIC ACCIDENT/BICYCLE                   ,1012956.62,451786.53,E BELLEVUE ST                 ,INSIDE                                                 ,TUCSON              ,N/A,     ,N/A,  ,At,E DRYDEN LN                   ,        ,E ,BELLEVUE                                ,ST  ,E ,DRYDEN                                  ,LN  ,DAYLIGHT                                               ,CLEAR                                                  ,                         ,NON-CONTROLLED ACCESS - INTERSECTION (WITHIN)          ,T-INTERSECTION                                         ,"2-WAY, NOT DIVIDED                                     ","SIDESWIPE, SAME DIRECTION                              ",                         ,TPD_TRAFFIC_INCIDENTS,,,,,,
1003785.87007873877883,422529.43996062874794,14619,1309230203  ,164635,2,2013-09-23T00:00:00.000Z,1054,MON,0,1,0,3114      ,3114-INJURY TRAF ACCIDENT/HIT & RUN/BICYCLE            ,1003785.87,422529.44,S TUCSON BL                   ,INSIDE                                                 ,TUCSON              ,Approximately,100  ,Feet,S ,From,E PASEO LA TIERRA BUENA       ,        ,E ,PASEO LA TIERRA BUENA                   ,    ,S ,TUCSON                                  ,BL  ,DAYLIGHT                                               ,CLEAR                                                  ,                         ,NOT JUNCTION RELATED                                   ,,"2-WAY, DIVIDED POSITIVE MEDIAN BARRIER                 ","SIDESWIPE, SAME DIRECTION                              ",                         ,TPD_TRAFFIC_INCIDENTS,,,,,,
1005758.75,444527.660104990005493,14645,1210230267  ,159908,2,2012-10-23T00:00:00.000Z,2011,TUE,0,0,1,3104      ,3104-INJURY TRAFFIC ACCIDENT/BICYCLE                   ,1005758.75,444527.66,EXETER ST E                   ,INSIDE                                                 ,TUCSON              ,Approximately,500  ,Feet,W ,From,EASTBOURNE AV S               ,        ,S ,EASTBOURNE                              ,AV  ,E ,EXETER                                  ,ST  ,DARK-LIGHTED                                           ,CLEAR                                                  ,                         ,NOT JUNCTION RELATED                                   ,,"2-WAY, NOT DIVIDED                                     ",SINGLE VEHICLE                                         ,                         ,TPD_TRAFFIC_INCIDENTS,,,,,,
1038235.390091862529516,458000.81003937125206,14646,1404130148  ,168413,2,2014-04-13T00:00:00.000Z,0624,SUN,0,0,1,3104      ,3104-INJURY TRAFFIC ACCIDENT/BICYCLE                   ,1038235.39,458000.81,E TANQUE VERDE RD             ,INSIDE                                                 ,TUCSON              ,Approximately,500  ,Feet,E ,From,N PANTANO RD                  ,        ,N ,PANTANO                                 ,RD  ,E ,TANQUE VERDE                            ,RD  ,DAYLIGHT                                               ,CLEAR                                                  ,                         ,NOT JUNCTION RELATED                                   ,,"2-WAY, DIVIDED POSITIVE MEDIAN BARRIER                 ",REAR END (FRONT TO REAR)                               ,                         ,TPD_TRAFFIC_INCIDENTS,,,,,,
1038235.390091862529516,458000.81003937125206,14648,1806060085  ,202778,1,2018-06-06T00:00:00.000Z,0353,WED,0,0,1,3402      ,3402-OTHER VEHICLE ACCIDENTS/BICYCLE ACCIDENTS         ,1038235.39,458000.81,E TANQUE VERDE RD             ,INSIDE                                                 ,TUCSON              ,Approximately,200  ,Feet,NE,From,N PANTANO RD                  ,        ,N ,PANTANO                                 ,RD  ,E ,TANQUE VERDE                            ,RD  ,DARK-LIGHTED                                           ,CLEAR                                                  ,                         ,NOT JUNCTION RELATED                                   ,,"2-WAY, DIVIDED, UNPROT (PAINTED > 4 FEET) MEDIAN       ",OTHER                                                  ,PEDALCYCLE               ,TPD_TRAFFIC_INCIDENTS,\\central\data\Transportation\Traffic\Accident Data\2018\1806060085.pdf,,,,,
981193.62007873877883,452575.12992125749588,14650,1504010395  ,175035,2,2015-04-01T00:00:00.000Z,1428,WED,0,0,0,3104      ,3104-INJURY TRAFFIC ACCIDENT/BICYCLE                   ,981193.62,452575.13,SILVERBELL RD N               ,INSIDE                                                 ,TUCSON              ,N/A,     ,N/A,  ,At,CALLE CAMPANA DE PLATA W      ,        ,W ,CALLE CAMPANA DE PLATA                  ,    ,N ,SILVERBELL                              ,RD  ,DAYLIGHT                                               ,CLEAR                                                  ,                         ,NON-CONTROLLED ACCESS - DRIVEWAY                       ,T-INTERSECTION                                         ,"2-WAY, DIVIDED, UNPROT (PAINTED > 4 FEET) MEDIAN       ",SINGLE VEHICLE                                         ,                         ,TPD_TRAFFIC_INCIDENTS,,,,,,
993380.410104986280203,432904.330052495002747,14672,1906060147  ,211174,2,2019-06-06T00:00:00.000Z,0601,THU,0,1,0,3114      ,3114-INJURY TRAF ACCIDENT/HIT & RUN/BICYCLE            ,993380.41,432904.33,E BENSON HY                   ,INSIDE                                                 ,TUCSON              ,Approximately,UNK  ,Feet,E ,From,S 6TH AV                      ,        ,S ,6TH                                     ,AV  ,E ,BENSON                                  ,HY  ,DAYLIGHT                                               ,CLEAR                                                  ,                         ,NON-CONTROLLED ACCESS - INTERSECTION-RELATED           ,FOUR-WAY INTERSECTION                                  ,"2-WAY, DIVIDED, UNPROT (PAINTED > 4 FEET) MEDIAN       ",,PEDALCYCLE               ,TPD_TRAFFIC_INCIDENTS,\\central\data\Transportation\Traffic\Accident Data\2019\1906060147.pdf,,,,,
996811.62007873877883,449343.589895009994507,14682,1709230363  ,196701,2,2017-09-23T00:00:00.000Z,1142,SAT,0,0,0,3104      ,3104-INJURY TRAFFIC ACCIDENT/BICYCLE                   ,996811.62,449343.59,UNIVERSITY BL E               ,INSIDE                                                 ,TUCSON              ,Approximately,65   ,Feet,W ,From,PARK AV N                     ,        ,N ,PARK                                    ,AV  ,E ,UNIVERSITY                              ,BL  ,DAYLIGHT                                               ,CLEAR                                                  ,                         ,NOT JUNCTION RELATED                                   ,,"2-WAY, NOT DIVIDED                                     ",SINGLE VEHICLE                                         ,                         ,TPD_TRAFFIC_INCIDENTS,\\central\data\Transportation\Traffic\Accident Data\2017\1709230363.pdf,,,,,
996811.62007873877883,449343.589895009994507,14683,1803140345  ,200933,2,2018-03-14T00:00:00.000Z,1301,WED,0,1,0,3114      ,3114-INJURY TRAF ACCIDENT/HIT & RUN/BICYCLE            ,996811.62,449343.59,E UNIVERSITY BL               ,INSIDE                                                 ,TUCSON              ,Approximately,150  ,Feet,W ,From,N PARK AV                     ,        ,N ,PARK                                    ,AV  ,E ,UNIVERSITY                              ,BL  ,DAYLIGHT                                               ,CLEAR                                                  ,                         ,NOT JUNCTION RELATED                                   ,,"2-WAY, NOT DIVIDED WITH CONT LEFT TURN LANE            ",OTHER                                                  ,PEDALCYCLE               ,TPD_TRAFFIC_INCIDENTS,\\central\data\Transportation\Traffic\Accident Data\2018\1803140345.pdf,,,,,
996811.62007873877883,449343.589895009994507,14689,1608130003  ,186183,2,2016-08-13T08:23:47.000Z,0716,SAT,0,0,0,3104      ,3104-INJURY TRAFFIC ACCIDENT/BICYCLE                   ,996811.62,449343.59,PARK AV N                     ,INSIDE                                                 ,TUCSON              ,Approximately,0    ,Feet,  ,At,UNIVERSITY BL E               ,        ,N ,PARK                                    ,AV  ,E ,UNIVERSITY                              ,BL  ,DAYLIGHT                                               ,CLEAR                                                  ,                         ,CONTROLLED ACCESS - INTERSECTION (WITHIN)              ,FOUR-WAY INTERSECTION                                  ,"2-WAY, NOT DIVIDED                                     ",LEFT TURN                                              ,                         ,TPD_TRAFFIC_INCIDENTS,\\central\data\Transportation\Traffic\Accident Data\2016\1608130003.pdf,,,,,
996811.62007873877883,449343.589895009994507,14690,1501300327  ,174155,2,2015-01-30T00:00:00.000Z,1600,FRI,0,1,0,3114      ,3114-INJURY TRAF ACCIDENT/HIT & RUN/BICYCLE            ,996811.62,449343.59,E UNIVERSITY BL               ,INSIDE                                                 ,TUCSON              ,N/A,     ,N/A,  ,At,N PARK AV                     ,        ,N ,PARK                                    ,AV  ,E ,UNIVERSITY                              ,BL  ,DAYLIGHT                                               ,CLOUDY                                                 ,                         ,NON-CONTROLLED ACCESS - INTERSECTION (WITHIN)          ,FOUR-WAY INTERSECTION                                  ,"2-WAY, NOT DIVIDED                                     ",LEFT TURN                                              ,                         ,TPD_TRAFFIC_INCIDENTS,,,,,,
989603.93996062874794,426044.029855646193027,14704,1409240200  ,171121,2,2014-09-24T00:00:00.000Z,1144,WED,0,0,0,3104      ,3104-INJURY TRAFFIC ACCIDENT/BICYCLE                   ,989603.94,426044.03,S 15TH AV                     ,INSIDE                                                 ,TUCSON              ,N/A,     ,N/A,  ,At,W OHIO ST                     ,        ,S ,15TH                                    ,AV  ,W ,OHIO                                    ,ST  ,DAYLIGHT                                               ,CLEAR                                                  ,                         ,NON-CONTROLLED ACCESS - INTERSECTION (WITHIN)          ,FOUR-WAY INTERSECTION                                  ,"2-WAY, NOT DIVIDED                                     ",ANGLE (FRONT TO SIDE) (OTHER THAN LEFT TURN)           ,                         ,TPD_TRAFFIC_INCIDENTS,,,,,,
1051778.0,438344.720144353806973,14708,1702050362  ,190883,2,2017-02-05T00:00:00.000Z,1557,SUN,0,0,1,3104      ,3104-INJURY TRAFFIC ACCIDENT/BICYCLE                   ,1051778,438344.72,OLD SPANISH TR E              ,INSIDE                                                 ,TUCSON              ,N/A,     ,N/A,  ,At,29TH ST E                     ,        ,E ,29TH                                    ,ST  ,E ,OLD SPANISH                             ,TR  ,DAYLIGHT                                               ,CLEAR                                                  ,                         ,NON-CONTROLLED ACCESS - INTERSECTION (WITHIN)          ,T-INTERSECTION                                         ,"2-WAY, NOT DIVIDED                                     ",SINGLE VEHICLE                                         ,                         ,TPD_TRAFFIC_INCIDENTS,\\central\data\Transportation\Traffic\Accident Data\2017\1702050362.pdf,,,,,
993408.779855642467737,431033.419947504997253,14721,1411210392  ,172260,2,2014-11-21T00:00:00.000Z,1850,FRI,0,0,0,3104      ,3104-INJURY TRAFFIC ACCIDENT/BICYCLE                   ,993408.78,431033.42,S 6TH AV                      ,INSIDE                                                 ,TUCSON              ,N/A,     ,N/A,  ,At,W VETERANS BL                 ,        ,S ,6TH                                     ,AV  ,W ,VETERANS                                ,BL  ,DARK-LIGHTED                                           ,CLOUDY                                                 ,                         ,NOT JUNCTION RELATED                                   ,,UNKNOWN                                                ,SINGLE VEHICLE                                         ,                         ,TPD_TRAFFIC_INCIDENTS,,,,,,
993408.779855642467737,431033.419947504997253,14735,1708160455  ,195688,2,2017-08-16T00:00:00.000Z,1355,WED,0,0,0,3104      ,3104-INJURY TRAFFIC ACCIDENT/BICYCLE                   ,993408.78,431033.42,6TH AV S                      ,INSIDE                                                 ,TUCSON              ,N/A,     ,N/A,  ,At,VETERANS BL W                 ,        ,S ,6TH                                     ,AV  ,W ,VETERANS                                ,BL  ,DAYLIGHT                                               ,CLEAR                                                  ,                         ,NON-CONTROLLED ACCESS - INTERSECTION (WITHIN)          ,FOUR-WAY INTERSECTION                                  ,"2-WAY, NOT DIVIDED WITH CONT LEFT TURN LANE            ",SINGLE VEHICLE                                         ,                         ,TPD_TRAFFIC_INCIDENTS,\\central\data\Transportation\Traffic\Accident Data\2017\1708160455.pdf,,,,,
993156.62007873877883,447393.720144353806973,14750,1908030192  ,212549,2,2019-08-03T00:00:00.000Z,1830,SAT,0,0,0,3104      ,3104-INJURY TRAFFIC ACCIDENT/BICYCLE                   ,993156.62,447393.72,N 6TH AV                      ,INSIDE                                                 ,TUCSON              ,N/A,     ,N/A,  ,At,E 7TH ST                      ,        ,N ,6TH                                     ,AV  ,E ,7TH                                     ,ST  ,DAYLIGHT                                               ,CLOUDY                                                 ,                         ,,FOUR-WAY INTERSECTION                                  ,"2-WAY, NOT DIVIDED                                     ",,PEDALCYCLE               ,TPD_TRAFFIC_INCIDENTS,\\central\data\Transportation\Traffic\Accident Data\2019\1908030192.pdf,,,,,
1030072.149934384971857,435201.540026247501373,14783,1406170190  ,169514,2,2014-06-17T00:00:00.000Z,1050,TUE,0,0,0,3104      ,3104-INJURY TRAFFIC ACCIDENT/BICYCLE                   ,1030072.15,435201.54,E GOLF LINKS RD               ,INSIDE                                                 ,TUCSON              ,N/A,     ,N/A,  ,At,S AVENIDA REGULO              ,        ,S ,AVENIDA REGULO                          ,    ,E ,GOLF LINKS                              ,RD  ,DAYLIGHT                                               ,CLEAR                                                  ,                         ,NON-CONTROLLED ACCESS - INTERSECTION (WITHIN)          ,FOUR-WAY INTERSECTION                                  ,"2-WAY, DIVIDED POSITIVE MEDIAN BARRIER                 ",OTHER                                                  ,BICYCLE INVOLVED         ,TPD_TRAFFIC_INCIDENTS,,,,,,
988748.200131233781576,448445.100065618753433,14802,1504140269  ,175285,3,2015-04-14T00:00:00.000Z,1210,TUE,0,0,0,3104      ,3104-INJURY TRAFFIC ACCIDENT/BICYCLE                   ,988748.2,448445.1,W SAINT MARYS RD              ,INSIDE                                                 ,TUCSON              ,Approximately,400  ,Feet,W ,From,N FREEWAY                     ,        ,N ,FREEWAY                                 ,    ,W ,SAINT MARYS                             ,RD  ,DAYLIGHT                                               ,CLEAR                                                  ,                         ,NOT JUNCTION RELATED                                   ,,"2-WAY, DIVIDED POSITIVE MEDIAN BARRIER                 ",REAR END (FRONT TO REAR)                               ,                         ,TPD_TRAFFIC_INCIDENTS,,,,,,
988748.200131233781576,448445.100065618753433,14807,1312030414  ,166037,2,2013-12-03T00:00:00.000Z,1742,TUE,0,0,0,3104      ,3104-INJURY TRAFFIC ACCIDENT/BICYCLE                   ,988748.2,448445.1,W SAINT MARYS RD              ,INSIDE                                                 ,TUCSON              ,Approximately,     ,Feet,W ,From,N FREEWAY                     ,        ,N ,FREEWAY                                 ,    ,W ,SAINT MARYS                             ,RD  ,DARK-LIGHTED                                           ,CLEAR                                                  ,                         ,NON-CONTROLLED ACCESS - ALLEY-ACCESS-RELATED           ,FOUR-WAY INTERSECTION                                  ,"2-WAY, NOT DIVIDED                                     ",ANGLE (FRONT TO SIDE) (OTHER THAN LEFT TURN)           ,                         ,TPD_TRAFFIC_INCIDENTS,,,,,,
991755.950131233781576,427006.259842522442341,14824,1710100460  ,197116,2,2017-10-10T00:00:00.000Z,1703,TUE,0,1,1,3114      ,3114-INJURY TRAF ACCIDENT/HIT & RUN/BICYCLE            ,991755.95,427006.26,S LIBERTY AV                  ,INSIDE                                                 ,TUCSON              ,N/A,     ,N/A,  ,At,W MICHIGAN DR                 ,        ,S ,LIBERTY                                 ,AV  ,W ,MICHIGAN                                ,DR  ,DAYLIGHT                                               ,CLEAR                                                  ,                         ,NON-CONTROLLED ACCESS - INTERSECTION (WITHIN)          ,FOUR-WAY INTERSECTION                                  ,"2-WAY, NOT DIVIDED                                     ",SINGLE VEHICLE                                         ,                         ,TPD_TRAFFIC_INCIDENTS,\\central\data\Transportation\Traffic\Accident Data\2017\1710100460.pdf,,,,,
984851.68996062874794,465832.720144353806973,14880,1904190289  ,210103,2,2019-04-19T00:00:00.000Z,1318,FRI,0,0,0,3104      ,3104-INJURY TRAFFIC ACCIDENT/BICYCLE                   ,984851.69,465832.72,FLOWING WELLS RD N            ,,TUCSON              ,N/A,     ,N/A,  ,At,KNOX ST W                     ,        ,N ,FLOWING WELLS                           ,RD  ,W ,KNOX                                    ,ST  ,DAYLIGHT                                               ,CLEAR                                                  ,                         ,NON-CONTROLLED ACCESS - INTERSECTION (WITHIN)          ,T-INTERSECTION                                         ,"2-WAY, NOT DIVIDED WITH CONT LEFT TURN LANE            ",OTHER                                                  ,PEDALCYCLE               ,TPD_TRAFFIC_INCIDENTS,\\central\data\Transportation\Traffic\Accident Data\2019\1904190289.pdf,,,,,
984851.68996062874794,465832.720144353806973,14881,1810300525  ,205925,2,2018-10-30T00:00:00.000Z,1717,TUE,0,1,0,3104      ,3104-INJURY TRAFFIC ACCIDENT/BICYCLE                   ,984851.69,465832.72,FLOWING WELLS RD              ,,TUCSON              ,Approximately,60   ,Feet,S ,From,KNOX ST                       ,        ,N ,FLOWING WELLS                           ,RD  ,W ,KNOX                                    ,ST  ,DAYLIGHT                                               ,CLEAR                                                  ,                         ,NON-CONTROLLED ACCESS - ALLEY-ACCESS-RELATED           ,T-INTERSECTION                                         ,"2-WAY, NOT DIVIDED WITH CONT LEFT TURN LANE            ",OTHER                                                  ,PEDALCYCLE               ,TPD_TRAFFIC_INCIDENTS,\\central\data\Transportation\Traffic\Accident Data\2018\1810300525.pdf,,,,,
995447.640091862529516,454464.419947504997253,14892,1611140155  ,188723,2,2016-11-14T00:00:00.000Z,0753,MON,0,0,0,3402      ,3402-OTHER VEHICLE ACCIDENTS/BICYCLE ACCIDENTS         ,995447.64,454464.42,1ST AV N                      ,INSIDE                                                 ,TUCSON              ,N/A,     ,N/A,  ,At,WAVERLY ST E                  ,        ,N ,1ST                                     ,AV  ,E ,WAVERLY                                 ,ST  ,DAYLIGHT                                               ,CLEAR                                                  ,                         ,NON-CONTROLLED ACCESS - INTERSECTION (WITHIN)          ,FOUR-WAY INTERSECTION                                  ,"2-WAY, NOT DIVIDED                                     ",SINGLE VEHICLE                                         ,                         ,TPD_TRAFFIC_INCIDENTS,\\central\data\Transportation\Traffic\Accident Data\2016\1611140155.pdf,,,,,
993960.410104986280203,469289.12007874250412,14933,1809100406  ,204726,2,2018-09-10T00:00:00.000Z,1408,MON,0,0,0,3104      ,3104-INJURY TRAFFIC ACCIDENT/BICYCLE                   ,993960.41,469289.12,WETMORE RD                    ,INSIDE                                                 ,TUCSON              ,Approximately,25   ,Feet,W ,From,4TH AV                        ,        ,N ,4TH                                     ,AV  ,E ,WETMORE                                 ,RD  ,DAYLIGHT                                               ,CLEAR                                                  ,                         ,NON-CONTROLLED ACCESS - DRIVEWAY                       ,T-INTERSECTION                                         ,"2-WAY, NOT DIVIDED WITH CONT LEFT TURN LANE            ",OTHER                                                  ,PEDALCYCLE               ,TPD_TRAFFIC_INCIDENTS,\\central\data\Transportation\Traffic\Accident Data\2018\1809100406.pdf,,,,,
998036.529855642467737,464065.31003937125206,14966,1708190267  ,195795,2,2017-08-19T00:00:00.000Z,1223,SAT,0,0,0,3104      ,3104-INJURY TRAFFIC ACCIDENT/BICYCLE                   ,998036.53,464065.31,MOUNTAIN AV N                 ,INSIDE                                                 ,TUCSON              ,N/A,     ,N/A,  ,At,PRINCE RD E                   ,        ,N ,MOUNTAIN                                ,AV  ,E ,PRINCE                                  ,RD  ,DAYLIGHT                                               ,CLEAR                                                  ,                         ,NON-CONTROLLED ACCESS - INTERSECTION (WITHIN)          ,FOUR-WAY INTERSECTION                                  ,"2-WAY, NOT DIVIDED WITH CONT LEFT TURN LANE            ",SINGLE VEHICLE                                         ,                         ,TPD_TRAFFIC_INCIDENTS,\\central\data\Transportation\Traffic\Accident Data\2017\1708190267.pdf,,,,,
996674.18996062874794,466699.029855646193027,14972,1211290121  ,159158,2,2012-11-29T00:00:00.000Z,0802,THU,0,0,0,3214      ,3214-PROP DMG TRAF ACCIDENT/HIT & RUN/BICYCLE          ,996674.19,466699.03,E ROGER RD                    ,INSIDE                                                 ,TUCSON              ,N/A,     ,N/A,  ,At,N PARK AV                     ,        ,N ,PARK                                    ,AV  ,E ,ROGER                                   ,RD  ,DAYLIGHT                                               ,CLEAR                                                  ,                         ,NON-CONTROLLED ACCESS - INTERSECTION (WITHIN)          ,T-INTERSECTION                                         ,,OTHER                                                  ,CAR VS BIKE              ,TPD_TRAFFIC_INCIDENTS,,,,,,
1001152.93996062874794,425991.25,14981,1802120216  ,200197,2,2018-02-12T00:00:00.000Z,0948,MON,0,0,0,3104      ,3104-INJURY TRAFFIC ACCIDENT/BICYCLE                   ,1001152.94,425991.25,CALLE MULETA                  ,INSIDE                                                 ,TUCSON              ,Approximately,UNK  ,Feet,S ,From,CAMPBELL AV                   ,        ,E ,CALLE MULETA                            ,    ,S ,CAMPBELL                                ,AV  ,DAYLIGHT                                               ,CLEAR                                                  ,                         ,NON-CONTROLLED ACCESS - INTERSECTION-RELATED           ,T-INTERSECTION                                         ,"2-WAY, NOT DIVIDED WITH CONT LEFT TURN LANE            ",OTHER                                                  ,PEDALCYCLE               ,TPD_TRAFFIC_INCIDENTS,\\central\data\Transportation\Traffic\Accident Data\2018\1802120216.pdf,,,,,
1002260.12007873877883,440411.12007874250412,15008,1302230285  ,160566,2,2013-02-23T00:00:00.000Z,1000,SAT,0,0,0,3104      ,3104-INJURY TRAFFIC ACCIDENT/BICYCLE                   ,1002260.12,440411.12,E 22ND ST                     ,INSIDE                                                 ,TUCSON              ,N/A,     ,N/A,  ,At,S PLUMER AV                   ,        ,E ,22ND ST RAMP                            ,    ,S ,PLUMER                                  ,AV  ,DAYLIGHT                                               ,CLEAR                                                  ,                         ,NON-CONTROLLED ACCESS - INTERSECTION (WITHIN)          ,T-INTERSECTION                                         ,ONE WAY TRAFFICWAY                                     ,LEFT TURN                                              ,                         ,TPD_TRAFFIC_INCIDENTS,,,,,,
984167.970144357532263,423992.910104990005493,15043,1212090251  ,159316,2,2012-12-09T00:00:00.000Z,1315,SUN,0,0,0,3204      ,3204-PROP DMG TRAF ACCIDENT/BICYCLE                    ,984167.97,423992.91,W IRVINGTON RD                ,INSIDE                                                 ,TUCSON              ,N/A,     ,N/A,  ,At,S OAKMORE DR                  ,        ,W ,IRVINGTON                               ,RD  ,S ,OAKMORE                                 ,DR  ,DAYLIGHT                                               ,CLEAR                                                  ,                         ,CONTROLLED ACCESS - INTERSECTION (WITHIN)              ,T-INTERSECTION                                         ,"2-WAY, DIVIDED POSITIVE MEDIAN BARRIER                 ",ANGLE (FRONT TO SIDE) (OTHER THAN LEFT TURN)           ,                         ,TPD_TRAFFIC_INCIDENTS,,,,,,
985010.0,449935.220144353806973,15051,1311170339  ,165722,2,2013-11-17T00:00:00.000Z,1618,SUN,0,1,0,3114      ,3114-INJURY TRAF ACCIDENT/HIT & RUN/BICYCLE            ,985010,449935.22,W ONTARIO ST                  ,INSIDE                                                 ,TUCSON              ,N/A,     ,N/A,  ,At,N CUESTA AV                   ,        ,N ,CUESTA                                  ,AV  ,W ,ONTARIO                                 ,ST  ,DAYLIGHT                                               ,CLEAR                                                  ,                         ,NOT JUNCTION RELATED                                   ,,,HEAD-ON (FRONT-TO-FRONT) (OTHER THAN LEFT TURN)        ,                         ,TPD_TRAFFIC_INCIDENTS,,,,,,