X,Y,OBJECTID,acci_id,tamainid,numunits,AccidentDate,AccidentTime,DayOfWeek,WasFatal,WasHitAndRun,TransImmedMedCare,UCRCode,UCRDescription,CoordX,CoordY,Location,Inside_Outside,City,Accuracy,Distance,Units,Direction,From_At,IntersectingStreet,AddrNumber,AddrDirection,AddrStreetName,AddrStreetNameSuffix,CrossStreetDirection,CrossStreetName,CrossStreetSuffix,LightConditionDescription,WeatherDescription,WeatherOther,RelationDescription,IntersectionTypeDescription,RoadConfigurationDescription,MannerOfCrashDescription,MannerOfCrashOther,DATASOURCE,URL,F7Days,F28Days,COMPSTAT_28D,WEEKLY_7D,AccidentDateTime
1034026.93996062874794,429929.600065618753433,15052,1212100365  ,159337,2,2012-12-10T00:00:00.000Z,1506,MON,0,1,0,3114      ,3114-INJURY TRAF ACCIDENT/HIT & RUN/BICYCLE            ,1034026.94,429929.6,E ESCALANTE RD                ,INSIDE                                                 ,TUCSON              ,N/A,     ,N/A,  ,At,S POINCIANA DR                ,        ,E ,ESCALANTE                               ,RD  ,S ,POINCIANA                               ,DR  ,DAYLIGHT                                               ,CLEAR                                                  ,                         ,CONTROLLED ACCESS - INTERSECTION (WITHIN)              ,T-INTERSECTION                                         ,"2-WAY, DIVIDED POSITIVE MEDIAN BARRIER                 ",ANGLE (FRONT TO SIDE) (OTHER THAN LEFT TURN)           ,                         ,TPD_TRAFFIC_INCIDENTS,,,,,,
998951.37007873877883,466746.660104990005493,15053,1603110406  ,182453,2,2016-03-11T00:00:00.000Z,1551,FRI,0,0,1,3104      ,3104-INJURY TRAFFIC ACCIDENT/BICYCLE                   ,998951.37,466746.66,ROGER RD E                    ,INSIDE                                                 ,TUCSON              ,Approximately,UNK  ,Feet,E ,From,ROGER LN N                    ,        ,N ,ROGER                                   ,LN  ,E ,ROGER                                   ,RD  ,DAYLIGHT                                               ,CLEAR                                                  ,                         ,NON-CONTROLLED ACCESS - DRIVEWAY                       ,T-INTERSECTION                                         ,"2-WAY, NOT DIVIDED                                     ",SINGLE VEHICLE                                         ,                         ,TPD_TRAFFIC_INCIDENTS,,,,,,
1002132.62007873877883,449430.68996062874794,15054,1602190361  ,181974,2,2016-02-19T00:00:00.000Z,1712,FRI,0,0,1,3104      ,3104-INJURY TRAFFIC ACCIDENT/BICYCLE                   ,1002132.62,449430.69,3RD ST E                      ,INSIDE                                                 ,TUCSON              ,N/A,     ,N/A,  ,At,PLUMER AV N                   ,        ,E ,3RD                                     ,ST  ,N ,PLUMER                                  ,AV  ,DAYLIGHT                                               ,CLEAR                                                  ,                         ,NON-CONTROLLED ACCESS - INTERSECTION (WITHIN)          ,FOUR-WAY INTERSECTION                                  ,"2-WAY, NOT DIVIDED                                     ",SINGLE VEHICLE                                         ,                         ,TPD_TRAFFIC_INCIDENTS,,,,,,
1006107.87007873877883,449015.080052495002747,15067,1806040550  ,202753,2,2018-06-04T00:00:00.000Z,2148,MON,1,0,1,3004      ,3004-FATAL TRAFFIC ACCIDENT/BICYCLE                    ,1006107.87,449015.08,COUNTRY CLUB RD               ,INSIDE                                                 ,TUCSON              ,Approximately,60   ,Feet,S ,From,4TH ST                        ,        ,E ,4TH                                     ,ST  ,N ,COUNTRY CLUB                            ,RD  ,DARK-NOT LIGHTED                                       ,CLEAR                                                  ,                         ,NON-CONTROLLED ACCESS - INTERSECTION-RELATED           ,FOUR-WAY INTERSECTION                                  ,"2-WAY, NOT DIVIDED                                     ",OTHER                                                  ,PEDALCYCLE               ,TPD_TRAFFIC_INCIDENTS,\\central\data\Transportation\Traffic\Accident Data\2018\1806040550.pdf,,,,,
1022112.25,443277.080052495002747,15073,1212140104  ,160498,3,2012-12-14T00:00:00.000Z,0827,FRI,0,0,0,3104      ,3104-INJURY TRAFFIC ACCIDENT/BICYCLE                   ,1022112.25,443277.08,S CRAYCROFT RD                ,INSIDE                                                 ,TUCSON              ,N/A,     ,N/A,  ,At,E SOUTH WILSHIRE DR           ,        ,S ,CRAYCROFT                               ,RD  ,E ,SOUTH WILSHIRE                          ,DR  ,DAYLIGHT                                               ,RAIN                                                   ,                         ,NOT JUNCTION RELATED                                   ,,ONE WAY TRAFFICWAY                                     ,REAR END (FRONT TO REAR)                               ,                         ,TPD_TRAFFIC_INCIDENTS,,,,,,
1022112.25,443277.080052495002747,15075,1706120380  ,194256,2,2017-06-12T00:00:00.000Z,1410,MON,0,0,0,3104      ,3104-INJURY TRAFFIC ACCIDENT/BICYCLE                   ,1022112.25,443277.08,CRAYCROFT RD S                ,INSIDE                                                 ,TUCSON              ,N/A,     ,N/A,  ,At,SOUTH WILSHIRE DR E           ,        ,S ,CRAYCROFT                               ,RD  ,E ,SOUTH WILSHIRE                          ,DR  ,DAYLIGHT                                               ,CLEAR                                                  ,                         ,NON-CONTROLLED ACCESS - INTERSECTION (WITHIN)          ,T-INTERSECTION                                         ,"2-WAY, DIVIDED, UNPROT (PAINTED > 4 FEET) MEDIAN       ",ANGLE (FRONT TO SIDE) (OTHER THAN LEFT TURN)           ,                         ,TPD_TRAFFIC_INCIDENTS,\\central\data\Transportation\Traffic\Accident Data\2017\1706120380.pdf,,,,,
1039364.75,435276.06003937125206,15081,1209280123  ,158321,2,2012-09-28T00:00:00.000Z,1011,FRI,0,0,1,3104      ,3104-INJURY TRAFFIC ACCIDENT/BICYCLE                   ,1039364.75,435276.06,GOLF LINKS RD E               ,INSIDE                                                 ,TUCSON              ,N/A,     ,N/A,  ,At,LAKESIDE PW S                 ,        ,E ,GOLF LINKS                              ,RD  ,E ,LAKESIDE                                ,PW  ,DAYLIGHT                                               ,CLEAR                                                  ,                         ,NON-CONTROLLED ACCESS - INTERSECTION (WITHIN)          ,FOUR-WAY INTERSECTION                                  ,"2-WAY, DIVIDED POSITIVE MEDIAN BARRIER                 ",ANGLE (FRONT TO SIDE) (OTHER THAN LEFT TURN)           ,                         ,TPD_TRAFFIC_INCIDENTS,,,,,,
1045452.660104986280203,435300.25,15097,1511170504  ,179785,2,2015-11-17T00:00:00.000Z,1709,TUE,0,0,0,3104      ,3104-INJURY TRAFFIC ACCIDENT/BICYCLE                   ,1045452.66,435300.25,GOLF LINKS RD E               ,INSIDE                                                 ,TUCSON              ,Approximately,UNK  ,Feet,W ,From,SPANYARD CT E                 ,        ,E ,GOLF LINKS                              ,RD  ,E ,SPANYARD                                ,CT  ,DAYLIGHT                                               ,CLEAR                                                  ,                         ,NOT JUNCTION RELATED                                   ,,"2-WAY, DIVIDED, UNPROT (PAINTED > 4 FEET) MEDIAN       ",SINGLE VEHICLE                                         ,                         ,TPD_TRAFFIC_INCIDENTS,,,,,,
1045452.660104986280203,435300.25,15098,1705200200  ,193777,2,2017-05-20T00:00:00.000Z,0910,SAT,0,0,0,3104      ,3104-INJURY TRAFFIC ACCIDENT/BICYCLE                   ,1045452.66,435300.25,GOLF LINKS RD E               ,,TUCSON              ,N/A,     ,N/A,  ,At,SPANYARD CT E                 ,        ,E ,GOLF LINKS                              ,RD  ,E ,SPANYARD                                ,CT  ,DAYLIGHT                                               ,CLEAR                                                  ,                         ,NON-CONTROLLED ACCESS - INTERSECTION (WITHIN)          ,FOUR-WAY INTERSECTION                                  ,"2-WAY, DIVIDED, UNPROT (PAINTED > 4 FEET) MEDIAN       ",SINGLE VEHICLE                                         ,                         ,TPD_TRAFFIC_INCIDENTS,\\central\data\Transportation\Traffic\Accident Data\2017\1705200200.pdf,,,,,
1035209.770013123750687,396948.93011811375618,15139,1209290193  ,159492,2,2012-09-29T00:00:00.000Z,1512,SAT,0,1,0,3114      ,3114-INJURY TRAF ACCIDENT/HIT & RUN/BICYCLE            ,1035209.77,396948.93,FAIR MEADOWS LP E             ,INSIDE                                                 ,TUCSON              ,Approximately,35   ,Feet,N ,From,SYCAMORE PARK BL E            ,        ,E ,FAIR MEADOWS                            ,LP  ,E ,SYCAMORE PARK                           ,BL  ,DAYLIGHT                                               ,CLEAR                                                  ,                         ,NOT JUNCTION RELATED                                   ,,"2-WAY, NOT DIVIDED                                     ",REAR END (FRONT TO REAR)                               ,                         ,TPD_TRAFFIC_INCIDENTS,,,,,,
1012166.56003937125206,440507.080052495002747,15153,1308230152  ,163977,2,2013-08-23T00:00:00.000Z,0800,FRI,0,0,0,3104      ,3104-INJURY TRAFFIC ACCIDENT/BICYCLE                   ,1012166.56,440507.08,E 22ND ST                     ,INSIDE                                                 ,TUCSON              ,N/A,     ,N/A,  ,At,S LONGFELLOW AV               ,        ,E ,22ND                                    ,ST  ,S ,LONGFELLOW                              ,AV  ,DAYLIGHT                                               ,CLEAR                                                  ,                         ,NON-CONTROLLED ACCESS - INTERSECTION (WITHIN)          ,UNKNOWN                                                ,ONE WAY TRAFFICWAY                                     ,SINGLE VEHICLE                                         ,                         ,TPD_TRAFFIC_INCIDENTS,,,,,,
1032804.339895013719797,432000.080052495002747,15210,1905140302  ,210696,2,2019-05-14T00:00:00.000Z,1014,TUE,0,0,0,3104      ,3104-INJURY TRAFFIC ACCIDENT/BICYCLE                   ,1032804.34,432000.08,S KOLB RD                     ,INSIDE                                                 ,TUCSON              ,Approximately,UNK  ,Feet,N ,From,S CHESIN DR                   ,        ,S ,CHESIN                                  ,DR  ,S ,KOLB                                    ,RD  ,DAYLIGHT                                               ,CLEAR                                                  ,                         ,NON-CONTROLLED ACCESS - INTERSECTION-RELATED           ,T-INTERSECTION                                         ,"2-WAY, DIVIDED, UNPROT (PAINTED > 4 FEET) MEDIAN       ",,PEDALCYCLE               ,TPD_TRAFFIC_INCIDENTS,\\central\data\Transportation\Traffic\Accident Data\2019\1905140302.pdf,,,,,
1043220.270013123750687,445875.68011811375618,15220,1807270270  ,203792,2,2018-07-27T00:00:00.000Z,1327,FRI,0,0,1,3104      ,3104-INJURY TRAFFIC ACCIDENT/BICYCLE                   ,1043220.27,445875.68,S CAMINO SECO                 ,INSIDE                                                 ,TUCSON              ,Approximately,150  ,Feet,S ,From,E BROADWAY BL                 ,        ,E ,BROADWAY                                ,BL  ,S ,CAMINO SECO                             ,    ,DAYLIGHT                                               ,CLOUDY                                                 ,                         ,NOT JUNCTION RELATED                                   ,,"2-WAY, DIVIDED, UNPROT (PAINTED > 4 FEET) MEDIAN       ",OTHER                                                  ,PEDALCYCLE               ,TPD_TRAFFIC_INCIDENTS,\\central\data\Transportation\Traffic\Accident Data\2018\1807270270.pdf,,,,,
993380.410104986280203,432904.330052495002747,15231,1406170355  ,169522,2,2014-06-17T00:00:00.000Z,1558,TUE,0,0,0,3104      ,3104-INJURY TRAFFIC ACCIDENT/BICYCLE                   ,993380.41,432904.33,E I10 EXIT 261 OFF RAMP       ,INSIDE                                                 ,TUCSON              ,Approximately,5    ,Feet,W ,From,S 6TH AV                      ,        ,S ,6TH                                     ,AV  ,E ,I10 EXIT 261 OFF RAMP                   ,    ,DAYLIGHT                                               ,CLEAR                                                  ,                         ,NON-CONTROLLED ACCESS - INTERSECTION-RELATED           ,FOUR-WAY INTERSECTION                                  ,ONE WAY TRAFFICWAY                                     ,"SIDESWIPE, OPPOSITE DIRECTION                          ",                         ,TPD_TRAFFIC_INCIDENTS,,,,,,
1003319.529855642467737,454444.290026247501373,15424,1301220599  ,159989,1,2013-01-22T00:00:00.000Z,2221,TUE,0,0,0,3104      ,3104-INJURY TRAFFIC ACCIDENT/BICYCLE                   ,1003319.53,454444.29,TUCSON                        ,INSIDE                                                 ,TUCSON              ,Approximately,     ,Feet,  ,At,WAVERLY                       ,        ,N ,TUCSON                                  ,BL  ,E ,WAVERLY                                 ,ST  ,DARK-LIGHTED                                           ,CLEAR                                                  ,                         ,NON-CONTROLLED ACCESS - INTERSECTION-RELATED           ,T-INTERSECTION                                         ,"2-WAY, NOT DIVIDED WITH CONT LEFT TURN LANE            ","SIDESWIPE, SAME DIRECTION                              ",                         ,TPD_TRAFFIC_INCIDENTS,,,,,,
969984.759842518717051,442368.089895009994507,15451,1907190075  ,212160,1,2019-07-19T00:00:00.000Z,0229,FRI,0,0,1,3104      ,3104-INJURY TRAFFIC ACCIDENT/BICYCLE                   ,969984.76,442368.09,STARR PASS BL W               ,INSIDE                                                 ,TUCSON              ,N/A,     ,N/A,  ,At,S PLAYERS CLUB DR             ,        ,S ,PLAYERS CLUB                            ,DR  ,W ,STARR PASS                              ,BL  ,DARK-NOT LIGHTED                                       ,CLEAR                                                  ,                         ,,T-INTERSECTION                                         ,"2-WAY, NOT DIVIDED WITH CONT LEFT TURN LANE            ",,PEDALCYCLE               ,TPD_TRAFFIC_INCIDENTS,\\central\data\Transportation\Traffic\Accident Data\2019\1907190075.pdf,,,,,
989855.31003937125206,453684.75,15456,1703300283  ,192354,2,2017-03-30T00:00:00.000Z,1224,THU,0,0,0,3104      ,3104-INJURY TRAFFIC ACCIDENT/BICYCLE                   ,989855.31,453684.75,W LESTER ST                   ,INSIDE                                                 ,TUCSON              ,N/A,     ,N/A,  ,At,N 13TH AV                     ,        ,N ,13TH                                    ,AV  ,W ,LESTER                                  ,ST  ,DAYLIGHT                                               ,CLEAR                                                  ,                         ,NON-CONTROLLED ACCESS - INTERSECTION (WITHIN)          ,FOUR-WAY INTERSECTION                                  ,"2-WAY, NOT DIVIDED                                     ",SINGLE VEHICLE                                         ,                         ,TPD_TRAFFIC_INCIDENTS,\\central\data\Transportation\Traffic\Accident Data\2017\1703300283.pdf,,,,,
1014142.31003937125206,443819.910104990005493,15463,1408070546  ,170334,2,2014-08-07T00:00:00.000Z,2056,THU,0,0,0,3104      ,3104-INJURY TRAFFIC ACCIDENT/BICYCLE                   ,1014142.31,443819.91,S COLUMBUS BL                 ,INSIDE                                                 ,TUCSON              ,N/A,     ,N/A,  ,At,E TIMROD ST                   ,        ,S ,COLUMBUS                                ,BL  ,E ,TIMROD                                  ,ST  ,DARK-NOT LIGHTED                                       ,CLEAR                                                  ,                         ,NON-CONTROLLED ACCESS - INTERSECTION-RELATED           ,FOUR-WAY INTERSECTION                                  ,"2-WAY, NOT DIVIDED                                     ",SINGLE VEHICLE                                         ,                         ,TPD_TRAFFIC_INCIDENTS,,,,,,
0,0,15529,1211250354  ,159090,2,2012-11-25T00:00:00.000Z,1705,SUN,0,0,0,3104      ,3104-INJURY TRAFFIC ACCIDENT/BICYCLE                   ,0,0,S PARK AV                     ,INSIDE                                                 ,TUCSON              ,N/A,     ,N/A,  ,At,E TUCSON MARKETPLACE DR       ,        ,S ,PARK                                    ,AV  ,E ,TUCSON MARKETPLACE                      ,DR  ,DAYLIGHT                                               ,CLOUDY                                                 ,                         ,CONTROLLED ACCESS - INTERSECTION (WITHIN)              ,T-INTERSECTION                                         ,"2-WAY, DIVIDED POSITIVE MEDIAN BARRIER                 ",ANGLE (FRONT TO SIDE) (OTHER THAN LEFT TURN)           ,                         ,TPD_TRAFFIC_INCIDENTS,,,,,,
1022160.0,440561.399934381246567,15540,1805250639  ,202603,2,2018-05-25T00:00:00.000Z,2105,FRI,0,1,1,3114      ,3114-INJURY TRAF ACCIDENT/HIT & RUN/BICYCLE            ,1022160,440561.4,E 22ND ST                     ,INSIDE                                                 ,TUCSON              ,N/A,     ,N/A,  ,At,S CRAYCROFT RD                ,        ,E ,22ND                                    ,ST  ,S ,CRAYCROFT                               ,RD  ,DARK-LIGHTED                                           ,CLEAR                                                  ,                         ,NON-CONTROLLED ACCESS - INTERSECTION (WITHIN)          ,FOUR-WAY INTERSECTION                                  ,"2-WAY, DIVIDED, UNPROT (PAINTED > 4 FEET) MEDIAN       ",OTHER                                                  ,PEDALCYCLE               ,TPD_TRAFFIC_INCIDENTS,\\central\data\Transportation\Traffic\Accident Data\2018\1805250639.pdf,,,,,
1001661.589895013719797,450981.979986876249313,15632,1708050185  ,195416,2,2017-08-05T00:00:00.000Z,0813,SAT,0,0,0,3204      ,3204-PROP DMG TRAF ACCIDENT/BICYCLE                    ,1001661.59,450981.98,SPEEDWAY BL E                 ,INSIDE                                                 ,TUCSON              ,Approximately,20   ,Feet,E ,From,OLSEN AV N                    ,        ,N ,OLSEN                                   ,AV  ,E ,SPEEDWAY                                ,BL  ,DAYLIGHT                                               ,CLEAR                                                  ,                         ,NON-CONTROLLED ACCESS - DRIVEWAY                       ,FOUR-WAY INTERSECTION                                  ,"2-WAY, DIVIDED, UNPROT (PAINTED > 4 FEET) MEDIAN       ",SINGLE VEHICLE                                         ,                         ,TPD_TRAFFIC_INCIDENTS,\\central\data\Transportation\Traffic\Accident Data\2017\1708050185.pdf,,,,,
1005634.12007873877883,451930.37992125749588,15648,1705170230  ,193662,2,2017-05-17T00:00:00.000Z,0958,WED,0,1,0,3104      ,3104-INJURY TRAFFIC ACCIDENT/BICYCLE                   ,1005634.12,451930.38,N BENTLEY AV                  ,INSIDE                                                 ,TUCSON              ,N/A,     ,N/A,  ,At,E MABEL ST                    ,        ,N ,BENTLEY                                 ,AV  ,E ,MABEL                                   ,ST  ,DAYLIGHT                                               ,CLEAR                                                  ,                         ,NON-CONTROLLED ACCESS - INTERSECTION (WITHIN)          ,FOUR-WAY INTERSECTION                                  ,"2-WAY, NOT DIVIDED                                     ",ANGLE (FRONT TO SIDE) (OTHER THAN LEFT TURN)           ,                         ,TPD_TRAFFIC_INCIDENTS,\\central\data\Transportation\Traffic\Accident Data\2017\1705170230.pdf,,,,,
1011482.580052495002747,440502.68996062874794,15686,1308230122  ,163974,2,2013-08-23T00:00:00.000Z,0730,FRI,0,1,0,3214      ,3214-PROP DMG TRAF ACCIDENT/HIT & RUN/BICYCLE          ,1011482.58,440502.69,E 22ND ST                     ,INSIDE                                                 ,TUCSON              ,N/A,     ,N/A,  ,At,S ALVERNON WY                 ,        ,E ,22ND                                    ,ST  ,S ,ALVERNON                                ,WY  ,DAYLIGHT                                               ,CLEAR                                                  ,                         ,NON-CONTROLLED ACCESS - INTERSECTION-RELATED           ,FOUR-WAY INTERSECTION                                  ,ONE WAY TRAFFICWAY                                     ,SINGLE VEHICLE                                         ,                         ,TPD_TRAFFIC_INCIDENTS,,,,,,
1011482.580052495002747,440502.68996062874794,15703,1711240364  ,198281,2,2017-11-24T00:00:00.000Z,1640,FRI,0,0,0,3104      ,3104-INJURY TRAFFIC ACCIDENT/BICYCLE                   ,1011482.58,440502.69,22ND ST E                     ,INSIDE                                                 ,TUCSON              ,N/A,     ,N/A,  ,At,ALVERNON WY S                 ,        ,E ,22ND                                    ,ST  ,S ,ALVERNON                                ,WY  ,DAYLIGHT                                               ,CLEAR                                                  ,                         ,NON-CONTROLLED ACCESS - INTERSECTION (WITHIN)          ,FOUR-WAY INTERSECTION                                  ,"2-WAY, DIVIDED, UNPROT (PAINTED > 4 FEET) MEDIAN       ",OTHER                                                  ,PEDALCYCLIST             ,TPD_TRAFFIC_INCIDENTS,\\central\data\Transportation\Traffic\Accident Data\2017\1711240364.pdf,,,,,
1011482.580052495002747,440502.68996062874794,15731,1704060081  ,192556,2,2017-04-06T00:00:00.000Z,0532,THU,0,0,0,3104      ,3104-INJURY TRAFFIC ACCIDENT/BICYCLE                   ,1011482.58,440502.69,22ND ST E                     ,INSIDE                                                 ,TUCSON              ,N/A,     ,N/A,  ,At,ALVERNON WY S                 ,        ,E ,22ND                                    ,ST  ,S ,ALVERNON                                ,WY  ,DARK-LIGHTED                                           ,CLEAR                                                  ,                         ,NON-CONTROLLED ACCESS - INTERSECTION (WITHIN)          ,FOUR-WAY INTERSECTION                                  ,"2-WAY, DIVIDED, UNPROT (PAINTED > 4 FEET) MEDIAN       ",SINGLE VEHICLE                                         ,                         ,TPD_TRAFFIC_INCIDENTS,\\central\data\Transportation\Traffic\Accident Data\2017\1704060081.pdf,,,,,
1010271.12992126122117,461635.5,15744,1702280320  ,191550,2,2017-02-28T00:00:00.000Z,1315,TUE,0,0,0,3104      ,3104-INJURY TRAFFIC ACCIDENT/BICYCLE                   ,1010271.13,461635.5,FORT LOWELL RD E              ,INSIDE                                                 ,TUCSON              ,Approximately,UNK  ,Feet,W ,From,CHAPEL AV N                   ,        ,N ,CHAPEL                                  ,AV  ,E ,FORT LOWELL                             ,RD  ,DAYLIGHT                                               ,CLOUDY                                                 ,                         ,NON-CONTROLLED ACCESS - DRIVEWAY                       ,FOUR-WAY INTERSECTION                                  ,"2-WAY, NOT DIVIDED WITH CONT LEFT TURN LANE            ",ANGLE (FRONT TO SIDE) (OTHER THAN LEFT TURN)           ,                         ,TPD_TRAFFIC_INCIDENTS,\\central\data\Transportation\Traffic\Accident Data\2017\1702280320.pdf,,,,,
1010271.12992126122117,461635.5,15746,1610060088  ,187642,2,2016-10-06T00:00:00.000Z,0553,THU,0,1,0,3114      ,3114-INJURY TRAF ACCIDENT/HIT & RUN/BICYCLE            ,1010271.13,461635.5,E FORT LOWELL RD              ,INSIDE                                                 ,TUCSON              ,Approximately,100  ,Feet,E ,From,N CHAPEL AV                   ,        ,N ,CHAPEL                                  ,AV  ,E ,FORT LOWELL                             ,RD  ,DARK-UNKNOWN LIGHTING                                  ,CLEAR                                                  ,                         ,NOT JUNCTION RELATED                                   ,,"2-WAY, NOT DIVIDED WITH CONT LEFT TURN LANE            ",SINGLE VEHICLE                                         ,                         ,TPD_TRAFFIC_INCIDENTS,\\central\data\Transportation\Traffic\Accident Data\2016\1610060088.pdf,,,,,
974621.81003937125206,440158.850065618753433,15788,1504190241  ,175381,2,2015-04-19T00:00:00.000Z,1344,SUN,0,0,1,3104      ,3104-INJURY TRAFFIC ACCIDENT/BICYCLE                   ,974621.81,440158.85,STARR PASS BL W               ,INSIDE                                                 ,TUCSON              ,Approximately,.2   ,Miles,W ,From,SHANNON RD S                  ,        ,S ,SHANNON                                 ,RD  ,W ,STARR PASS                              ,BL  ,DAYLIGHT                                               ,CLEAR                                                  ,                         ,NOT JUNCTION RELATED                                   ,,"2-WAY, NOT DIVIDED                                     ",SINGLE VEHICLE                                         ,                         ,TPD_TRAFFIC_INCIDENTS,,,,,,
1004018.25,458855.62992125749588,15824,1405120099  ,168916,2,2014-05-12T00:00:00.000Z,0650,MON,0,0,0,3104      ,3104-INJURY TRAFFIC ACCIDENT/BICYCLE                   ,1004018.25,458855.63,E GLENN ST                    ,INSIDE                                                 ,TUCSON              ,N/A,     ,N/A,  ,At,N FORGEUS AV                  ,        ,N ,FORGEUS                                 ,AV  ,E ,GLENN                                   ,ST  ,DAYLIGHT                                               ,CLEAR                                                  ,                         ,NON-CONTROLLED ACCESS - INTERSECTION-RELATED           ,T-INTERSECTION                                         ,"2-WAY, NOT DIVIDED                                     ",OTHER                                                  ,VEHICLE TURNING INTO BIKE,TPD_TRAFFIC_INCIDENTS,,,,,,
1012142.68996062874794,449471.720144353806973,15848,1804250360  ,201956,2,2018-04-25T00:00:00.000Z,1244,WED,0,0,0,3104      ,3104-INJURY TRAFFIC ACCIDENT/BICYCLE                   ,1012142.69,449471.72,E 3RD ST                      ,INSIDE                                                 ,TUCSON              ,N/A,     ,N/A,  ,At,N LONGFELLOW AV               ,        ,E ,3RD                                     ,ST  ,N ,LONGFELLOW                              ,AV  ,DAYLIGHT                                               ,CLEAR                                                  ,                         ,NON-CONTROLLED ACCESS - INTERSECTION (WITHIN)          ,FOUR-WAY INTERSECTION                                  ,"2-WAY, NOT DIVIDED                                     ",OTHER                                                  ,PEDALCYCLIST             ,TPD_TRAFFIC_INCIDENTS,\\central\data\Transportation\Traffic\Accident Data\2018\1804250360.pdf,,,,,
1000788.12992126122117,430646.959973752498627,15867,1505210340  ,175988,2,2015-05-21T00:00:00.000Z,1546,THU,0,0,0,3204      ,3204-PROP DMG TRAF ACCIDENT/BICYCLE                    ,1000788.13,430646.96,S KINO PW                     ,INSIDE                                                 ,TUCSON              ,N/A,     ,N/A,  ,At,E KINO AJO CONNECTION RAMP    ,        ,S ,KINO                                    ,PW  ,E ,KINO AJO CONNECTION RAMP                ,    ,DAYLIGHT                                               ,CLEAR                                                  ,                         ,NON-CONTROLLED ACCESS - INTERSECTION (WITHIN)          ,FOUR-WAY INTERSECTION                                  ,"2-WAY, DIVIDED POSITIVE MEDIAN BARRIER                 ",SINGLE VEHICLE                                         ,                         ,TPD_TRAFFIC_INCIDENTS,,,,,,
1029838.68996062874794,440493.359908133745193,15939,1707310569  ,195314,2,2017-07-31T00:00:00.000Z,1905,MON,0,0,0,3104      ,3104-INJURY TRAFFIC ACCIDENT/BICYCLE                   ,1029838.69,440493.36,E 22ND ST                     ,,TUCSON              ,Approximately,10   ,Feet,E ,From,S FORDHAM DR                  ,        ,E ,22ND                                    ,ST  ,S ,FORDHAM                                 ,DR  ,DARK-LIGHTED                                           ,CLOUDY                                                 ,                         ,NON-CONTROLLED ACCESS - INTERSECTION-RELATED           ,FOUR-WAY INTERSECTION                                  ,"2-WAY, DIVIDED, UNPROT (PAINTED > 4 FEET) MEDIAN       ",SINGLE VEHICLE                                         ,                         ,TPD_TRAFFIC_INCIDENTS,\\central\data\Transportation\Traffic\Accident Data\2017\1707310569.pdf,,,,,
1011206.169947504997253,461639.279855646193027,15949,1603270416  ,182834,2,2016-03-27T00:00:00.000Z,2121,SUN,0,0,0,3104      ,3104-INJURY TRAFFIC ACCIDENT/BICYCLE                   ,1011206.17,461639.28,ALVERNON WY N                 ,INSIDE                                                 ,TUCSON              ,N/A,     ,N/A,  ,At,FORT LOWELL RD E              ,        ,N ,ALVERNON                                ,WY  ,E ,FORT LOWELL                             ,RD  ,DARK-LIGHTED                                           ,CLEAR                                                  ,                         ,NON-CONTROLLED ACCESS - INTERSECTION (WITHIN)          ,FOUR-WAY INTERSECTION                                  ,"2-WAY, NOT DIVIDED WITH CONT LEFT TURN LANE            ",SINGLE VEHICLE                                         ,                         ,TPD_TRAFFIC_INCIDENTS,,,,,,
1011206.169947504997253,461639.279855646193027,15958,1702280383  ,191557,2,2017-02-28T00:00:00.000Z,1515,TUE,0,0,1,3104      ,3104-INJURY TRAFFIC ACCIDENT/BICYCLE                   ,1011206.17,461639.28,FORT LOWELL RD E              ,INSIDE                                                 ,TUCSON              ,Approximately,200  ,Feet,W ,From,ALVERNON WY N                 ,        ,N ,ALVERNON                                ,WY  ,E ,FORT LOWELL                             ,RD  ,DAYLIGHT                                               ,CLOUDY                                                 ,                         ,NON-CONTROLLED ACCESS - DRIVEWAY                       ,FOUR-WAY INTERSECTION                                  ,"2-WAY, NOT DIVIDED WITH CONT LEFT TURN LANE            ",SINGLE VEHICLE                                         ,                         ,TPD_TRAFFIC_INCIDENTS,\\central\data\Transportation\Traffic\Accident Data\2017\1702280383.pdf,,,,,
981170.12007873877883,438821.660104990005493,15972,1401070088  ,166629,2,2014-01-07T00:00:00.000Z,0812,TUE,0,0,0,3104      ,3104-INJURY TRAFFIC ACCIDENT/BICYCLE                   ,981170.12,438821.66,W SAN MARCOS BL               ,INSIDE                                                 ,TUCSON              ,N/A,     ,N/A,  ,At,S CAMINO SANTIAGO             ,        ,S ,CAMINO SANTIAGO                         ,    ,W ,SAN MARCOS                              ,BL  ,DAYLIGHT                                               ,CLEAR                                                  ,                         ,NON-CONTROLLED ACCESS - INTERSECTION (WITHIN)          ,T-INTERSECTION                                         ,"2-WAY, NOT DIVIDED                                     ",OTHER                                                  ,                         ,TPD_TRAFFIC_INCIDENTS,,,,,,
974078.68996062874794,450706.839895009994507,16005,1811040139  ,206047,2,2018-11-04T00:00:00.000Z,0701,SUN,0,0,0,3104      ,3104-INJURY TRAFFIC ACCIDENT/BICYCLE                   ,974078.69,450706.84,CAMINO MIRAFLORES N           ,INSIDE                                                 ,TUCSON              ,Approximately,UNK  ,Feet,N ,From,SPEEDWAY BL W                 ,        ,N ,CAMINO MIRAFLORES                       ,    ,W ,SPEEDWAY                                ,BL  ,DAYLIGHT                                               ,CLEAR                                                  ,                         ,NON-CONTROLLED ACCESS - INTERSECTION-RELATED           ,FOUR-WAY INTERSECTION                                  ,"2-WAY, NOT DIVIDED                                     ",OTHER                                                  ,PEDALCYCLE               ,TPD_TRAFFIC_INCIDENTS,\\central\data\Transportation\Traffic\Accident Data\2018\1811040139.pdf,,,,,