X,Y,OBJECTID,acci_id,tamainid,numunits,AccidentDate,AccidentTime,DayOfWeek,WasFatal,WasHitAndRun,TransImmedMedCare,UCRCode,UCRDescription,CoordX,CoordY,Location,Inside_Outside,City,Accuracy,Distance,Units,Direction,From_At,IntersectingStreet,AddrNumber,AddrDirection,AddrStreetName,AddrStreetNameSuffix,CrossStreetDirection,CrossStreetName,CrossStreetSuffix,LightConditionDescription,WeatherDescription,WeatherOther,RelationDescription,IntersectionTypeDescription,RoadConfigurationDescription,MannerOfCrashDescription,MannerOfCrashOther,DATASOURCE,URL,F7Days,F28Days,COMPSTAT_28D,WEEKLY_7D,AccidentDateTime
998006.68996062874794,466390.0,16008,1807070120  ,203393,2,2018-07-07T00:00:00.000Z,0555,SAT,0,0,0,3104      ,3104-INJURY TRAFFIC ACCIDENT/BICYCLE                   ,998006.69,466390,EASY ST                       ,INSIDE                                                 ,TUCSON              ,Approximately,30   ,Feet,W ,From,MOUNTAIN AV                   ,        ,E ,EASY                                    ,ST  ,N ,MOUNTAIN                                ,AV  ,DAYLIGHT                                               ,CLEAR                                                  ,                         ,NON-CONTROLLED ACCESS - INTERSECTION-RELATED           ,T-INTERSECTION                                         ,"2-WAY, NOT DIVIDED                                     ",OTHER                                                  ,PEDALCYCLE               ,TPD_TRAFFIC_INCIDENTS,\\central\data\Transportation\Traffic\Accident Data\2018\1807070120.pdf,,,,,
1000614.31003937125206,469563.43996062874794,16056,1208300247  ,157993,2,2012-08-30T00:00:00.000Z,1329,THU,0,1,0,3114      ,3114-INJURY TRAF ACCIDENT/HIT & RUN/BICYCLE            ,1000614.31,469563.44,E RIVER RD                    ,INSIDE                                                 ,TUCSON              ,Approximately,750  ,Feet,E ,From,N CAMPBELL AV                 ,        ,N ,CAMPBELL                                ,AV  ,E ,RIVER                                   ,RD  ,DAYLIGHT                                               ,CLOUDY                                                 ,                         ,NON-CONTROLLED ACCESS - INTERSECTION-RELATED           ,T-INTERSECTION                                         ,"2-WAY, DIVIDED, UNPROT (PAINTED > 4 FEET) MEDIAN       ",REAR END (FRONT TO REAR)                               ,                         ,TPD_TRAFFIC_INCIDENTS,,,,,,
996973.31003937125206,445578.589895009994507,16086,1401130192  ,166715,2,2014-01-13T00:00:00.000Z,1138,MON,0,0,0,3104      ,3104-INJURY TRAFFIC ACCIDENT/BICYCLE                   ,996973.31,445578.59,E BROADWAY BL                 ,INSIDE                                                 ,TUCSON              ,N/A,     ,N/A,  ,At,S PARK AV                     ,        ,E ,BROADWAY                                ,BL  ,S ,PARK                                    ,AV  ,DAYLIGHT                                               ,CLEAR                                                  ,                         ,NOT JUNCTION RELATED                                   ,FOUR-WAY INTERSECTION                                  ,"2-WAY, DIVIDED, UNPROT (PAINTED > 4 FEET) MEDIAN       ",SINGLE VEHICLE                                         ,                         ,TPD_TRAFFIC_INCIDENTS,,,,,,
1003461.279855642467737,448026.839895009994507,16167,1602110348  ,181805,2,2016-02-11T00:00:00.000Z,1502,THU,0,0,0,3104      ,3104-INJURY TRAFFIC ACCIDENT/BICYCLE                   ,1003461.28,448026.84,TUCSON BL N                   ,INSIDE                                                 ,TUCSON              ,N/A,     ,N/A,  ,At,6TH ST E                      ,        ,E ,6TH                                     ,ST  ,N ,TUCSON                                  ,BL  ,DAYLIGHT                                               ,CLEAR                                                  ,                         ,NON-CONTROLLED ACCESS - INTERSECTION (WITHIN)          ,FOUR-WAY INTERSECTION                                  ,"2-WAY, NOT DIVIDED WITH CONT LEFT TURN LANE            ",SINGLE VEHICLE                                         ,                         ,TPD_TRAFFIC_INCIDENTS,,,,,,
983610.910104986280203,429649.43996062874794,16186,1411190273  ,172210,2,2014-11-19T00:00:00.000Z,1342,WED,0,0,0,3104      ,3104-INJURY TRAFFIC ACCIDENT/BICYCLE                   ,983610.91,429649.44,AJO WY W                      ,INSIDE                                                 ,TUCSON              ,N/A,     ,N/A,  ,At,VIA CANTO S                   ,        ,W ,AJO                                     ,WY  ,S ,VIA CANTO                               ,    ,DAYLIGHT                                               ,CLEAR                                                  ,                         ,NON-CONTROLLED ACCESS - INTERSECTION (WITHIN)          ,T-INTERSECTION                                         ,"2-WAY, NOT DIVIDED WITH CONT LEFT TURN LANE            ",LEFT TURN                                              ,                         ,TPD_TRAFFIC_INCIDENTS,,,,,,
983610.910104986280203,429649.43996062874794,16188,1307080424  ,163121,2,2013-07-08T00:00:00.000Z,2012,MON,0,0,1,3104      ,3104-INJURY TRAFFIC ACCIDENT/BICYCLE                   ,983610.91,429649.44,W AJO WY                      ,INSIDE                                                 ,TUCSON              ,N/A,     ,N/A,  ,At,S VIA CANTO                   ,        ,W ,AJO                                     ,WY  ,S ,VIA CANTO                               ,    ,DARK-LIGHTED                                           ,RAIN                                                   ,                         ,NOT JUNCTION RELATED                                   ,,"2-WAY, DIVIDED, UNPROT (PAINTED > 4 FEET) MEDIAN       ",ANGLE (FRONT TO SIDE) (OTHER THAN LEFT TURN)           ,                         ,TPD_TRAFFIC_INCIDENTS,,,,,,
997984.18996062874794,468042.589895009994507,16222,1810080123  ,205410,2,2018-10-08T00:00:00.000Z,0758,MON,0,0,0,3104      ,3104-INJURY TRAFFIC ACCIDENT/BICYCLE                   ,997984.19,468042.59,MOUNTAIN AV                   ,INSIDE                                                 ,TUCSON              ,N/A,     ,N/A,  ,At,LIMBERLOST DR                 ,        ,E ,LIMBERLOST                              ,DR  ,N ,MOUNTAIN                                ,AV  ,DAWN                                                   ,CLEAR                                                  ,                         ,NON-CONTROLLED ACCESS - INTERSECTION (WITHIN)          ,FOUR-WAY INTERSECTION                                  ,"2-WAY, NOT DIVIDED                                     ",OTHER                                                  ,PEDALCYCLE               ,TPD_TRAFFIC_INCIDENTS,\\central\data\Transportation\Traffic\Accident Data\2018\1810080123.pdf,,,,,
1000786.18011811003089,432429.06003937125206,16263,1905180383  ,210784,2,2019-05-18T00:00:00.000Z,1146,SAT,0,0,0,3104      ,3104-INJURY TRAFFIC ACCIDENT/BICYCLE                   ,1000786.18,432429.06,KINO PW S                     ,INSIDE                                                 ,TUCSON              ,Approximately,300  ,Feet,S ,From,TUCSON MARKETPLACE BL E       ,        ,S ,KINO                                    ,PW  ,E ,TUCSON MARKETPLACE                      ,BL  ,DAYLIGHT                                               ,CLEAR                                                  ,                         ,NOT JUNCTION RELATED                                   ,,"2-WAY, DIVIDED, UNPROT (PAINTED > 4 FEET) MEDIAN       ",OTHER                                                  ,PEDALCYCLE               ,TPD_TRAFFIC_INCIDENTS,\\central\data\Transportation\Traffic\Accident Data\2019\1905180383.pdf,,,,,
986555.790026247501373,439873.490157477557659,16282,1412140339  ,172805,2,2014-12-14T00:00:00.000Z,1657,SUN,0,0,0,3104      ,3104-INJURY TRAFFIC ACCIDENT/BICYCLE                   ,986555.79,439873.49,W STARR PASS BL               ,INSIDE                                                 ,TUCSON              ,Approximately,125  ,Feet,E ,From,S MISSION RD                  ,        ,S ,MISSION                                 ,RD  ,W ,STARR PASS                              ,BL  ,DAWN                                                   ,CLEAR                                                  ,                         ,NON-CONTROLLED ACCESS - INTERSECTION-RELATED           ,Y-INTERSECTION                                         ,"2-WAY, DIVIDED, UNPROT (PAINTED > 4 FEET) MEDIAN       ","SIDESWIPE, SAME DIRECTION                              ",                         ,TPD_TRAFFIC_INCIDENTS,,,,,,
986555.790026247501373,439873.490157477557659,16290,1607090484  ,185316,2,2016-07-09T00:00:00.000Z,1953,SAT,0,0,0,3104      ,3104-INJURY TRAFFIC ACCIDENT/BICYCLE                   ,986555.79,439873.49,STARR PASS BL W               ,INSIDE                                                 ,TUCSON              ,N/A,     ,N/A,  ,At,MISSION RD S                  ,        ,S ,MISSION                                 ,RD  ,W ,STARR PASS                              ,BL  ,DARK-LIGHTED                                           ,CLEAR                                                  ,                         ,NON-CONTROLLED ACCESS - INTERSECTION (WITHIN)          ,T-INTERSECTION                                         ,"2-WAY, DIVIDED, UNPROT (PAINTED > 4 FEET) MEDIAN       ",SINGLE VEHICLE                                         ,                         ,TPD_TRAFFIC_INCIDENTS,\\central\data\Transportation\Traffic\Accident Data\2016\1607090484.pdf,,,,,
997878.06003937125206,448153.56003937125206,16292,1708310004  ,196096,2,2017-08-31T00:00:00.000Z,0747,THU,0,0,0,3114      ,3114-INJURY TRAF ACCIDENT/HIT & RUN/BICYCLE            ,997878.06,448153.56,LOWELL ST                     ,INSIDE                                                 ,TUCSON              ,N/A,     ,N/A,  ,At,1201 E 6TH ST                 ,1201    ,E ,6TH                                     ,ST  ,  ,                                        ,    ,DAYLIGHT                                               ,CLEAR                                                  ,                         ,NOT JUNCTION RELATED                                   ,,"2-WAY, NOT DIVIDED                                     ","SIDESWIPE, SAME DIRECTION                              ",                         ,TPD_TRAFFIC_INCIDENTS,\\central\data\Transportation\Traffic\Accident Data\2017\1708310004.pdf,,,,,
0,0,16304,1212050147  ,160404,2,2012-12-05T00:00:00.000Z,0910,WED,0,0,0,3104      ,3104-INJURY TRAFFIC ACCIDENT/BICYCLE                   ,0,0,22 ST                         ,INSIDE                                                 ,TUCSON              ,N/A,     ,N/A,  ,At,PLUMER RD                     ,        ,E ,22                                      ,ST  ,S ,PLUMER                                  ,AV  ,DAYLIGHT                                               ,CLEAR                                                  ,                         ,NON-CONTROLLED ACCESS - ENTRANCE/EXIT RAMP (REST AREAS),T-INTERSECTION                                         ,"2-WAY, DIVIDED POSITIVE MEDIAN BARRIER                 ",LEFT TURN                                              ,                         ,TPD_TRAFFIC_INCIDENTS,,,,,,
1000772.81003937125206,449647.029855646193027,16327,1607270004  ,185723,2,2016-07-27T00:00:00.000Z,1416,WED,0,0,0,3204      ,3204-PROP DMG TRAF ACCIDENT/BICYCLE                    ,1000772.81,449647.03,CAMPBELL                      ,INSIDE                                                 ,TUCSON              ,N/A,     ,N/A,  ,At,UNIVERSITY                    ,        ,N ,CAMPBELL                                ,AV  ,E ,UNIVERSITY                              ,BL  ,DAYLIGHT                                               ,CLEAR                                                  ,                         ,NON-CONTROLLED ACCESS - INTERSECTION (WITHIN)          ,FOUR-WAY INTERSECTION                                  ,"2-WAY, DIVIDED POSITIVE MEDIAN BARRIER                 ",ANGLE (FRONT TO SIDE) (OTHER THAN LEFT TURN)           ,                         ,TPD_TRAFFIC_INCIDENTS,\\central\data\Transportation\Traffic\Accident Data\2016\1607270004.pdf,,,,,
1020012.43996062874794,443274.25,16339,1908130201  ,212790,2,2019-08-13T00:00:00.000Z,1559,TUE,0,0,0,3204      ,3204-PROP DMG TRAF ACCIDENT/BICYCLE                    ,1020012.44,443274.25,16TH ST E                     ,INSIDE                                                 ,TUCSON              ,Approximately,UNK  ,Feet,W ,From,MAGNOLIA AV S                 ,        ,E ,16TH                                    ,ST  ,S ,MAGNOLIA                                ,AV  ,DAYLIGHT                                               ,CLEAR                                                  ,                         ,NON-CONTROLLED ACCESS - INTERSECTION-RELATED           ,T-INTERSECTION                                         ,"2-WAY, NOT DIVIDED                                     ",,PEDALCYCLE               ,TPD_TRAFFIC_INCIDENTS,\\central\data\Transportation\Traffic\Accident Data\2019\1908130201.pdf,,,,,
1007299.56003937125206,458914.68996062874794,16342,1908200043  ,212948,2,2019-08-20T00:00:00.000Z,0449,TUE,0,1,0,3114      ,3114-INJURY TRAF ACCIDENT/HIT & RUN/BICYCLE            ,1007299.56,458914.69,GLENN ST E                    ,INSIDE                                                 ,TUCSON              ,Approximately,200  ,Feet,W ,From,N EDITH BL                    ,        ,N ,EDITH                                   ,BL  ,E ,GLENN                                   ,ST  ,DARK-LIGHTED                                           ,CLEAR                                                  ,                         ,NOT JUNCTION RELATED                                   ,,"2-WAY, NOT DIVIDED                                     ",,PEDALCYCLE               ,TPD_TRAFFIC_INCIDENTS,\\central\data\Transportation\Traffic\Accident Data\2019\1908200043.pdf,,,,,
986321.160104986280203,424328.18996062874794,16522,1604070258  ,183072,1,2016-04-07T00:00:00.000Z,1046,THU,0,0,0,3402      ,3402-OTHER VEHICLE ACCIDENTS/BICYCLE ACCIDENTS         ,986321.16,424328.19,IRVINGTON RD W                ,INSIDE                                                 ,TUCSON              ,N/A,     ,N/A,  ,At,CALLE SANTA CRUZ S            ,        ,S ,CALLE SANTA CRUZ                        ,    ,W ,IRVINGTON                               ,RD  ,DAYLIGHT                                               ,CLOUDY                                                 ,                         ,CONTROLLED ACCESS - INTERSECTION (WITHIN)              ,T-INTERSECTION                                         ,"2-WAY, NOT DIVIDED                                     ",SINGLE VEHICLE                                         ,                         ,TPD_TRAFFIC_INCIDENTS,,,,,,
986321.160104986280203,424328.18996062874794,16523,1607260401  ,185700,2,2016-07-26T00:00:00.000Z,1505,TUE,0,0,1,3104      ,3104-INJURY TRAFFIC ACCIDENT/BICYCLE                   ,986321.16,424328.19,IRVINGTON RD W                ,INSIDE                                                 ,TUCSON              ,Approximately,1500 ,Feet,W ,From,CALLE SANTA CRUZ S            ,        ,S ,CALLE SANTA CRUZ                        ,    ,W ,IRVINGTON                               ,RD  ,DAYLIGHT                                               ,CLEAR                                                  ,                         ,NON-CONTROLLED ACCESS - DRIVEWAY                       ,T-INTERSECTION                                         ,"2-WAY, DIVIDED, UNPROT (PAINTED > 4 FEET) MEDIAN       ",ANGLE (FRONT TO SIDE) (OTHER THAN LEFT TURN)           ,                         ,TPD_TRAFFIC_INCIDENTS,\\central\data\Transportation\Traffic\Accident Data\2016\1607260401.pdf,,,,,
990263.56003937125206,448634.299868769943714,16558,1401310211  ,167056,2,2014-01-31T00:00:00.000Z,1108,FRI,0,0,0,3104      ,3104-INJURY TRAFFIC ACCIDENT/BICYCLE                   ,990263.56,448634.3,N MAIN AV                     ,INSIDE                                                 ,TUCSON              ,Approximately,100  ,Feet,N ,From,W DAVIS ST                    ,        ,W ,DAVIS                                   ,ST  ,N ,MAIN                                    ,AV  ,DAYLIGHT                                               ,CLOUDY                                                 ,                         ,NOT JUNCTION RELATED                                   ,,,"SIDESWIPE, SAME DIRECTION                              ",                         ,TPD_TRAFFIC_INCIDENTS,,,,,,
982595.770013123750687,429640.729986876249313,16696,1410310322  ,171824,2,2014-10-31T00:00:00.000Z,1306,FRI,0,0,0,3104      ,3104-INJURY TRAFFIC ACCIDENT/BICYCLE                   ,982595.77,429640.73,S MISSION RD                  ,INSIDE                                                 ,TUCSON              ,N/A,     ,N/A,  ,At,W AJO WY                      ,        ,W ,AJO                                     ,WY  ,S ,MISSION                                 ,RD  ,DAYLIGHT                                               ,CLEAR                                                  ,                         ,NON-CONTROLLED ACCESS - DRIVEWAY                       ,T-INTERSECTION                                         ,"2-WAY, DIVIDED POSITIVE MEDIAN BARRIER                 ",ANGLE (FRONT TO SIDE) (OTHER THAN LEFT TURN)           ,                         ,TPD_TRAFFIC_INCIDENTS,,,,,,
995063.87992126122117,446467.18996062874794,16796,1401250016  ,167193,2,2014-01-25T00:00:00.000Z,0047,SAT,0,0,0,3204      ,3204-PROP DMG TRAF ACCIDENT/BICYCLE                    ,995063.88,446467.19,E 9TH ST                      ,INSIDE                                                 ,TUCSON              ,Approximately,5    ,Feet,W ,At,N 2ND AV                      ,        ,N ,2ND                                     ,AV  ,E ,9TH                                     ,ST  ,DARK-LIGHTED                                           ,CLEAR                                                  ,                         ,NOT JUNCTION RELATED                                   ,FOUR-WAY INTERSECTION                                  ,"2-WAY, NOT DIVIDED                                     ",LEFT TURN                                              ,                         ,TPD_TRAFFIC_INCIDENTS,,,,,,
1041518.5,441601.81003937125206,16834,1401010049  ,166891,2,2014-01-01T00:00:00.000Z,0036,WED,0,0,0,3214      ,3214-PROP DMG TRAF ACCIDENT/HIT & RUN/BICYCLE          ,1041518.5,441601.81,E 20TH ST                     ,INSIDE                                                 ,TUCSON              ,Approximately,200  ,Feet,E ,From,S ELMERITA AV                 ,        ,E ,20TH                                    ,ST  ,S ,ELMERITA                                ,AV  ,DARK-LIGHTED                                           ,CLEAR                                                  ,                         ,NOT JUNCTION RELATED                                   ,T-INTERSECTION                                         ,UNKNOWN                                                ,OTHER                                                  ,DROVE ONTO REAR TIRE     ,TPD_TRAFFIC_INCIDENTS,,,,,,
973829.18996062874794,471894.87007874250412,16930,1605060137  ,183794,2,2016-05-06T00:00:00.000Z,0804,FRI,0,0,0,3104      ,3104-INJURY TRAFFIC ACCIDENT/BICYCLE                   ,973829.19,471894.87,EL CAMINO DEL CERRO W         ,INSIDE                                                 ,TUCSON              ,Approximately,400  ,Feet,W ,From,I10 FRONTAGE RD E             ,        ,W ,EL CAMINO DEL CERRO                     ,    ,E ,I10 FRONTAGE                            ,RD  ,DAYLIGHT                                               ,CLEAR                                                  ,                         ,NOT JUNCTION RELATED                                   ,,"2-WAY, DIVIDED, UNPROT (PAINTED > 4 FEET) MEDIAN       ",SINGLE VEHICLE                                         ,                         ,TPD_TRAFFIC_INCIDENTS,\\central\data\Transportation\Traffic\Accident Data\2016\1605060137.pdf,,,,,
994116.56003937125206,446927.75,16984,1805060004  ,202188,2,2018-05-05T00:00:00.000Z,2359,SAT,0,0,0,3104      ,3104-INJURY TRAFFIC ACCIDENT/BICYCLE                   ,994116.56,446927.75,N 4TH AV                      ,,TUCSON              ,Approximately,UNK  ,Feet,S ,From,E 8TH ST                      ,        ,N ,4TH                                     ,AV  ,E ,8TH                                     ,ST  ,DARK-LIGHTED                                           ,CLEAR                                                  ,                         ,NOT JUNCTION RELATED                                   ,,"2-WAY, NOT DIVIDED WITH CONT LEFT TURN LANE            ",OTHER                                                  ,PEDALCYCLIST             ,TPD_TRAFFIC_INCIDENTS,\\central\data\Transportation\Traffic\Accident Data\2018\1805060004.pdf,,,,,
994116.56003937125206,446927.75,16987,1610150334  ,187886,2,2016-10-15T00:00:00.000Z,1521,SAT,0,1,0,3114      ,3114-INJURY TRAF ACCIDENT/HIT & RUN/BICYCLE            ,994116.56,446927.75,N 4TH AV                      ,INSIDE                                                 ,TUCSON              ,Approximately,15   ,Feet,S ,From,E 8TH ST                      ,        ,N ,4TH                                     ,AV  ,E ,8TH                                     ,ST  ,DAYLIGHT                                               ,CLEAR                                                  ,                         ,NOT JUNCTION RELATED                                   ,,"2-WAY, NOT DIVIDED WITH CONT LEFT TURN LANE            ",SINGLE VEHICLE                                         ,                         ,TPD_TRAFFIC_INCIDENTS,\\central\data\Transportation\Traffic\Accident Data\2016\1610150334.pdf,,,,,
994116.56003937125206,446927.75,16990,1701080042  ,190126,2,2017-01-08T00:00:00.000Z,0132,SUN,0,1,0,3114      ,3114-INJURY TRAF ACCIDENT/HIT & RUN/BICYCLE            ,994116.56,446927.75,4TH AV N                      ,INSIDE                                                 ,TUCSON              ,N/A,     ,N/A,  ,At,8TH ST E                      ,        ,N ,4TH                                     ,AV  ,E ,8TH                                     ,ST  ,DARK-LIGHTED                                           ,CLEAR                                                  ,                         ,NON-CONTROLLED ACCESS - INTERSECTION (WITHIN)          ,FOUR-WAY INTERSECTION                                  ,"2-WAY, NOT DIVIDED WITH CONT LEFT TURN LANE            ",SINGLE VEHICLE                                         ,                         ,TPD_TRAFFIC_INCIDENTS,\\central\data\Transportation\Traffic\Accident Data\2017\1701080042.pdf,,,,,
1010234.06003937125206,451105.089895009994507,17005,1604180349  ,183332,2,2016-04-18T00:00:00.000Z,1555,MON,0,0,1,3204      ,3204-PROP DMG TRAF ACCIDENT/BICYCLE                    ,1010234.06,451105.09,E SPEEDWAY BL                 ,INSIDE                                                 ,TUCSON              ,Approximately,UNK  ,Feet,W ,From,N DODGE BL                    ,        ,N ,DODGE                                   ,BL  ,E ,SPEEDWAY                                ,BL  ,DAYLIGHT                                               ,CLEAR                                                  ,                         ,NOT JUNCTION RELATED                                   ,,"2-WAY, DIVIDED, UNPROT (PAINTED > 4 FEET) MEDIAN       ",SINGLE VEHICLE                                         ,                         ,TPD_TRAFFIC_INCIDENTS,\\central\data\Transportation\Traffic\Accident Data\2016\1604180349.pdf,,,,,
1010234.06003937125206,451105.089895009994507,17009,1602190372  ,181976,2,2016-02-19T00:00:00.000Z,1725,FRI,0,0,0,3104      ,3104-INJURY TRAFFIC ACCIDENT/BICYCLE                   ,1010234.06,451105.09,N DODGE BL                    ,INSIDE                                                 ,TUCSON              ,N/A,     ,N/A,  ,At,E SPEEDWAY BL                 ,        ,N ,DODGE                                   ,BL  ,E ,SPEEDWAY                                ,BL  ,DAYLIGHT                                               ,CLEAR                                                  ,                         ,NON-CONTROLLED ACCESS - INTERSECTION (WITHIN)          ,T-INTERSECTION                                         ,"2-WAY, DIVIDED, UNPROT (PAINTED > 4 FEET) MEDIAN       ",SINGLE VEHICLE                                         ,                         ,TPD_TRAFFIC_INCIDENTS,,,,,,
983244.62992126122117,423269.240157477557659,17027,1803030404  ,200691,2,2018-03-03T00:00:00.000Z,2137,SAT,0,0,1,3104      ,3104-INJURY TRAFFIC ACCIDENT/BICYCLE                   ,983244.63,423269.24,MIDVALE PARK RD S             ,,TUCSON              ,N/A,     ,N/A,  ,At,IRVINGTON RD W                ,        ,W ,IRVINGTON                               ,RD  ,S ,MIDVALE PARK                            ,RD  ,DARK-LIGHTED                                           ,CLEAR                                                  ,                         ,NON-CONTROLLED ACCESS - INTERSECTION (WITHIN)          ,T-INTERSECTION                                         ,"2-WAY, DIVIDED, UNPROT (PAINTED > 4 FEET) MEDIAN       ",OTHER                                                  ,PEDALCYCLE               ,TPD_TRAFFIC_INCIDENTS,\\central\data\Transportation\Traffic\Accident Data\2018\1803030404.pdf,,,,,
983244.62992126122117,423269.240157477557659,17058,1504230362  ,175451,2,2015-04-23T00:00:00.000Z,1559,THU,0,1,0,3114      ,3114-INJURY TRAF ACCIDENT/HIT & RUN/BICYCLE            ,983244.63,423269.24,W IRVINGTON RD                ,INSIDE                                                 ,TUCSON              ,N/A,     ,N/A,  ,At,S MIDVALE PARK RD             ,        ,W ,IRVINGTON                               ,RD  ,S ,MIDVALE PARK                            ,RD  ,DAYLIGHT                                               ,CLEAR                                                  ,                         ,NON-CONTROLLED ACCESS - INTERSECTION (WITHIN)          ,FOUR-WAY INTERSECTION                                  ,"2-WAY, DIVIDED POSITIVE MEDIAN BARRIER                 ",SINGLE VEHICLE                                         ,                         ,TPD_TRAFFIC_INCIDENTS,,,,,,
983244.62992126122117,423269.240157477557659,17060,1411090283  ,171997,2,2014-11-09T00:00:00.000Z,1511,SUN,0,0,0,3204      ,3204-PROP DMG TRAF ACCIDENT/BICYCLE                    ,983244.63,423269.24,IRVINGTION RD W               ,INSIDE                                                 ,TUCSON              ,Approximately,100  ,Feet,E ,From,MIDVALE PARK RD S             ,        ,W ,IRVINGTON                               ,RD  ,S ,MIDVALE PARK                            ,RD  ,DAYLIGHT                                               ,CLEAR                                                  ,                         ,NOT JUNCTION RELATED                                   ,,"2-WAY, DIVIDED POSITIVE MEDIAN BARRIER                 ",ANGLE (FRONT TO SIDE) (OTHER THAN LEFT TURN)           ,                         ,TPD_TRAFFIC_INCIDENTS,,,,,,
1036030.410104986280203,451126.37007874250412,17098,1403130227  ,167879,2,2014-03-13T00:00:00.000Z,1353,THU,0,0,0,3104      ,3104-INJURY TRAFFIC ACCIDENT/BICYCLE                   ,1036030.41,451126.37,E SPEEDWAY BL                 ,INSIDE                                                 ,TUCSON              ,N/A,     ,N/A,  ,At,N CAMINO LAS SOLANAS          ,        ,N ,CAMINO LAS SOLANAS                      ,    ,E ,SPEEDWAY                                ,BL  ,DAYLIGHT                                               ,CLOUDY                                                 ,                         ,NOT JUNCTION RELATED                                   ,,"2-WAY, DIVIDED POSITIVE MEDIAN BARRIER                 ","SIDESWIPE, SAME DIRECTION                              ",                         ,TPD_TRAFFIC_INCIDENTS,,,,,,
992150.160104986280203,450839.270013123750687,17162,1711230056  ,198242,1,2017-11-23T00:00:00.000Z,0235,THU,0,0,0,3402      ,3402-OTHER VEHICLE ACCIDENTS/BICYCLE ACCIDENTS         ,992150.16,450839.27,STONE AV N                    ,INSIDE                                                 ,TUCSON              ,Approximately,200  ,Feet,N ,From,SPEEDWAY BL E                 ,        ,E ,SPEEDWAY                                ,BL  ,N ,STONE                                   ,AV  ,DARK-LIGHTED                                           ,CLEAR                                                  ,                         ,NOT JUNCTION RELATED                                   ,,"2-WAY, NOT DIVIDED                                     ",OTHER                                                  ,BICYCLE                  ,TPD_TRAFFIC_INCIDENTS,\\central\data\Transportation\Traffic\Accident Data\2017\1711230056.pdf,,,,,
992150.160104986280203,450839.270013123750687,17170,1802120626  ,200217,2,2018-02-12T00:00:00.000Z,2044,MON,0,0,0,3104      ,3104-INJURY TRAFFIC ACCIDENT/BICYCLE                   ,992150.16,450839.27,SPEEDWAY BL E                 ,INSIDE                                                 ,TUCSON              ,Approximately,UNK  ,Feet,W ,From,STONE AV N                    ,        ,E ,SPEEDWAY                                ,BL  ,N ,STONE                                   ,AV  ,DARK-LIGHTED                                           ,CLEAR                                                  ,                         ,NOT JUNCTION RELATED                                   ,,"2-WAY, DIVIDED, UNPROT (PAINTED > 4 FEET) MEDIAN       ",OTHER                                                  ,PEDALCYCLIST             ,TPD_TRAFFIC_INCIDENTS,\\central\data\Transportation\Traffic\Accident Data\2018\1802120626.pdf,,,,,
1003616.729986876249313,424497.640091866254807,17187,1702140400  ,191161,2,2017-02-14T00:00:00.000Z,1700,TUE,0,0,0,3204      ,3204-PROP DMG TRAF ACCIDENT/BICYCLE                    ,1003616.73,424497.64,TUCSON BL S                   ,INSIDE                                                 ,TUCSON              ,Approximately,150  ,Feet,S ,From,IRVINGTON RD E                ,        ,E ,IRVINGTON                               ,RD  ,S ,TUCSON                                  ,BL  ,DAYLIGHT                                               ,CLEAR                                                  ,                         ,NOT JUNCTION RELATED                                   ,,"2-WAY, DIVIDED, UNPROT (PAINTED > 4 FEET) MEDIAN       ",SINGLE VEHICLE                                         ,                         ,TPD_TRAFFIC_INCIDENTS,\\central\data\Transportation\Traffic\Accident Data\2017\1702140400.pdf,,,,,
1003616.729986876249313,424497.640091866254807,17188,1610310126  ,188326,2,2016-10-31T00:00:00.000Z,0710,MON,0,0,0,3104      ,3104-INJURY TRAFFIC ACCIDENT/BICYCLE                   ,1003616.73,424497.64,E IRVINGTON RD                ,INSIDE                                                 ,TUCSON              ,N/A,     ,N/A,  ,At,S TUCSON BL                   ,        ,E ,IRVINGTON                               ,RD  ,S ,TUCSON                                  ,BL  ,DAYLIGHT                                               ,CLEAR                                                  ,                         ,NON-CONTROLLED ACCESS - INTERSECTION (WITHIN)          ,FOUR-WAY INTERSECTION                                  ,"2-WAY, DIVIDED, UNPROT (PAINTED > 4 FEET) MEDIAN       ",SINGLE VEHICLE                                         ,                         ,TPD_TRAFFIC_INCIDENTS,\\central\data\Transportation\Traffic\Accident Data\2016\1610310126.pdf,,,,,