X,Y,OBJECTID,acci_id,tamainid,numunits,AccidentDate,AccidentTime,DayOfWeek,WasFatal,WasHitAndRun,TransImmedMedCare,UCRCode,UCRDescription,CoordX,CoordY,Location,Inside_Outside,City,Accuracy,Distance,Units,Direction,From_At,IntersectingStreet,AddrNumber,AddrDirection,AddrStreetName,AddrStreetNameSuffix,CrossStreetDirection,CrossStreetName,CrossStreetSuffix,LightConditionDescription,WeatherDescription,WeatherOther,RelationDescription,IntersectionTypeDescription,RoadConfigurationDescription,MannerOfCrashDescription,MannerOfCrashOther,DATASOURCE,URL,F7Days,F28Days,COMPSTAT_28D,WEEKLY_7D,AccidentDateTime
993389.56003937125206,456104.62992125749588,17253,1703110160  ,191835,2,2017-03-11T00:00:00.000Z,0631,SAT,0,0,0,3104      ,3104-INJURY TRAFFIC ACCIDENT/BICYCLE                   ,993389.56,456104.63,GRANT RD E                    ,INSIDE                                                 ,TUCSON              ,Approximately,60   ,Feet,W ,From,6TH AV N                      ,        ,N ,6TH                                     ,AV  ,E ,GRANT                                   ,RD  ,DAYLIGHT                                               ,CLEAR                                                  ,                         ,NOT JUNCTION RELATED                                   ,,"2-WAY, NOT DIVIDED WITH CONT LEFT TURN LANE            ",SINGLE VEHICLE                                         ,                         ,TPD_TRAFFIC_INCIDENTS,\\central\data\Transportation\Traffic\Accident Data\2017\1703110160.pdf,,,,,
993871.75,446921.06003937125206,17266,1702130393  ,191128,2,2017-02-13T00:00:00.000Z,1459,MON,0,0,0,3104      ,3104-INJURY TRAFFIC ACCIDENT/BICYCLE                   ,993871.75,446921.06,8TH ST E                      ,INSIDE                                                 ,TUCSON              ,Approximately,20   ,Feet,E ,From,HERBERT AV N                  ,        ,E ,8TH                                     ,ST  ,N ,HERBERT                                 ,AV  ,DAYLIGHT                                               ,CLOUDY                                                 ,                         ,NOT JUNCTION RELATED                                   ,,"2-WAY, NOT DIVIDED                                     ",SINGLE VEHICLE                                         ,                         ,TPD_TRAFFIC_INCIDENTS,\\central\data\Transportation\Traffic\Accident Data\2017\1702130393.pdf,,,,,
995166.779855642467737,440290.87992125749588,17370,1403140438  ,167912,2,2014-03-14T00:00:00.000Z,2043,FRI,0,0,0,3104      ,3104-INJURY TRAFFIC ACCIDENT/BICYCLE                   ,995166.78,440290.88,E 22ND ST                     ,INSIDE                                                 ,TUCSON              ,Approximately,100  ,Feet,E ,From,S 2ND AV                      ,        ,E ,22ND                                    ,ST  ,S ,2ND                                     ,AV  ,DARK-NOT LIGHTED                                       ,CLOUDY                                                 ,                         ,NOT JUNCTION RELATED                                   ,,"2-WAY, DIVIDED, UNPROT (PAINTED > 4 FEET) MEDIAN       ",ANGLE (FRONT TO SIDE) (OTHER THAN LEFT TURN)           ,                         ,TPD_TRAFFIC_INCIDENTS,,,,,,
990651.839895013719797,416904.25,17372,1404010514  ,168228,2,2014-04-01T00:00:00.000Z,1845,TUE,0,0,1,3104      ,3104-INJURY TRAFFIC ACCIDENT/BICYCLE                   ,990651.84,416904.25,S 12TH AV                     ,INSIDE                                                 ,TUCSON              ,N/A,     ,N/A,  ,At,W MOSSMAN RD                  ,        ,S ,12TH                                    ,AV  ,W ,MOSSMAN                                 ,RD  ,DUSK                                                   ,CLEAR                                                  ,                         ,NOT JUNCTION RELATED                                   ,,"2-WAY, DIVIDED, UNPROT (PAINTED > 4 FEET) MEDIAN       ",ANGLE (FRONT TO SIDE) (OTHER THAN LEFT TURN)           ,                         ,TPD_TRAFFIC_INCIDENTS,,,,,,
998062.37992126122117,455974.919947504997253,17377,1902080425  ,208396,2,2019-02-08T00:00:00.000Z,1720,FRI,0,0,0,3104      ,3104-INJURY TRAFFIC ACCIDENT/BICYCLE                   ,998062.38,455974.92,GRANT RD E                    ,INSIDE                                                 ,TUCSON              ,Approximately,UNK  ,Feet,E ,From,MOUNTAIN AV N                 ,        ,E ,GRANT                                   ,RD  ,N ,MOUNTAIN                                ,AV  ,DAYLIGHT                                               ,CLEAR                                                  ,                         ,NON-CONTROLLED ACCESS - INTERSECTION-RELATED           ,FOUR-WAY INTERSECTION                                  ,"2-WAY, NOT DIVIDED WITH CONT LEFT TURN LANE            ",OTHER                                                  ,PEDALCYCLE               ,TPD_TRAFFIC_INCIDENTS,\\central\data\Transportation\Traffic\Accident Data\2019\1902080425.pdf,,,,,
998062.37992126122117,455974.919947504997253,17379,1701190379  ,190385,2,2017-01-19T00:00:00.000Z,1615,THU,0,0,0,3104      ,3104-INJURY TRAFFIC ACCIDENT/BICYCLE                   ,998062.38,455974.92,N MOUNTAIN AVE                ,INSIDE                                                 ,TUCSON              ,N/A,     ,N/A,  ,At,E GRANT RD                    ,        ,E ,GRANT                                   ,RD  ,N ,MOUNTAIN                                ,AV  ,DAYLIGHT                                               ,CLEAR                                                  ,                         ,NON-CONTROLLED ACCESS - INTERSECTION (WITHIN)          ,FOUR-WAY INTERSECTION                                  ,"2-WAY, DIVIDED, UNPROT (PAINTED > 4 FEET) MEDIAN       ",SINGLE VEHICLE                                         ,                         ,TPD_TRAFFIC_INCIDENTS,\\central\data\Transportation\Traffic\Accident Data\2017\1701190379.pdf,,,,,
998062.37992126122117,455974.919947504997253,17386,1502040468  ,173859,2,2015-02-04T00:00:00.000Z,1833,WED,0,0,0,3104      ,3104-INJURY TRAFFIC ACCIDENT/BICYCLE                   ,998062.38,455974.92,N MOUNTAIN AV                 ,INSIDE                                                 ,TUCSON              ,N/A,     ,N/A,  ,At,E GRANT RD                    ,        ,E ,GRANT                                   ,RD  ,N ,MOUNTAIN                                ,AV  ,DARK-LIGHTED                                           ,CLEAR                                                  ,                         ,NON-CONTROLLED ACCESS - INTERSECTION (WITHIN)          ,FOUR-WAY INTERSECTION                                  ,"2-WAY, DIVIDED, UNPROT (PAINTED > 4 FEET) MEDIAN       ",SINGLE VEHICLE                                         ,                         ,TPD_TRAFFIC_INCIDENTS,,,,,,
998062.37992126122117,455974.919947504997253,17389,1605090108  ,183869,2,2016-05-09T00:00:00.000Z,0619,MON,0,1,0,3114      ,3114-INJURY TRAF ACCIDENT/HIT & RUN/BICYCLE            ,998062.38,455974.92,MOUNTAIN AV N                 ,INSIDE                                                 ,TUCSON              ,N/A,     ,N/A,  ,At,GRANT RD E                    ,        ,E ,GRANT                                   ,RD  ,N ,MOUNTAIN                                ,AV  ,DAYLIGHT                                               ,CLEAR                                                  ,                         ,NON-CONTROLLED ACCESS - INTERSECTION (WITHIN)          ,FOUR-WAY INTERSECTION                                  ,"2-WAY, NOT DIVIDED WITH CONT LEFT TURN LANE            ",SINGLE VEHICLE                                         ,                         ,TPD_TRAFFIC_INCIDENTS,\\central\data\Transportation\Traffic\Accident Data\2016\1605090108.pdf,,,,,
1032593.56003937125206,456638.18011811375618,17469,1611300406  ,189146,2,2016-11-30T00:00:00.000Z,1724,WED,0,0,1,3104      ,3104-INJURY TRAFFIC ACCIDENT/BICYCLE                   ,1032593.56,456638.18,TANQUE VERDE RD E             ,,TUCSON              ,Approximately,100  ,Feet,W ,From,SABINO CANYON RD N            ,        ,N ,SABINO CANYON                           ,RD  ,E ,TANQUE VERDE                            ,RD  ,DUSK                                                   ,CLEAR                                                  ,                         ,NON-CONTROLLED ACCESS - DRIVEWAY                       ,FOUR-WAY INTERSECTION                                  ,"2-WAY, DIVIDED, UNPROT (PAINTED > 4 FEET) MEDIAN       ",SINGLE VEHICLE                                         ,                         ,TPD_TRAFFIC_INCIDENTS,\\central\data\Transportation\Traffic\Accident Data\2016\1611300406.pdf,,,,,
1032593.56003937125206,456638.18011811375618,17502,1901160211  ,207819,2,2019-01-16T00:00:00.000Z,1120,WED,0,1,0,3114      ,3114-INJURY TRAF ACCIDENT/HIT & RUN/BICYCLE            ,1032593.56,456638.18,TANQUE VERDE RD E             ,INSIDE                                                 ,TUCSON              ,N/A,     ,N/A,  ,At,SABINO CANYON RD N            ,        ,N ,SABINO CANYON                           ,RD  ,E ,TANQUE VERDE                            ,RD  ,DAYLIGHT                                               ,CLEAR                                                  ,                         ,NON-CONTROLLED ACCESS - INTERSECTION (WITHIN)          ,FOUR-WAY INTERSECTION                                  ,"2-WAY, DIVIDED, UNPROT (PAINTED > 4 FEET) MEDIAN       ",OTHER                                                  ,PEDALCYCLE               ,TPD_TRAFFIC_INCIDENTS,\\central\data\Transportation\Traffic\Accident Data\2019\1901160211.pdf,,,,,
1054302.18996062874794,397663.31988188624382,17670,1409080091  ,170858,2,2014-09-08T00:00:00.000Z,0703,MON,0,0,0,3104      ,3104-INJURY TRAFFIC ACCIDENT/BICYCLE                   ,1054302.19,397663.32,HOUGHTON RD S                 ,INSIDE                                                 ,TUCSON              ,N/A,     ,N/A,  ,At,MARY ANN CLEVELAND WY E       ,        ,S ,HOUGHTON                                ,RD  ,E ,MARY ANN CLEVELAND                      ,WY  ,DAYLIGHT                                               ,RAIN                                                   ,                         ,NON-CONTROLLED ACCESS - INTERSECTION-RELATED           ,FOUR-WAY INTERSECTION                                  ,"2-WAY, DIVIDED POSITIVE MEDIAN BARRIER                 ","SIDESWIPE, SAME DIRECTION                              ",                         ,TPD_TRAFFIC_INCIDENTS,,,,,,
989928.68996062874794,473157.890091866254807,17721,1508130523  ,177583,2,2015-08-13T00:00:00.000Z,2124,THU,0,0,0,3204      ,3204-PROP DMG TRAF ACCIDENT/BICYCLE                    ,989928.69,473157.89,ORACLE RD N                   ,INSIDE                                                 ,TUCSON              ,N/A,     ,N/A,  ,At,RIVER RD W                    ,        ,N ,ORACLE                                  ,RD  ,W ,RIVER                                   ,RD  ,DARK-LIGHTED                                           ,CLEAR                                                  ,                         ,NON-CONTROLLED ACCESS - INTERSECTION (WITHIN)          ,FOUR-WAY INTERSECTION                                  ,"2-WAY, DIVIDED, UNPROT (PAINTED > 4 FEET) MEDIAN       ",SINGLE VEHICLE                                         ,                         ,TPD_TRAFFIC_INCIDENTS,,,,,,
989928.68996062874794,473157.890091866254807,17724,1404140198  ,168424,2,2014-04-14T00:00:00.000Z,1025,MON,0,0,0,3104      ,3104-INJURY TRAFFIC ACCIDENT/BICYCLE                   ,989928.69,473157.89,N ORACLE RD                   ,INSIDE                                                 ,TUCSON              ,Approximately,1/2  ,Miles,S ,From,W RIVER RD                    ,        ,N ,ORACLE                                  ,RD  ,W ,RIVER                                   ,RD  ,DAYLIGHT                                               ,CLEAR                                                  ,                         ,NOT JUNCTION RELATED                                   ,,"2-WAY, DIVIDED POSITIVE MEDIAN BARRIER                 ",ANGLE (FRONT TO SIDE) (OTHER THAN LEFT TURN)           ,                         ,TPD_TRAFFIC_INCIDENTS,,,,,,
989928.68996062874794,473157.890091866254807,17737,1711260442  ,198327,2,2017-11-26T00:00:00.000Z,2050,SUN,0,0,1,3104      ,3104-INJURY TRAFFIC ACCIDENT/BICYCLE                   ,989928.69,473157.89,ORACLE RD N                   ,INSIDE                                                 ,TUCSON              ,N/A,     ,N/A,  ,At,RIVER RD W                    ,        ,N ,ORACLE                                  ,RD  ,W ,RIVER                                   ,RD  ,DARK-LIGHTED                                           ,CLEAR                                                  ,                         ,NON-CONTROLLED ACCESS - INTERSECTION (WITHIN)          ,FOUR-WAY INTERSECTION                                  ,"2-WAY, DIVIDED, UNPROT (PAINTED > 4 FEET) MEDIAN       ",OTHER                                                  ,PEDALCYCLIST             ,TPD_TRAFFIC_INCIDENTS,\\central\data\Transportation\Traffic\Accident Data\2017\1711260442.pdf,,,,,
996794.81003937125206,450919.68996062874794,17766,1611070213  ,188519,2,2016-11-07T00:00:00.000Z,1017,MON,0,0,0,3104      ,3104-INJURY TRAFFIC ACCIDENT/BICYCLE                   ,996794.81,450919.69,SPEEDWAY BL E                 ,INSIDE                                                 ,TUCSON              ,Approximately,UNK  ,Feet,W ,From,PARK AV N                     ,        ,N ,PARK                                    ,AV  ,E ,SPEEDWAY                                ,BL  ,DAYLIGHT                                               ,CLEAR                                                  ,                         ,NOT JUNCTION RELATED                                   ,,"2-WAY, DIVIDED, UNPROT (PAINTED > 4 FEET) MEDIAN       ",REAR END (FRONT TO REAR)                               ,                         ,TPD_TRAFFIC_INCIDENTS,\\central\data\Transportation\Traffic\Accident Data\2016\1611070213.pdf,,,,,
996794.81003937125206,450919.68996062874794,17792,1411120478  ,172054,2,2014-11-12T00:00:00.000Z,2009,WED,0,1,1,3104      ,3104-INJURY TRAFFIC ACCIDENT/BICYCLE                   ,996794.81,450919.69,SPEEDWAY BL E                 ,INSIDE                                                 ,TUCSON              ,Approximately,UNK  ,Feet,E ,From,PARK AV N                     ,        ,N ,PARK                                    ,AV  ,E ,SPEEDWAY                                ,BL  ,DARK-LIGHTED                                           ,CLEAR                                                  ,                         ,NOT JUNCTION RELATED                                   ,,"2-WAY, DIVIDED POSITIVE MEDIAN BARRIER                 ",ANGLE (FRONT TO SIDE) (OTHER THAN LEFT TURN)           ,                         ,TPD_TRAFFIC_INCIDENTS,,,,,,
996794.81003937125206,450919.68996062874794,17799,1604220542  ,183892,2,2016-04-22T00:00:00.000Z,2145,FRI,0,0,0,3104      ,3104-INJURY TRAFFIC ACCIDENT/BICYCLE                   ,996794.81,450919.69,PARK AV N                     ,INSIDE                                                 ,TUCSON              ,Approximately,50   ,Feet,N ,From,SPEEDWAY BL E                 ,        ,N ,PARK                                    ,AV  ,E ,SPEEDWAY                                ,BL  ,DARK-LIGHTED                                           ,CLEAR                                                  ,                         ,NOT JUNCTION RELATED                                   ,,"2-WAY, NOT DIVIDED WITH CONT LEFT TURN LANE            ",SINGLE VEHICLE                                         ,                         ,TPD_TRAFFIC_INCIDENTS,\\central\data\Transportation\Traffic\Accident Data\2016\1604220542.pdf,,,,,
995292.209973752498627,469311.5,17840,1801030314  ,199228,2,2018-01-03T00:00:00.000Z,1428,WED,0,1,0,3214      ,3214-PROP DMG TRAF ACCIDENT/HIT & RUN/BICYCLE          ,995292.21,469311.5,1ST AV N                      ,INSIDE                                                 ,TUCSON              ,Approximately,30   ,Feet,N ,From,WETMORE RD E                  ,        ,N ,1ST                                     ,AV  ,E ,WETMORE                                 ,RD  ,DAYLIGHT                                               ,CLEAR                                                  ,                         ,NOT JUNCTION RELATED                                   ,,"2-WAY, NOT DIVIDED WITH CONT LEFT TURN LANE            ",OTHER                                                  ,PEDALCYCLIST             ,TPD_TRAFFIC_INCIDENTS,\\central\data\Transportation\Traffic\Accident Data\2018\1801030314.pdf,,,,,
1029800.81003937125206,455633.31003937125206,17870,1604090361  ,183130,2,2016-04-09T00:00:00.000Z,1604,SAT,0,0,0,3104      ,3104-INJURY TRAFFIC ACCIDENT/BICYCLE                   ,1029800.81,455633.31,KOLB RD N                     ,INSIDE                                                 ,TUCSON              ,Approximately,1    ,Feet,S ,From,TANQUE VERDE RD E             ,        ,N ,KOLB                                    ,RD  ,E ,TANQUE VERDE                            ,RD  ,DAYLIGHT                                               ,CLEAR                                                  ,                         ,NON-CONTROLLED ACCESS - INTERSECTION-RELATED           ,FOUR-WAY INTERSECTION                                  ,"2-WAY, DIVIDED, UNPROT (PAINTED > 4 FEET) MEDIAN       ",SINGLE VEHICLE                                         ,                         ,TPD_TRAFFIC_INCIDENTS,,,,,,
994922.81988188996911,445194.589895009994507,17923,1410260046  ,171704,1,2014-10-26T00:00:00.000Z,0140,SUN,0,0,0,3402      ,3402-OTHER VEHICLE ACCIDENTS/BICYCLE ACCIDENTS         ,994922.82,445194.59,BROADWAY BL E                 ,INSIDE                                                 ,TUCSON              ,Approximately,50   ,Feet,W ,From,AVIATION PW E                 ,        ,E ,AVIATION                                ,PW  ,E ,BROADWAY                                ,BL  ,DARK-LIGHTED                                           ,CLEAR                                                  ,                         ,NON-CONTROLLED ACCESS - INTERSECTION-RELATED           ,T-INTERSECTION                                         ,"2-WAY, DIVIDED POSITIVE MEDIAN BARRIER                 ",SINGLE VEHICLE                                         ,                         ,TPD_TRAFFIC_INCIDENTS,,,,,,
994050.75,450859.5,17960,1503230091  ,174836,2,2015-03-23T00:00:00.000Z,0724,MON,0,1,0,3214      ,3214-PROP DMG TRAF ACCIDENT/HIT & RUN/BICYCLE          ,994050.75,450859.5,N 4TH AV                      ,INSIDE                                                 ,TUCSON              ,Approximately,15   ,Feet,S ,From,E SPEEDWAY BL                 ,        ,N ,4TH                                     ,AV  ,E ,SPEEDWAY                                ,BL  ,DAYLIGHT                                               ,CLEAR                                                  ,                         ,NOT JUNCTION RELATED                                   ,,"2-WAY, NOT DIVIDED WITH CONT LEFT TURN LANE            ",SINGLE VEHICLE                                         ,                         ,TPD_TRAFFIC_INCIDENTS,,,,,,
1008641.06003937125206,456295.020013123750687,18014,1606070388  ,184581,2,2016-06-07T00:00:00.000Z,1647,TUE,0,1,0,3114      ,3114-INJURY TRAF ACCIDENT/HIT & RUN/BICYCLE            ,1008641.06,456295.02,PALO VERDE AV N               ,INSIDE                                                 ,TUCSON              ,N/A,     ,N/A,  ,At,GRANT RD E                    ,        ,E ,GRANT                                   ,RD  ,N ,PALO VERDE                              ,AV  ,DAYLIGHT                                               ,CLEAR                                                  ,                         ,NON-CONTROLLED ACCESS - INTERSECTION (WITHIN)          ,FOUR-WAY INTERSECTION                                  ,"2-WAY, NOT DIVIDED                                     ",SINGLE VEHICLE                                         ,                         ,TPD_TRAFFIC_INCIDENTS,\\central\data\Transportation\Traffic\Accident Data\2016\1606070388.pdf,,,,,
1053874.87007873877883,436899.25,18031,1407260168  ,170127,2,2014-07-26T00:00:00.000Z,0606,SAT,0,0,0,3104      ,3104-INJURY TRAFFIC ACCIDENT/BICYCLE                   ,1053874.87,436899.25,HOUGHTON RD S                 ,INSIDE                                                 ,TUCSON              ,Approximately,10   ,Feet,S ,From,OLD SPANISH TR E              ,        ,S ,HOUGHTON                                ,RD  ,E ,OLD SPANISH                             ,TR  ,DAYLIGHT                                               ,CLEAR                                                  ,                         ,NON-CONTROLLED ACCESS - INTERSECTION-RELATED           ,FOUR-WAY INTERSECTION                                  ,"2-WAY, DIVIDED, UNPROT (PAINTED > 4 FEET) MEDIAN       ",ANGLE (FRONT TO SIDE) (OTHER THAN LEFT TURN)           ,                         ,TPD_TRAFFIC_INCIDENTS,,,,,,
1008816.43996062874794,445777.459973752498627,18068,1403270335  ,168128,3,2014-03-27T00:00:00.000Z,1608,THU,0,0,0,3104      ,3104-INJURY TRAFFIC ACCIDENT/BICYCLE                   ,1008816.44,445777.46,E BROADWAY BL                 ,INSIDE                                                 ,TUCSON              ,N/A,     ,N/A,  ,At,S RANDOLPH WY                 ,        ,E ,BROADWAY                                ,BL  ,S ,RANDOLPH                                ,WY  ,DAYLIGHT                                               ,CLEAR                                                  ,                         ,NON-CONTROLLED ACCESS - INTERSECTION (WITHIN)          ,FOUR-WAY INTERSECTION                                  ,"2-WAY, DIVIDED POSITIVE MEDIAN BARRIER                 ",LEFT TURN                                              ,                         ,TPD_TRAFFIC_INCIDENTS,,,,,,
1027455.910104986280203,440552.62007874250412,18187,1710260351  ,197526,2,2017-10-26T00:00:00.000Z,1415,THU,0,0,0,3104      ,3104-INJURY TRAFFIC ACCIDENT/BICYCLE                   ,1027455.91,440552.62,22ND ST                       ,INSIDE                                                 ,TUCSON              ,Approximately,40   ,Feet,W ,From,WILMOT RD                     ,        ,E ,22ND                                    ,ST  ,S ,WILMOT                                  ,RD  ,DAYLIGHT                                               ,CLEAR                                                  ,                         ,NON-CONTROLLED ACCESS - DRIVEWAY                       ,FOUR-WAY INTERSECTION                                  ,"2-WAY, DIVIDED, UNPROT (PAINTED > 4 FEET) MEDIAN       ",OTHER                                                  ,PEDALCYCLE               ,TPD_TRAFFIC_INCIDENTS,\\central\data\Transportation\Traffic\Accident Data\2017\1710260351.pdf,,,,,
1044345.87992126122117,435287.0,18226,1508210402  ,177770,2,2015-08-21T00:00:00.000Z,1650,FRI,0,1,0,3114      ,3114-INJURY TRAF ACCIDENT/HIT & RUN/BICYCLE            ,1044345.88,435287,GOLF LINKS RD E               ,INSIDE                                                 ,TUCSON              ,N/A,     ,N/A,  ,At,CAMINO SECO S                 ,        ,S ,CAMINO SECO                             ,    ,E ,GOLF LINKS                              ,RD  ,DAYLIGHT                                               ,CLEAR                                                  ,                         ,NON-CONTROLLED ACCESS - INTERSECTION (WITHIN)          ,T-INTERSECTION                                         ,"2-WAY, DIVIDED, UNPROT (PAINTED > 4 FEET) MEDIAN       ",SINGLE VEHICLE                                         ,                         ,TPD_TRAFFIC_INCIDENTS,,,,,,
994075.62007873877883,449310.160104990005493,18242,1708280615  ,196039,1,2017-08-28T00:00:00.000Z,2111,MON,0,0,0,3402      ,3402-OTHER VEHICLE ACCIDENTS/BICYCLE ACCIDENTS         ,994075.62,449310.16,N 4TH AV                      ,INSIDE                                                 ,TUCSON              ,Approximately,100  ,Feet,S ,From,E UNIVERSITY BL               ,        ,N ,4TH                                     ,AV  ,E ,UNIVERSITY                              ,BL  ,DARK-LIGHTED                                           ,CLEAR                                                  ,                         ,NOT JUNCTION RELATED                                   ,,"2-WAY, NOT DIVIDED WITH CONT LEFT TURN LANE            ",SINGLE VEHICLE                                         ,                         ,TPD_TRAFFIC_INCIDENTS,\\central\data\Transportation\Traffic\Accident Data\2017\1708280615.pdf,,,,,
997094.520013123750687,433140.240157477557659,18251,1706040254  ,194068,2,2017-06-04T00:00:00.000Z,1338,SUN,0,0,0,3204      ,3204-PROP DMG TRAF ACCIDENT/BICYCLE                    ,997094.52,433140.24,TUCSON MARKETPLACE BL E       ,INSIDE                                                 ,TUCSON              ,Approximately,.25  ,Miles,E ,From,PARK AV S                     ,        ,S ,PARK                                    ,AV  ,E ,TUCSON MARKETPLACE                      ,BL  ,DAYLIGHT                                               ,CLEAR                                                  ,                         ,NOT JUNCTION RELATED                                   ,,"2-WAY, NOT DIVIDED WITH CONT LEFT TURN LANE            ",SINGLE VEHICLE                                         ,                         ,TPD_TRAFFIC_INCIDENTS,\\central\data\Transportation\Traffic\Accident Data\2017\1706040254.pdf,,,,,
997094.520013123750687,433140.240157477557659,18257,1801300096  ,199862,2,2018-01-30T00:00:00.000Z,0635,TUE,0,0,0,3204      ,3204-PROP DMG TRAF ACCIDENT/BICYCLE                    ,997094.52,433140.24,PARK AV S                     ,INSIDE                                                 ,TUCSON              ,N/A,     ,N/A,  ,At,TUCSON MARKETPLACE BL E       ,        ,S ,PARK                                    ,AV  ,E ,TUCSON MARKETPLACE                      ,BL  ,DAWN                                                   ,CLEAR                                                  ,                         ,NON-CONTROLLED ACCESS - INTERSECTION (WITHIN)          ,T-INTERSECTION                                         ,"2-WAY, DIVIDED, UNPROT (PAINTED > 4 FEET) MEDIAN       ",OTHER                                                  ,PEDALCYCLIST             ,TPD_TRAFFIC_INCIDENTS,\\central\data\Transportation\Traffic\Accident Data\2018\1801300096.pdf,,,,,
1011385.339895013719797,449794.729986876249313,18271,1603160458  ,182589,2,2016-03-16T00:00:00.000Z,1757,WED,0,0,0,3104      ,3104-INJURY TRAFFIC ACCIDENT/BICYCLE                   ,1011385.34,449794.73,3RD ST E                      ,INSIDE                                                 ,TUCSON              ,Approximately,150  ,Feet,W ,From,ALVERNON WY N                 ,        ,E ,3RD                                     ,ST  ,N ,ALVERNON                                ,WY  ,DAYLIGHT                                               ,CLEAR                                                  ,                         ,NOT JUNCTION RELATED                                   ,,"2-WAY, NOT DIVIDED                                     ",SINGLE VEHICLE                                         ,                         ,TPD_TRAFFIC_INCIDENTS,,,,,,
1027516.509842518717051,435241.43996062874794,18281,1606120494  ,184692,2,2016-06-12T00:00:00.000Z,2100,SUN,0,0,0,3104      ,3104-INJURY TRAFFIC ACCIDENT/BICYCLE                   ,1027516.51,435241.44,GOLF LINKS RD E               ,INSIDE                                                 ,TUCSON              ,N/A,     ,N/A,  ,At,WILMOT RD S                   ,        ,E ,GOLF LINKS                              ,RD  ,S ,WILMOT                                  ,RD  ,DARK-LIGHTED                                           ,CLEAR                                                  ,                         ,NON-CONTROLLED ACCESS - INTERSECTION (WITHIN)          ,FOUR-WAY INTERSECTION                                  ,"2-WAY, DIVIDED, UNPROT (PAINTED > 4 FEET) MEDIAN       ",SINGLE VEHICLE                                         ,                         ,TPD_TRAFFIC_INCIDENTS,\\central\data\Transportation\Traffic\Accident Data\2016\1606120494.pdf,,,,,
1027516.509842518717051,435241.43996062874794,18283,1606300064  ,185085,2,2016-06-30T00:00:00.000Z,0518,THU,0,0,1,3104      ,3104-INJURY TRAFFIC ACCIDENT/BICYCLE                   ,1027516.51,435241.44,GOLF LINKS RD E               ,INSIDE                                                 ,TUCSON              ,N/A,     ,N/A,  ,At,WILMOT RD S                   ,        ,E ,GOLF LINKS                              ,RD  ,S ,WILMOT                                  ,RD  ,DAWN                                                   ,RAIN                                                   ,                         ,NON-CONTROLLED ACCESS - INTERSECTION (WITHIN)          ,FOUR-WAY INTERSECTION                                  ,"2-WAY, DIVIDED, UNPROT (PAINTED > 4 FEET) MEDIAN       ",SINGLE VEHICLE                                         ,                         ,TPD_TRAFFIC_INCIDENTS,\\central\data\Transportation\Traffic\Accident Data\2016\1606300064.pdf,,,,,
1011354.220144357532263,451116.419947504997253,18395,1408250066  ,171399,2,2014-08-25T00:00:00.000Z,0246,MON,0,0,0,3204      ,3204-PROP DMG TRAF ACCIDENT/BICYCLE                    ,1011354.22,451116.42,ALVERNON WY N                 ,INSIDE                                                 ,TUCSON              ,Approximately,150  ,Feet,S ,From,SPEEDWAY BL E                 ,        ,N ,ALVERNON                                ,WY  ,E ,SPEEDWAY                                ,BL  ,DARK-LIGHTED                                           ,CLEAR                                                  ,                         ,NOT JUNCTION RELATED                                   ,,"2-WAY, DIVIDED POSITIVE MEDIAN BARRIER                 ",ANGLE (FRONT TO SIDE) (OTHER THAN LEFT TURN)           ,                         ,TPD_TRAFFIC_INCIDENTS,,,,,,
1011354.220144357532263,451116.419947504997253,18417,1406130110  ,169439,2,2014-06-13T00:00:00.000Z,0752,FRI,0,0,0,3104      ,3104-INJURY TRAFFIC ACCIDENT/BICYCLE                   ,1011354.22,451116.42,E SPEEDWAY BL                 ,INSIDE                                                 ,TUCSON              ,Approximately,300  ,Feet,W ,From,N ALVERNON WY                 ,        ,N ,ALVERNON                                ,WY  ,E ,SPEEDWAY                                ,BL  ,DAYLIGHT                                               ,CLEAR                                                  ,                         ,NOT JUNCTION RELATED                                   ,,"2-WAY, DIVIDED POSITIVE MEDIAN BARRIER                 ",OTHER                                                  ,RIGHT TURN               ,TPD_TRAFFIC_INCIDENTS,,,,,,
1011354.220144357532263,451116.419947504997253,18420,1805200527  ,202492,2,2018-05-20T00:00:00.000Z,2003,SUN,0,0,0,3104      ,3104-INJURY TRAFFIC ACCIDENT/BICYCLE                   ,1011354.22,451116.42,ALVERNON WY N                 ,INSIDE                                                 ,TUCSON              ,N/A,     ,N/A,  ,At,SPEEDWAY BL E                 ,        ,N ,ALVERNON                                ,WY  ,E ,SPEEDWAY                                ,BL  ,DARK-LIGHTED                                           ,CLEAR                                                  ,                         ,NON-CONTROLLED ACCESS - INTERSECTION (WITHIN)          ,FOUR-WAY INTERSECTION                                  ,"2-WAY, DIVIDED, UNPROT (PAINTED > 4 FEET) MEDIAN       ",OTHER                                                  ,PEDALCYCLIST             ,TPD_TRAFFIC_INCIDENTS,\\central\data\Transportation\Traffic\Accident Data\2018\1805200527.pdf,,,,,
1011354.220144357532263,451116.419947504997253,18422,1902030109  ,208244,2,2019-02-03T00:00:00.000Z,0348,SUN,0,0,0,3104      ,3104-INJURY TRAFFIC ACCIDENT/BICYCLE                   ,1011354.22,451116.42,SPEEDWAY BL                   ,INSIDE                                                 ,TUCSON              ,N/A,     ,N/A,  ,At,ALVERNON WY                   ,        ,N ,ALVERNON                                ,WY  ,E ,SPEEDWAY                                ,BL  ,DARK-LIGHTED                                           ,CLEAR                                                  ,                         ,NON-CONTROLLED ACCESS - INTERSECTION (WITHIN)          ,FOUR-WAY INTERSECTION                                  ,"2-WAY, DIVIDED, UNPROT (PAINTED > 4 FEET) MEDIAN       ",OTHER                                                  ,PEDALCYCLE               ,TPD_TRAFFIC_INCIDENTS,\\central\data\Transportation\Traffic\Accident Data\2019\1902030109.pdf,,,,,