X,Y,OBJECTID,acci_id,tamainid,numunits,AccidentDate,AccidentTime,DayOfWeek,WasFatal,WasHitAndRun,TransImmedMedCare,UCRCode,UCRDescription,CoordX,CoordY,Location,Inside_Outside,City,Accuracy,Distance,Units,Direction,From_At,IntersectingStreet,AddrNumber,AddrDirection,AddrStreetName,AddrStreetNameSuffix,CrossStreetDirection,CrossStreetName,CrossStreetSuffix,LightConditionDescription,WeatherDescription,WeatherOther,RelationDescription,IntersectionTypeDescription,RoadConfigurationDescription,MannerOfCrashDescription,MannerOfCrashOther,DATASOURCE,URL,F7Days,F28Days,COMPSTAT_28D,WEEKLY_7D,AccidentDateTime
1011354.220144357532263,451116.419947504997253,18428,1708310100  ,196090,2,2017-08-31T00:00:00.000Z,0435,THU,0,0,0,3104      ,3104-INJURY TRAFFIC ACCIDENT/BICYCLE                   ,1011354.22,451116.42,SPEEDWAY BL E                 ,INSIDE                                                 ,TUCSON              ,N/A,     ,N/A,  ,At,ALVERNON WY N                 ,        ,N ,ALVERNON                                ,WY  ,E ,SPEEDWAY                                ,BL  ,DARK-LIGHTED                                           ,CLEAR                                                  ,                         ,NON-CONTROLLED ACCESS - INTERSECTION (WITHIN)          ,FOUR-WAY INTERSECTION                                  ,"2-WAY, DIVIDED, UNPROT (PAINTED > 4 FEET) MEDIAN       ",SINGLE VEHICLE                                         ,                         ,TPD_TRAFFIC_INCIDENTS,\\central\data\Transportation\Traffic\Accident Data\2017\1708310100.pdf,,,,,
1011354.220144357532263,451116.419947504997253,18435,1702020494  ,190792,2,2017-02-02T00:00:00.000Z,2029,THU,0,0,0,3104      ,3104-INJURY TRAFFIC ACCIDENT/BICYCLE                   ,1011354.22,451116.42,ALVERNON WY N                 ,INSIDE                                                 ,TUCSON              ,N/A,     ,N/A,  ,At,SPEEDWAY BL E                 ,        ,N ,ALVERNON                                ,WY  ,E ,SPEEDWAY                                ,BL  ,DARK-LIGHTED                                           ,CLEAR                                                  ,                         ,NON-CONTROLLED ACCESS - INTERSECTION (WITHIN)          ,FOUR-WAY INTERSECTION                                  ,"2-WAY, DIVIDED, UNPROT (PAINTED > 4 FEET) MEDIAN       ",SINGLE VEHICLE                                         ,                         ,TPD_TRAFFIC_INCIDENTS,\\central\data\Transportation\Traffic\Accident Data\2017\1702020494.pdf,,,,,
996822.25,448869.5,18470,1804030119  ,201401,2,2018-04-03T13:49:52.000Z,0844,TUE,0,0,0,3204      ,3204-PROP DMG TRAF ACCIDENT/BICYCLE                    ,996822.25,448869.5,4TH ST E                      ,INSIDE                                                 ,TUCSON              ,Approximately,UNK  ,Feet,W ,From,PARK AV N                     ,        ,E ,4TH                                     ,ST  ,N ,PARK                                    ,AV  ,DAYLIGHT                                               ,CLEAR                                                  ,                         ,NON-CONTROLLED ACCESS - INTERSECTION-RELATED           ,FOUR-WAY INTERSECTION                                  ,"2-WAY, NOT DIVIDED                                     ",OTHER                                                  ,PEDALCYCLIST             ,TPD_TRAFFIC_INCIDENTS,\\central\data\Transportation\Traffic\Accident Data\2018\1804030119.pdf,,,,,
997109.970144357532263,435054.859908133745193,18483,1408300474  ,170732,2,2014-08-30T00:00:00.000Z,2111,SAT,0,1,0,3114      ,3114-INJURY TRAF ACCIDENT/HIT & RUN/BICYCLE            ,997109.97,435054.86,36TH ST E                     ,INSIDE                                                 ,TUCSON              ,N/A,     ,N/A,  ,At,PARK AV S                     ,        ,E ,36TH                                    ,ST  ,S ,PARK                                    ,AV  ,DARK-LIGHTED                                           ,CLEAR                                                  ,                         ,NON-CONTROLLED ACCESS - INTERSECTION (WITHIN)          ,FOUR-WAY INTERSECTION                                  ,"2-WAY, NOT DIVIDED                                     ",SINGLE VEHICLE                                         ,                         ,TPD_TRAFFIC_INCIDENTS,,,,,,
1011431.609908137470484,445797.87007874250412,18532,1507110215  ,176920,2,2015-07-11T00:00:00.000Z,0948,SAT,1,0,0,3004      ,3004-FATAL TRAFFIC ACCIDENT/BICYCLE                    ,1011431.61,445797.87,BROADWAY BL E                 ,INSIDE                                                 ,TUCSON              ,N/A,     ,N/A,  ,At,ALVERNON WY N                 ,        ,N ,ALVERNON                                ,WY  ,E ,BROADWAY                                ,BL  ,DAYLIGHT                                               ,CLEAR                                                  ,                         ,NON-CONTROLLED ACCESS - INTERSECTION (WITHIN)          ,FOUR-WAY INTERSECTION                                  ,"2-WAY, DIVIDED, UNPROT (PAINTED > 4 FEET) MEDIAN       ",SINGLE VEHICLE                                         ,                         ,TPD_TRAFFIC_INCIDENTS,,,,,,
993390.62992126122117,432348.43996062874794,18595,1702090243  ,190979,2,2017-02-09T00:00:00.000Z,1105,THU,0,1,0,3114      ,3114-INJURY TRAF ACCIDENT/HIT & RUN/BICYCLE            ,993390.63,432348.44,6TH AV S                      ,INSIDE                                                 ,TUCSON              ,Approximately,200  ,Feet,S ,From,44TH ST W                     ,        ,W ,44TH                                    ,ST  ,S ,6TH                                     ,AV  ,DAYLIGHT                                               ,CLEAR                                                  ,                         ,NOT JUNCTION RELATED                                   ,,"2-WAY, NOT DIVIDED WITH CONT LEFT TURN LANE            ",SINGLE VEHICLE                                         ,                         ,TPD_TRAFFIC_INCIDENTS,\\central\data\Transportation\Traffic\Accident Data\2017\1702090243.pdf,,,,,
993390.62992126122117,432348.43996062874794,18600,1507240418  ,177144,2,2015-07-24T00:00:00.000Z,1853,FRI,0,0,0,3104      ,3104-INJURY TRAFFIC ACCIDENT/BICYCLE                   ,993390.63,432348.44,S 6TH AV                      ,INSIDE                                                 ,TUCSON              ,Approximately,50   ,Feet,S ,From,W 44TH ST                     ,        ,W ,44TH                                    ,ST  ,S ,6TH                                     ,AV  ,DAYLIGHT                                               ,CLEAR                                                  ,                         ,NOT JUNCTION RELATED                                   ,,"2-WAY, NOT DIVIDED WITH CONT LEFT TURN LANE            ",SINGLE VEHICLE                                         ,                         ,TPD_TRAFFIC_INCIDENTS,,,,,,
993390.62992126122117,432348.43996062874794,18601,1504230379  ,175458,2,2015-04-23T00:00:00.000Z,1702,THU,0,0,0,3104      ,3104-INJURY TRAFFIC ACCIDENT/BICYCLE                   ,993390.63,432348.44,6TH AV S                      ,INSIDE                                                 ,TUCSON              ,Approximately,UNK  ,Feet,N ,From,44TH ST W                     ,        ,W ,44TH                                    ,ST  ,S ,6TH                                     ,AV  ,DAYLIGHT                                               ,CLEAR                                                  ,                         ,NON-CONTROLLED ACCESS - DRIVEWAY                       ,T-INTERSECTION                                         ,"2-WAY, DIVIDED, UNPROT (PAINTED > 4 FEET) MEDIAN       ",SINGLE VEHICLE                                         ,                         ,TPD_TRAFFIC_INCIDENTS,,,,,,
1021928.37992126122117,450886.549868769943714,18605,1410220401  ,171636,2,2014-10-22T00:00:00.000Z,1632,WED,0,1,1,3114      ,3114-INJURY TRAF ACCIDENT/HIT & RUN/BICYCLE            ,1021928.38,450886.55,N CRAYCROFT RD                ,INSIDE                                                 ,TUCSON              ,N/A,     ,N/A,  ,At,E 1ST ST                      ,        ,E ,1ST                                     ,ST  ,N ,CRAYCROFT                               ,RD  ,DAYLIGHT                                               ,CLEAR                                                  ,                         ,NON-CONTROLLED ACCESS - INTERSECTION (WITHIN)          ,T-INTERSECTION                                         ,"2-WAY, DIVIDED POSITIVE MEDIAN BARRIER                 ","SIDESWIPE, SAME DIRECTION                              ",                         ,TPD_TRAFFIC_INCIDENTS,,,,,,
989033.410104986280203,424371.229986876249313,18634,1510280251  ,179289,2,2015-10-28T00:00:00.000Z,1335,WED,0,1,0,3114      ,3114-INJURY TRAF ACCIDENT/HIT & RUN/BICYCLE            ,989033.41,424371.23,W IRVINGTON RD                ,INSIDE                                                 ,TUCSON              ,Approximately,150  ,Feet,E ,From,S 17TH AV                     ,        ,S ,17TH                                    ,AV  ,W ,IRVINGTON                               ,RD  ,DAYLIGHT                                               ,CLOUDY                                                 ,                         ,NON-CONTROLLED ACCESS - DRIVEWAY                       ,T-INTERSECTION                                         ,"2-WAY, NOT DIVIDED WITH CONT LEFT TURN LANE            ",SINGLE VEHICLE                                         ,                         ,TPD_TRAFFIC_INCIDENTS,,,,,,
998118.25,452238.25,18716,1406180006  ,169539,2,2014-06-18T15:23:39.000Z,1523,WED,0,0,0,3104      ,3104-INJURY TRAFFIC ACCIDENT/BICYCLE                   ,998118.25,452238.25,DRACHMAN ST E                 ,INSIDE                                                 ,TUCSON              ,N/A,     ,N/A,  ,At,MOUNTAIN AV N                 ,        ,E ,DRACHMAN                                ,ST  ,N ,MOUNTAIN                                ,AV  ,DAYLIGHT                                               ,CLOUDY                                                 ,                         ,NON-CONTROLLED ACCESS - INTERSECTION (WITHIN)          ,FOUR-WAY INTERSECTION                                  ,ONE WAY TRAFFICWAY                                     ,ANGLE (FRONT TO SIDE) (OTHER THAN LEFT TURN)           ,                         ,TPD_TRAFFIC_INCIDENTS,,,,,,
998118.25,452238.25,18717,1705110563  ,193537,2,2017-05-11T00:00:00.000Z,1938,THU,0,0,0,3104      ,3104-INJURY TRAFFIC ACCIDENT/BICYCLE                   ,998118.25,452238.25,MOUNTAIN AV N                 ,,TUCSON              ,N/A,     ,N/A,  ,At,DRACHMAN ST E                 ,        ,E ,DRACHMAN                                ,ST  ,N ,MOUNTAIN                                ,AV  ,DARK-LIGHTED                                           ,CLEAR                                                  ,                         ,NON-CONTROLLED ACCESS - INTERSECTION (WITHIN)          ,FOUR-WAY INTERSECTION                                  ,"2-WAY, NOT DIVIDED                                     ",SINGLE VEHICLE                                         ,                         ,TPD_TRAFFIC_INCIDENTS,\\central\data\Transportation\Traffic\Accident Data\2017\1705110563.pdf,,,,,
1010025.25,451103.549868769943714,18736,1709250546  ,196745,1,2017-09-25T00:00:00.000Z,1804,MON,0,0,1,3402      ,3402-OTHER VEHICLE ACCIDENTS/BICYCLE ACCIDENTS         ,1010025.25,451103.55,SPEEDWAY BL E                 ,INSIDE                                                 ,TUCSON              ,Approximately,150  ,Feet,W ,From,DODGE BL N                    ,        ,N ,DODGE                                   ,BL  ,E ,SPEEDWAY                                ,BL  ,DAYLIGHT                                               ,CLEAR                                                  ,                         ,NOT JUNCTION RELATED                                   ,,"2-WAY, DIVIDED, UNPROT (PAINTED > 4 FEET) MEDIAN       ",OTHER                                                  ,PEDALCYCLIST ONLY        ,TPD_TRAFFIC_INCIDENTS,\\central\data\Transportation\Traffic\Accident Data\2017\1709250546.pdf,,,,,
1017444.410104986280203,445852.359908133745193,18740,1402120514  ,167309,1,2014-02-12T00:00:00.000Z,1849,WED,0,0,0,3104      ,3104-INJURY TRAFFIC ACCIDENT/BICYCLE                   ,1017444.41,445852.36,E BROADWAY BL                 ,INSIDE                                                 ,TUCSON              ,N/A,     ,N/A,N ,At,N MOUNTAIN VIEW AV            ,        ,E ,BROADWAY                                ,BL  ,N ,MOUNTAIN VIEW                           ,AV  ,DARK-LIGHTED                                           ,CLEAR                                                  ,                         ,,,,SINGLE VEHICLE                                         ,                         ,TPD_TRAFFIC_INCIDENTS,,,,,,
1007264.81003937125206,451055.390091866254807,18749,1512290474  ,180709,2,2015-12-29T00:00:00.000Z,1925,TUE,0,0,0,3104      ,3104-INJURY TRAFFIC ACCIDENT/BICYCLE                   ,1007264.81,451055.39,E SPEEDWAY BL                 ,INSIDE                                                 ,TUCSON              ,N/A,     ,N/A,  ,At,N CAMINO MIRAMONTE            ,        ,N ,CAMINO MIRAMONTE                        ,    ,E ,SPEEDWAY                                ,BL  ,DARK-LIGHTED                                           ,CLEAR                                                  ,                         ,NON-CONTROLLED ACCESS - INTERSECTION (WITHIN)          ,T-INTERSECTION                                         ,"2-WAY, DIVIDED, UNPROT (PAINTED > 4 FEET) MEDIAN       ",SINGLE VEHICLE                                         ,                         ,TPD_TRAFFIC_INCIDENTS,,,,,,
1007264.81003937125206,451055.390091866254807,18750,1709200490  ,196619,2,2017-09-20T00:00:00.000Z,1638,WED,0,0,0,3104      ,3104-INJURY TRAFFIC ACCIDENT/BICYCLE                   ,1007264.81,451055.39,SPEEDWAY BL E                 ,INSIDE                                                 ,TUCSON              ,Approximately,500  ,Feet,E ,From,CAMINO MIRAMONTE N            ,        ,N ,CAMINO MIRAMONTE                        ,    ,E ,SPEEDWAY                                ,BL  ,DAYLIGHT                                               ,CLEAR                                                  ,                         ,NON-CONTROLLED ACCESS - DRIVEWAY                       ,T-INTERSECTION                                         ,"2-WAY, DIVIDED, UNPROT (PAINTED > 4 FEET) MEDIAN       ",ANGLE (FRONT TO SIDE) (OTHER THAN LEFT TURN)           ,                         ,TPD_TRAFFIC_INCIDENTS,\\central\data\Transportation\Traffic\Accident Data\2017\1709200490.pdf,,,,,
1017444.410104986280203,445852.359908133745193,18751,1801310200  ,199882,2,2018-01-31T00:00:00.000Z,1020,WED,0,0,1,3104      ,3104-INJURY TRAFFIC ACCIDENT/BICYCLE                   ,1017444.41,445852.36,BROADWAY BL                   ,INSIDE                                                 ,TUCSON              ,Approximately,2    ,Feet,NW,From,MOUNTAIN VIEW AV              ,        ,E ,BROADWAY                                ,BL  ,N ,MOUNTAIN VIEW                           ,AV  ,DAYLIGHT                                               ,CLEAR                                                  ,                         ,NON-CONTROLLED ACCESS - INTERSECTION-RELATED           ,T-INTERSECTION                                         ,"2-WAY, NOT DIVIDED                                     ",OTHER                                                  ,PEDALCYCLE               ,TPD_TRAFFIC_INCIDENTS,\\central\data\Transportation\Traffic\Accident Data\2018\1801310200.pdf,,,,,
992406.93996062874794,445420.75,18764,1404010546  ,168230,2,2014-04-01T00:00:00.000Z,2008,TUE,0,0,0,3204      ,3204-PROP DMG TRAF ACCIDENT/BICYCLE                    ,992406.94,445420.75,E BROADWAY BL                 ,INSIDE                                                 ,TUCSON              ,Approximately,UNK  ,Feet,W ,From,N STONE AV                    ,        ,E ,BROADWAY                                ,BL  ,S ,STONE                                   ,AV  ,DARK-LIGHTED                                           ,CLEAR                                                  ,                         ,NOT JUNCTION RELATED                                   ,,ONE WAY TRAFFICWAY                                     ,ANGLE (FRONT TO SIDE) (OTHER THAN LEFT TURN)           ,                         ,TPD_TRAFFIC_INCIDENTS,,,,,,
990616.25,424381.93996062874794,18781,1807100437  ,203449,2,2018-07-10T00:00:00.000Z,1909,TUE,0,0,0,3104      ,3104-INJURY TRAFFIC ACCIDENT/BICYCLE                   ,990616.25,424381.94,12TH AV S                     ,INSIDE                                                 ,TUCSON              ,N/A,     ,N/A,  ,At,IRVINGTON RD W                ,        ,S ,12TH                                    ,AV  ,W ,IRVINGTON                               ,RD  ,DAYLIGHT                                               ,CLOUDY                                                 ,                         ,NON-CONTROLLED ACCESS - INTERSECTION (WITHIN)          ,FOUR-WAY INTERSECTION                                  ,"2-WAY, NOT DIVIDED WITH CONT LEFT TURN LANE            ",OTHER                                                  ,PEDALCYCLE               ,TPD_TRAFFIC_INCIDENTS,\\central\data\Transportation\Traffic\Accident Data\2018\1807100437.pdf,,,,,
1017572.0,440532.529855646193027,18855,1709170474  ,196538,2,2017-09-17T00:00:00.000Z,2147,SUN,0,0,1,3104      ,3104-INJURY TRAFFIC ACCIDENT/BICYCLE                   ,1017572,440532.53,22ND ST E                     ,INSIDE                                                 ,TUCSON              ,Approximately,150  ,Feet,E ,From,MOUNTAIN VIEW AV S            ,        ,E ,22ND                                    ,ST  ,S ,MOUNTAIN VIEW                           ,AV  ,DARK-LIGHTED                                           ,CLEAR                                                  ,                         ,NOT JUNCTION RELATED                                   ,,"2-WAY, DIVIDED, UNPROT (PAINTED > 4 FEET) MEDIAN       ",SINGLE VEHICLE                                         ,                         ,TPD_TRAFFIC_INCIDENTS,\\central\data\Transportation\Traffic\Accident Data\2017\1709170474.pdf,,,,,
1032594.339895013719797,451093.0,18907,1509010214  ,178005,2,2015-09-01T00:00:00.000Z,1111,TUE,0,0,1,3104      ,3104-INJURY TRAFFIC ACCIDENT/BICYCLE                   ,1032594.34,451093,N KOLB RD                     ,INSIDE                                                 ,TUCSON              ,Approximately,8-10 ,Feet,N ,From,E SPEEDWAY BL                 ,        ,N ,KOLB                                    ,RD  ,E ,SPEEDWAY                                ,BL  ,DAYLIGHT                                               ,CLEAR                                                  ,                         ,NON-CONTROLLED ACCESS - INTERSECTION-RELATED           ,FOUR-WAY INTERSECTION                                  ,"2-WAY, DIVIDED, UNPROT (PAINTED > 4 FEET) MEDIAN       ",SINGLE VEHICLE                                         ,                         ,TPD_TRAFFIC_INCIDENTS,,,,,,
1032594.339895013719797,451093.0,18928,1708210271  ,195845,2,2017-08-21T00:00:00.000Z,1112,MON,0,1,0,3214      ,3214-PROP DMG TRAF ACCIDENT/HIT & RUN/BICYCLE          ,1032594.34,451093,SPEEDWAY BL E                 ,INSIDE                                                 ,TUCSON              ,Approximately,300  ,Feet,E ,From,KOLB RD N                     ,        ,N ,KOLB                                    ,RD  ,E ,SPEEDWAY                                ,BL  ,DAYLIGHT                                               ,CLEAR                                                  ,                         ,NOT JUNCTION RELATED                                   ,,"2-WAY, DIVIDED, UNPROT (PAINTED > 4 FEET) MEDIAN       ",SINGLE VEHICLE                                         ,                         ,TPD_TRAFFIC_INCIDENTS,\\central\data\Transportation\Traffic\Accident Data\2017\1708210271.pdf,,,,,
1032594.339895013719797,451093.0,18947,1608250309  ,186489,2,2016-08-25T00:00:00.000Z,1501,THU,0,1,0,3214      ,3214-PROP DMG TRAF ACCIDENT/HIT & RUN/BICYCLE          ,1032594.34,451093,SPEEDWAY BL E                 ,INSIDE                                                 ,TUCSON              ,Approximately,100  ,Feet,E ,From,KOLB RD N                     ,        ,N ,KOLB                                    ,RD  ,E ,SPEEDWAY                                ,BL  ,DAYLIGHT                                               ,CLEAR                                                  ,                         ,NOT JUNCTION RELATED                                   ,,"2-WAY, DIVIDED, UNPROT (PAINTED > 4 FEET) MEDIAN       ",SINGLE VEHICLE                                         ,                         ,TPD_TRAFFIC_INCIDENTS,\\central\data\Transportation\Traffic\Accident Data\2016\1608250309.pdf,,,,,
996027.029855642467737,445051.600065618753433,19009,1509220332  ,178435,2,2015-09-22T00:00:00.000Z,1432,TUE,0,0,0,3104      ,3104-INJURY TRAFFIC ACCIDENT/BICYCLE                   ,996027.03,445051.6,12TH ST E                     ,INSIDE                                                 ,TUCSON              ,N/A,     ,N/A,  ,At,EUCLID AV S                   ,        ,E ,12TH                                    ,ST  ,S ,EUCLID                                  ,AV  ,DAYLIGHT                                               ,RAIN                                                   ,                         ,NON-CONTROLLED ACCESS - INTERSECTION (WITHIN)          ,FOUR-WAY INTERSECTION                                  ,"2-WAY, NOT DIVIDED WITH CONT LEFT TURN LANE            ",SINGLE VEHICLE                                         ,                         ,TPD_TRAFFIC_INCIDENTS,,,,,,
1000432.0,445641.890091866254807,19159,1709220007  ,196676,2,2017-09-22T15:22:58.000Z,0730,FRI,0,0,0,3104      ,3104-INJURY TRAFFIC ACCIDENT/BICYCLE                   ,1000432,445641.89,BROADWAY BL E                 ,INSIDE                                                 ,TUCSON              ,N/A,     ,N/A,  ,At,MARTIN AV N                   ,        ,E ,BROADWAY                                ,BL  ,N ,MARTIN                                  ,AV  ,DAYLIGHT                                               ,CLEAR                                                  ,                         ,NON-CONTROLLED ACCESS - INTERSECTION (WITHIN)          ,T-INTERSECTION                                         ,"2-WAY, NOT DIVIDED                                     ",OTHER                                                  ,RIGHT TURN               ,TPD_TRAFFIC_INCIDENTS,\\central\data\Transportation\Traffic\Accident Data\2017\1709220007.pdf,,,,,
997069.020013123750687,440321.040026247501373,19178,1710020418  ,196906,2,2017-10-02T00:00:00.000Z,1354,MON,0,0,0,3104      ,3104-INJURY TRAFFIC ACCIDENT/BICYCLE                   ,997069.02,440321.04,PARK AV S                     ,INSIDE                                                 ,TUCSON              ,Approximately,100  ,Feet,S ,From,22ND ST E                     ,        ,E ,22ND                                    ,ST  ,S ,PARK                                    ,AV  ,DAYLIGHT                                               ,CLEAR                                                  ,                         ,NON-CONTROLLED ACCESS - DRIVEWAY                       ,FOUR-WAY INTERSECTION                                  ,"2-WAY, NOT DIVIDED WITH CONT LEFT TURN LANE            ",SINGLE VEHICLE                                         ,                         ,TPD_TRAFFIC_INCIDENTS,\\central\data\Transportation\Traffic\Accident Data\2017\1710020418.pdf,,,,,
1022171.93996062874794,438965.640091866254807,19211,1409240363  ,171127,2,2014-09-24T00:00:00.000Z,1704,WED,0,0,0,3104      ,3104-INJURY TRAFFIC ACCIDENT/BICYCLE                   ,1022171.94,438965.64,S CRAYCROFT RD                ,INSIDE                                                 ,TUCSON              ,Approximately,150  ,Feet,S ,From,E 26TH ST                     ,        ,E ,26TH                                    ,ST  ,S ,CRAYCROFT                               ,RD  ,DAYLIGHT                                               ,CLEAR                                                  ,                         ,NON-CONTROLLED ACCESS - DRIVEWAY                       ,INTER. AS PART OF INTERCHANGE                          ,"2-WAY, NOT DIVIDED                                     ",SINGLE VEHICLE                                         ,                         ,TPD_TRAFFIC_INCIDENTS,,,,,,
990122.419947504997253,461295.600065618753433,19213,1602280319  ,182169,2,2016-02-28T00:00:00.000Z,1805,SUN,0,0,0,3104      ,3104-INJURY TRAFFIC ACCIDENT/BICYCLE                   ,990122.42,461295.6,ORACLE RD N                   ,INSIDE                                                 ,TUCSON              ,N/A,     ,N/A,  ,At,FORT LOWELL RD W              ,        ,W ,FORT LOWELL                             ,RD  ,N ,ORACLE                                  ,RD  ,DUSK                                                   ,CLEAR                                                  ,                         ,NON-CONTROLLED ACCESS - INTERSECTION (WITHIN)          ,FOUR-WAY INTERSECTION                                  ,"2-WAY, DIVIDED, UNPROT (PAINTED > 4 FEET) MEDIAN       ",SINGLE VEHICLE                                         ,                         ,TPD_TRAFFIC_INCIDENTS,,,,,,
990122.419947504997253,461295.600065618753433,19216,1605160611  ,184076,2,2016-05-16T00:00:00.000Z,2140,MON,0,1,0,3114      ,3114-INJURY TRAF ACCIDENT/HIT & RUN/BICYCLE            ,990122.42,461295.6,FORT LOWELL RD W              ,INSIDE                                                 ,TUCSON              ,Approximately,UNK  ,Feet,E ,From,ORACLE RD N                   ,        ,W ,FORT LOWELL                             ,RD  ,N ,ORACLE                                  ,RD  ,DARK-LIGHTED                                           ,CLEAR                                                  ,                         ,NOT JUNCTION RELATED                                   ,,"2-WAY, NOT DIVIDED WITH CONT LEFT TURN LANE            ",SINGLE VEHICLE                                         ,                         ,TPD_TRAFFIC_INCIDENTS,\\central\data\Transportation\Traffic\Accident Data\2016\1605160611.pdf,,,,,
990122.419947504997253,461295.600065618753433,19224,1612220477  ,189771,2,2016-12-22T00:00:00.000Z,1832,THU,0,1,0,3214      ,3214-PROP DMG TRAF ACCIDENT/HIT & RUN/BICYCLE          ,990122.42,461295.6,FORT LOWELL RD W              ,INSIDE                                                 ,TUCSON              ,Approximately,700  ,Feet,E ,From,ORACLE RD N                   ,        ,W ,FORT LOWELL                             ,RD  ,N ,ORACLE                                  ,RD  ,DARK-NOT LIGHTED                                       ,CLEAR                                                  ,                         ,NOT JUNCTION RELATED                                   ,,"2-WAY, NOT DIVIDED WITH CONT LEFT TURN LANE            ",SINGLE VEHICLE                                         ,                         ,TPD_TRAFFIC_INCIDENTS,\\central\data\Transportation\Traffic\Accident Data\2016\1612220477.pdf,,,,,
997934.089895013719797,445594.0,19256,1710130509  ,197191,2,2017-10-13T00:00:00.000Z,1714,FRI,0,1,0,3114      ,3114-INJURY TRAF ACCIDENT/HIT & RUN/BICYCLE            ,997934.09,445594,BROADWAY BL E                 ,INSIDE                                                 ,TUCSON              ,Approximately,UNK  ,Feet,E ,From,SANTA RITA AV N               ,        ,E ,BROADWAY                                ,BL  ,N ,SANTA RITA                              ,AV  ,DAYLIGHT                                               ,CLEAR                                                  ,                         ,NOT JUNCTION RELATED                                   ,,"2-WAY, DIVIDED, UNPROT (PAINTED > 4 FEET) MEDIAN       ",SINGLE VEHICLE                                         ,                         ,TPD_TRAFFIC_INCIDENTS,\\central\data\Transportation\Traffic\Accident Data\2017\1710130509.pdf,,,,,
1027360.609908137470484,451127.87007874250412,19275,1508100250  ,177511,2,2015-08-10T00:00:00.000Z,1127,MON,0,0,0,3104      ,3104-INJURY TRAFFIC ACCIDENT/BICYCLE                   ,1027360.61,451127.87,SPEEDWAY BL E                 ,INSIDE                                                 ,TUCSON              ,N/A,     ,N/A,  ,At,WILMOT RD N                   ,        ,E ,SPEEDWAY                                ,BL  ,N ,WILMOT                                  ,RD  ,DAYLIGHT                                               ,CLEAR                                                  ,                         ,NON-CONTROLLED ACCESS - INTERSECTION (WITHIN)          ,FOUR-WAY INTERSECTION                                  ,"2-WAY, DIVIDED, UNPROT (PAINTED > 4 FEET) MEDIAN       ",SINGLE VEHICLE                                         ,                         ,TPD_TRAFFIC_INCIDENTS,,,,,,
1027360.609908137470484,451127.87007874250412,19281,1501230288  ,173616,2,2015-01-23T00:00:00.000Z,1427,FRI,0,0,0,3104      ,3104-INJURY TRAFFIC ACCIDENT/BICYCLE                   ,1027360.61,451127.87,E SPEEDWAY BL                 ,INSIDE                                                 ,TUCSON              ,Approximately,1000 ,Feet,W ,From,N WILMOT RD                   ,        ,E ,SPEEDWAY                                ,BL  ,N ,WILMOT                                  ,RD  ,DAYLIGHT                                               ,CLOUDY                                                 ,                         ,NOT JUNCTION RELATED                                   ,,"2-WAY, DIVIDED POSITIVE MEDIAN BARRIER                 ",ANGLE (FRONT TO SIDE) (OTHER THAN LEFT TURN)           ,                         ,TPD_TRAFFIC_INCIDENTS,,,,,,
996458.56003937125206,449343.029855646193027,19384,1803170535  ,201057,2,2018-03-17T01:23:54.000Z,2123,SAT,0,0,0,3104      ,3104-INJURY TRAFFIC ACCIDENT/BICYCLE                   ,996458.56,449343.03,UNIVERSITY BL E               ,INSIDE                                                 ,TUCSON              ,Approximately,30   ,Feet,W ,From,TYNDALL AV N                  ,        ,N ,TYNDALL                                 ,AV  ,E ,UNIVERSITY                              ,BL  ,DARK-LIGHTED                                           ,CLEAR                                                  ,                         ,NOT JUNCTION RELATED                                   ,,"2-WAY, DIVIDED POSITIVE MEDIAN BARRIER                 ",OTHER                                                  ,PEDALCYCLIST             ,TPD_TRAFFIC_INCIDENTS,\\central\data\Transportation\Traffic\Accident Data\2018\1803170535.pdf,,,,,
996458.56003937125206,449343.029855646193027,19386,1510110249  ,178880,2,2015-10-11T00:00:00.000Z,1121,SUN,0,1,0,3114      ,3114-INJURY TRAF ACCIDENT/HIT & RUN/BICYCLE            ,996458.56,449343.03,E UNIVERSITY BL               ,INSIDE                                                 ,TUCSON              ,Approximately,150  ,Feet,W ,From,N TYNDALL AV                  ,        ,N ,TYNDALL                                 ,AV  ,E ,UNIVERSITY                              ,BL  ,DAYLIGHT                                               ,CLEAR                                                  ,                         ,NOT JUNCTION RELATED                                   ,,"2-WAY, NOT DIVIDED WITH CONT LEFT TURN LANE            ",SINGLE VEHICLE                                         ,                         ,TPD_TRAFFIC_INCIDENTS,,,,,,
998147.720144357532263,450915.700131230056286,19392,1512190347  ,180530,2,2015-12-19T00:00:00.000Z,1852,SAT,0,0,1,3402      ,3402-OTHER VEHICLE ACCIDENTS/BICYCLE ACCIDENTS         ,998147.72,450915.7,MOUNTAIN AV N                 ,INSIDE                                                 ,TUCSON              ,N/A,     ,N/A,  ,At,SPEEDWAY BL E                 ,        ,N ,MOUNTAIN                                ,AV  ,E ,SPEEDWAY                                ,BL  ,DARK-LIGHTED                                           ,CLEAR                                                  ,                         ,CONTROLLED ACCESS - INTERSECTION (WITHIN)              ,FOUR-WAY INTERSECTION                                  ,"2-WAY, DIVIDED POSITIVE MEDIAN BARRIER                 ",LEFT TURN                                              ,                         ,TPD_TRAFFIC_INCIDENTS,,,,,,