X,Y,OBJECTID,acci_id,tamainid,numunits,AccidentDate,AccidentTime,DayOfWeek,WasFatal,WasHitAndRun,TransImmedMedCare,UCRCode,UCRDescription,CoordX,CoordY,Location,Inside_Outside,City,Accuracy,Distance,Units,Direction,From_At,IntersectingStreet,AddrNumber,AddrDirection,AddrStreetName,AddrStreetNameSuffix,CrossStreetDirection,CrossStreetName,CrossStreetSuffix,LightConditionDescription,WeatherDescription,WeatherOther,RelationDescription,IntersectionTypeDescription,RoadConfigurationDescription,MannerOfCrashDescription,MannerOfCrashOther,DATASOURCE,URL,F7Days,F28Days,COMPSTAT_28D,WEEKLY_7D,AccidentDateTime
998147.720144357532263,450915.700131230056286,19395,1510100387  ,178862,2,2015-10-10T00:00:00.000Z,1808,SAT,0,0,0,3104      ,3104-INJURY TRAFFIC ACCIDENT/BICYCLE                   ,998147.72,450915.7,SPEEDWAY BL E                 ,INSIDE                                                 ,TUCSON              ,N/A,     ,N/A,  ,At,MOUNTAIN AV N                 ,        ,N ,MOUNTAIN                                ,AV  ,E ,SPEEDWAY                                ,BL  ,DUSK                                                   ,CLEAR                                                  ,                         ,NON-CONTROLLED ACCESS - INTERSECTION-RELATED           ,FOUR-WAY INTERSECTION                                  ,"2-WAY, DIVIDED, UNPROT (PAINTED > 4 FEET) MEDIAN       ",SINGLE VEHICLE                                         ,                         ,TPD_TRAFFIC_INCIDENTS,,,,,,
998147.720144357532263,450915.700131230056286,19396,1505070012  ,175721,2,2015-05-07T00:00:00.000Z,1123,THU,0,0,0,3104      ,3104-INJURY TRAFFIC ACCIDENT/BICYCLE                   ,998147.72,450915.7,SPEEDWAY                      ,OUTSIDE                                                ,TUCSON              ,N/A,     ,N/A,  ,At,MOUNTAIN                      ,        ,N ,MOUNTAIN                                ,AV  ,E ,SPEEDWAY                                ,BL  ,DAYLIGHT                                               ,CLEAR                                                  ,                         ,NON-CONTROLLED ACCESS - INTERSECTION-RELATED           ,FOUR-WAY INTERSECTION                                  ,ONE WAY TRAFFICWAY                                     ,"SIDESWIPE, SAME DIRECTION                              ",                         ,TPD_TRAFFIC_INCIDENTS,,,,,,
1031692.68996062874794,432566.470144353806973,19423,1604120162  ,183189,2,2016-04-12T00:00:00.000Z,0932,TUE,0,0,1,3104      ,3104-INJURY TRAFFIC ACCIDENT/BICYCLE                   ,1031692.69,432566.47,JESSICA AV S                  ,INSIDE                                                 ,TUCSON              ,Approximately,5    ,Feet,S ,From,STELLA RD E                   ,        ,S ,JESSICA                                 ,AV  ,E ,STELLA                                  ,RD  ,DAYLIGHT                                               ,CLOUDY                                                 ,                         ,NON-CONTROLLED ACCESS - INTERSECTION-RELATED           ,T-INTERSECTION                                         ,"2-WAY, NOT DIVIDED                                     ",SINGLE VEHICLE                                         ,                         ,TPD_TRAFFIC_INCIDENTS,,,,,,
990548.970144357532263,429686.93996062874794,19452,1711070382  ,197833,2,2017-11-07T00:00:00.000Z,1537,TUE,0,0,0,3104      ,3104-INJURY TRAFFIC ACCIDENT/BICYCLE                   ,990548.97,429686.94,S 12TH AV                     ,INSIDE                                                 ,TUCSON              ,Approximately,UNK  ,Feet,N ,From,W AJO WY                      ,        ,S ,12TH                                    ,AV  ,W ,AJO                                     ,WY  ,DAYLIGHT                                               ,CLEAR                                                  ,                         ,NON-CONTROLLED ACCESS - DRIVEWAY                       ,FOUR-WAY INTERSECTION                                  ,"2-WAY, NOT DIVIDED WITH CONT LEFT TURN LANE            ",SINGLE VEHICLE                                         ,                         ,TPD_TRAFFIC_INCIDENTS,\\central\data\Transportation\Traffic\Accident Data\2017\1711070382.pdf,,,,,
990548.970144357532263,429686.93996062874794,19465,1803230413  ,201149,2,2018-03-23T00:00:00.000Z,1533,FRI,0,0,0,3104      ,3104-INJURY TRAFFIC ACCIDENT/BICYCLE                   ,990548.97,429686.94,12TH AV S                     ,INSIDE                                                 ,TUCSON              ,Approximately,80   ,Feet,N ,From,AJO WY W                      ,        ,S ,12TH                                    ,AV  ,W ,AJO                                     ,WY  ,DAYLIGHT                                               ,CLEAR                                                  ,                         ,NON-CONTROLLED ACCESS - DRIVEWAY                       ,FOUR-WAY INTERSECTION                                  ,"2-WAY, NOT DIVIDED WITH CONT LEFT TURN LANE            ",ANGLE (FRONT TO SIDE) (OTHER THAN LEFT TURN)           ,                         ,TPD_TRAFFIC_INCIDENTS,\\central\data\Transportation\Traffic\Accident Data\2018\1803230413.pdf,,,,,
990548.970144357532263,429686.93996062874794,19475,1505110330  ,175810,2,2015-05-11T00:00:00.000Z,1430,MON,0,0,0,3104      ,3104-INJURY TRAFFIC ACCIDENT/BICYCLE                   ,990548.97,429686.94,S 12TH AV                     ,INSIDE                                                 ,TUCSON              ,Approximately,500  ,Feet,N ,From,W AJO WY                      ,        ,S ,12TH                                    ,AV  ,W ,AJO                                     ,WY  ,DAYLIGHT                                               ,CLOUDY                                                 ,                         ,NON-CONTROLLED ACCESS - DRIVEWAY                       ,FOUR-WAY INTERSECTION                                  ,"2-WAY, NOT DIVIDED WITH CONT LEFT TURN LANE            ",SINGLE VEHICLE                                         ,                         ,TPD_TRAFFIC_INCIDENTS,,,,,,
1022179.75,435245.790026247501373,19529,1808170040  ,204189,2,2018-08-17T00:00:00.000Z,0109,FRI,0,1,0,3114      ,3114-INJURY TRAF ACCIDENT/HIT & RUN/BICYCLE            ,1022179.75,435245.79,CRAYCROFT RD S                ,,TUCSON              ,Approximately,500  ,Feet,E ,From,GOLF LINKS RD E               ,        ,S ,CRAYCROFT                               ,RD  ,E ,GOLF LINKS                              ,RD  ,DARK-UNKNOWN LIGHTING                                  ,CLEAR                                                  ,                         ,NOT JUNCTION RELATED                                   ,,"2-WAY, DIVIDED, UNPROT (PAINTED > 4 FEET) MEDIAN       ",OTHER                                                  ,PEDALCYCLE               ,TPD_TRAFFIC_INCIDENTS,\\central\data\Transportation\Traffic\Accident Data\2018\1808170040.pdf,,,,,
996007.029855642467737,446478.080052495002747,19596,1409300211  ,171226,2,2014-09-30T00:00:00.000Z,1045,TUE,0,0,1,3104      ,3104-INJURY TRAFFIC ACCIDENT/BICYCLE                   ,996007.03,446478.08,N EUCLID AV                   ,,TUCSON              ,N/A,     ,N/A,  ,At,E 9TH ST                      ,        ,E ,9TH                                     ,ST  ,N ,EUCLID                                  ,AV  ,DAYLIGHT                                               ,CLEAR                                                  ,                         ,CONTROLLED ACCESS - INTERSECTION (WITHIN)              ,FOUR-WAY INTERSECTION                                  ,"2-WAY, NOT DIVIDED WITH CONT LEFT TURN LANE            ",ANGLE (FRONT TO SIDE) (OTHER THAN LEFT TURN)           ,                         ,TPD_TRAFFIC_INCIDENTS,,,,,,
990262.93996062874794,424375.75,19651,1403230356  ,168058,2,2014-03-23T00:00:00.000Z,1721,SUN,0,0,1,3104      ,3104-INJURY TRAFFIC ACCIDENT/BICYCLE                   ,990262.94,424375.75,W IRVINGTON RD                ,INSIDE                                                 ,TUCSON              ,N/A,     ,N/A,  ,At,S 13TH AV                     ,        ,S ,13TH                                    ,AV  ,W ,IRVINGTON                               ,RD  ,DAYLIGHT                                               ,CLEAR                                                  ,                         ,NON-CONTROLLED ACCESS - INTERSECTION (WITHIN)          ,UNKNOWN                                                ,"2-WAY, NOT DIVIDED                                     ","SIDESWIPE, SAME DIRECTION                              ",                         ,TPD_TRAFFIC_INCIDENTS,,,,,,
988794.68996062874794,445228.979986876249313,19706,1703130459  ,191892,2,2017-03-13T00:00:00.000Z,1719,MON,0,0,0,3104      ,3104-INJURY TRAFFIC ACCIDENT/BICYCLE                   ,988794.69,445228.98,CONGRESS ST W                 ,INSIDE                                                 ,TUCSON              ,Approximately,200  ,Feet,E ,From,BONITA AV N                   ,        ,N ,BONITA                                  ,AV  ,W ,CONGRESS                                ,ST  ,DAYLIGHT                                               ,CLEAR                                                  ,                         ,NOT JUNCTION RELATED                                   ,,"2-WAY, NOT DIVIDED WITH CONT LEFT TURN LANE            ",SINGLE VEHICLE                                         ,                         ,TPD_TRAFFIC_INCIDENTS,\\central\data\Transportation\Traffic\Accident Data\2017\1703130459.pdf,,,,,
996594.5,440312.43996062874794,19714,1810270415  ,205852,2,2018-10-27T00:00:00.000Z,1725,SAT,1,0,0,3004      ,3004-FATAL TRAFFIC ACCIDENT/BICYCLE                    ,996594.5,440312.44,22ND ST E                     ,,TUCSON              ,Approximately,UNK  ,Feet,E ,From,TYNDALL AV S                  ,        ,E ,22ND                                    ,ST  ,S ,TYNDALL                                 ,AV  ,DAYLIGHT                                               ,CLEAR                                                  ,                         ,NOT JUNCTION RELATED                                   ,,"2-WAY, NOT DIVIDED WITH CONT LEFT TURN LANE            ",OTHER                                                  ,PEDALCYCLE               ,TPD_TRAFFIC_INCIDENTS,\\central\data\Transportation\Traffic\Accident Data\2018\1810270415.pdf,,,,,
984902.56003937125206,459992.950131230056286,19733,1702130230  ,191108,2,2017-02-13T00:00:00.000Z,1114,MON,1,0,1,3004      ,3004-FATAL TRAFFIC ACCIDENT/BICYCLE                    ,984902.56,459992.95,MIRACLE MILE W                ,INSIDE                                                 ,TUCSON              ,N/A,     ,N/A,  ,At,FLOWING WELLS RD N            ,        ,N ,FLOWING WELLS                           ,RD  ,W ,MIRACLE MILE                            ,    ,DAYLIGHT                                               ,CLOUDY                                                 ,                         ,NON-CONTROLLED ACCESS - INTERSECTION (WITHIN)          ,FOUR-WAY INTERSECTION                                  ,"2-WAY, DIVIDED, UNPROT (PAINTED > 4 FEET) MEDIAN       ",SINGLE VEHICLE                                         ,                         ,TPD_TRAFFIC_INCIDENTS,\\central\data\Transportation\Traffic\Accident Data\2017\1702130230.pdf,,,,,
1021924.470144357532263,451210.12007874250412,19796,1603030012  ,182257,2,2016-03-03T00:00:00.000Z,0015,THU,0,1,0,3114      ,3114-INJURY TRAF ACCIDENT/HIT & RUN/BICYCLE            ,1021924.47,451210.12,SPEEDWAY BL E                 ,INSIDE                                                 ,TUCSON              ,N/A,     ,N/A,  ,At,CRAYCROFT RD N                ,        ,N ,CRAYCROFT                               ,RD  ,E ,SPEEDWAY                                ,BL  ,DARK-LIGHTED                                           ,CLEAR                                                  ,                         ,NON-CONTROLLED ACCESS - INTERSECTION (WITHIN)          ,FOUR-WAY INTERSECTION                                  ,"2-WAY, DIVIDED, UNPROT (PAINTED > 4 FEET) MEDIAN       ",SINGLE VEHICLE                                         ,                         ,TPD_TRAFFIC_INCIDENTS,,,,,,
1021924.470144357532263,451210.12007874250412,19799,1512310420  ,180747,2,2015-12-31T00:00:00.000Z,1628,THU,0,0,0,3104      ,3104-INJURY TRAFFIC ACCIDENT/BICYCLE                   ,1021924.47,451210.12,CRAYCROFT RD N                ,INSIDE                                                 ,TUCSON              ,N/A,     ,N/A,  ,At,SPEEDWAY BL E                 ,        ,N ,CRAYCROFT                               ,RD  ,E ,SPEEDWAY                                ,BL  ,DAYLIGHT                                               ,CLEAR                                                  ,                         ,NON-CONTROLLED ACCESS - INTERSECTION (WITHIN)          ,FOUR-WAY INTERSECTION                                  ,"2-WAY, DIVIDED, UNPROT (PAINTED > 4 FEET) MEDIAN       ",SINGLE VEHICLE                                         ,                         ,TPD_TRAFFIC_INCIDENTS,,,,,,
1021924.470144357532263,451210.12007874250412,19803,1501210618  ,173582,2,2015-01-21T00:00:00.000Z,2223,WED,0,1,0,3114      ,3114-INJURY TRAF ACCIDENT/HIT & RUN/BICYCLE            ,1021924.47,451210.12,SPEEDWAY BL E                 ,INSIDE                                                 ,TUCSON              ,Approximately,200  ,Feet,W ,From,CRAYCROFT RD N                ,        ,N ,CRAYCROFT                               ,RD  ,E ,SPEEDWAY                                ,BL  ,DARK-LIGHTED                                           ,CLOUDY                                                 ,                         ,NOT JUNCTION RELATED                                   ,,"2-WAY, DIVIDED, UNPROT (PAINTED > 4 FEET) MEDIAN       ","SIDESWIPE, SAME DIRECTION                              ",                         ,TPD_TRAFFIC_INCIDENTS,,,,,,
1021924.470144357532263,451210.12007874250412,19842,1712160204  ,198844,2,2017-12-16T00:00:00.000Z,1104,SAT,0,0,1,3104      ,3104-INJURY TRAFFIC ACCIDENT/BICYCLE                   ,1021924.47,451210.12,SPEEDWAY BL                   ,INSIDE                                                 ,TUCSON              ,N/A,     ,N/A,  ,At,CRAYCROFT RD                  ,        ,N ,CRAYCROFT                               ,RD  ,E ,SPEEDWAY                                ,BL  ,DAYLIGHT                                               ,CLEAR                                                  ,                         ,NON-CONTROLLED ACCESS - INTERSECTION (WITHIN)          ,FOUR-WAY INTERSECTION                                  ,"2-WAY, DIVIDED, UNPROT (PAINTED > 4 FEET) MEDIAN       ",OTHER                                                  ,PEDALCYCLE               ,TPD_TRAFFIC_INCIDENTS,\\central\data\Transportation\Traffic\Accident Data\2017\1712160204.pdf,,,,,
983771.290026247501373,448189.25,19897,1612310059  ,189933,2,2016-12-31T00:00:00.000Z,0140,SAT,0,1,0,3114      ,3114-INJURY TRAF ACCIDENT/HIT & RUN/BICYCLE            ,983771.29,448189.25,SAINT MARYS RD W              ,INSIDE                                                 ,TUCSON              ,Measured,10   ,Feet,E ,From,SILVERBELL RD N               ,        ,W ,SAINT MARYS                             ,RD  ,N ,SILVERBELL                              ,RD  ,DARK-LIGHTED                                           ,RAIN                                                   ,                         ,NON-CONTROLLED ACCESS - DRIVEWAY                       ,FOUR-WAY INTERSECTION                                  ,"2-WAY, NOT DIVIDED WITH CONT LEFT TURN LANE            ",SINGLE VEHICLE                                         ,                         ,TPD_TRAFFIC_INCIDENTS,\\central\data\Transportation\Traffic\Accident Data\2016\1612310059.pdf,,,,,
983771.290026247501373,448189.25,19913,1510200110  ,179103,2,2015-10-20T00:00:00.000Z,0820,TUE,0,0,0,3104      ,3104-INJURY TRAFFIC ACCIDENT/BICYCLE                   ,983771.29,448189.25,SAINT MARYS RD W              ,INSIDE                                                 ,TUCSON              ,Approximately,100  ,Feet,E ,From,SILVERBELL RD N               ,        ,W ,SAINT MARYS                             ,RD  ,N ,SILVERBELL                              ,RD  ,DAYLIGHT                                               ,CLOUDY                                                 ,                         ,NOT JUNCTION RELATED                                   ,,"2-WAY, NOT DIVIDED WITH CONT LEFT TURN LANE            ",SINGLE VEHICLE                                         ,                         ,TPD_TRAFFIC_INCIDENTS,,,,,,
1006020.87007873877883,454949.799868769943714,19970,1403090083  ,167793,2,2014-03-09T00:00:00.000Z,0300,SUN,0,1,0,3114      ,3114-INJURY TRAF ACCIDENT/HIT & RUN/BICYCLE            ,1006020.87,454949.8,N COUNTRY CLUB RD             ,INSIDE                                                 ,TUCSON              ,Approximately,20   ,Feet,S ,From,E SENECA ST                   ,        ,N ,COUNTRY CLUB                            ,RD  ,E ,SENECA                                  ,ST  ,DARK-NOT LIGHTED                                       ,CLEAR                                                  ,                         ,CONTROLLED ACCESS - INTERSECTION (WITHIN)              ,FOUR-WAY INTERSECTION                                  ,"2-WAY, NOT DIVIDED                                     ",REAR END (FRONT TO REAR)                               ,                         ,TPD_TRAFFIC_INCIDENTS,,,,,,
995363.640091862529516,464017.729986876249313,20000,1609030684  ,186756,2,2016-09-03T00:00:00.000Z,2311,SAT,0,0,0,3104      ,3104-INJURY TRAFFIC ACCIDENT/BICYCLE                   ,995363.64,464017.73,N 1ST AV                      ,INSIDE                                                 ,TUCSON              ,N/A,     ,N/A,  ,At,E PRINCE RD                   ,        ,N ,1ST                                     ,AV  ,E ,PRINCE                                  ,RD  ,DARK-LIGHTED                                           ,CLEAR                                                  ,                         ,NON-CONTROLLED ACCESS - INTERSECTION (WITHIN)          ,FOUR-WAY INTERSECTION                                  ,"2-WAY, NOT DIVIDED WITH CONT LEFT TURN LANE            ",SINGLE VEHICLE                                         ,                         ,TPD_TRAFFIC_INCIDENTS,\\central\data\Transportation\Traffic\Accident Data\2016\1609030684.pdf,,,,,
995363.640091862529516,464017.729986876249313,20002,1612120324  ,189478,2,2016-12-12T00:00:00.000Z,1334,MON,0,0,0,3104      ,3104-INJURY TRAFFIC ACCIDENT/BICYCLE                   ,995363.64,464017.73,PRINCE RD E                   ,INSIDE                                                 ,TUCSON              ,Approximately,30   ,Feet,E ,From,1ST AV N                      ,        ,N ,1ST                                     ,AV  ,E ,PRINCE                                  ,RD  ,DAYLIGHT                                               ,CLEAR                                                  ,                         ,NON-CONTROLLED ACCESS - DRIVEWAY                       ,FOUR-WAY INTERSECTION                                  ,"2-WAY, NOT DIVIDED WITH CONT LEFT TURN LANE            ",ANGLE (FRONT TO SIDE) (OTHER THAN LEFT TURN)           ,                         ,TPD_TRAFFIC_INCIDENTS,\\central\data\Transportation\Traffic\Accident Data\2016\1612120324.pdf,,,,,
1032738.890091862529516,437493.089895009994507,20053,1608190539  ,186360,2,2016-08-19T00:00:00.000Z,2058,FRI,0,0,0,3204      ,3204-PROP DMG TRAF ACCIDENT/BICYCLE                    ,1032738.89,437493.09,CALLE MARTE E                 ,INSIDE                                                 ,TUCSON              ,N/A,     ,N/A,  ,At,KOLB RD S                     ,        ,E ,CALLE MARTE                             ,    ,S ,KOLB                                    ,RD  ,DARK-LIGHTED                                           ,UNKNOWN                                                ,                         ,NON-CONTROLLED ACCESS - INTERSECTION (WITHIN)          ,T-INTERSECTION                                         ,"2-WAY, NOT DIVIDED                                     ",SINGLE VEHICLE                                         ,                         ,TPD_TRAFFIC_INCIDENTS,\\central\data\Transportation\Traffic\Accident Data\2016\1608190539.pdf,,,,,
991942.169947504997253,463962.299868769943714,20080,1710130667  ,197199,2,2017-10-13T00:00:00.000Z,2313,FRI,0,1,1,3114      ,3114-INJURY TRAF ACCIDENT/HIT & RUN/BICYCLE            ,991942.17,463962.3,W PRINCE RD                   ,INSIDE                                                 ,TUCSON              ,N/A,     ,N/A,  ,At,N STONE AV                    ,        ,E ,PRINCE                                  ,RD  ,N ,STONE                                   ,AV  ,DARK-LIGHTED                                           ,CLEAR                                                  ,                         ,NON-CONTROLLED ACCESS - INTERSECTION (WITHIN)          ,FOUR-WAY INTERSECTION                                  ,"2-WAY, NOT DIVIDED WITH CONT LEFT TURN LANE            ",SINGLE VEHICLE                                         ,                         ,TPD_TRAFFIC_INCIDENTS,\\central\data\Transportation\Traffic\Accident Data\2017\1710130667.pdf,,,,,
988801.470144357532263,459941.529855646193027,20098,1403040414  ,167699,2,2014-03-04T00:00:00.000Z,1813,TUE,0,0,1,3104      ,3104-INJURY TRAFFIC ACCIDENT/BICYCLE                   ,988801.47,459941.53,W MIRACLE MILE                ,INSIDE                                                 ,TUCSON              ,Approximately,75   ,Feet,E ,From,N 15TH AV                     ,        ,N ,15TH                                    ,AV  ,W ,MIRACLE MILE                            ,    ,DUSK                                                   ,CLEAR                                                  ,                         ,NOT JUNCTION RELATED                                   ,,"2-WAY, DIVIDED POSITIVE MEDIAN BARRIER                 ",REAR END (FRONT TO REAR)                               ,                         ,TPD_TRAFFIC_INCIDENTS,,,,,,
998606.25,447939.62007874250412,20131,1706130007  ,194285,2,2017-06-13T13:51:05.000Z,1225,TUE,0,0,0,3104      ,3104-INJURY TRAFFIC ACCIDENT/BICYCLE                   ,998606.25,447939.62,N HIGHLAND AV                 ,INSIDE                                                 ,TUCSON              ,Approximately,75   ,Feet,N ,From,E 6TH ST                      ,        ,E ,6TH                                     ,ST  ,N ,HIGHLAND                                ,AV  ,DAYLIGHT                                               ,CLEAR                                                  ,                         ,NON-CONTROLLED ACCESS - ALLEY-ACCESS-RELATED           ,T-INTERSECTION                                         ,"2-WAY, NOT DIVIDED                                     ","SIDESWIPE, SAME DIRECTION                              ",                         ,TPD_TRAFFIC_INCIDENTS,\\central\data\Transportation\Traffic\Accident Data\2017\1706130007.pdf,,,,,
998606.25,447939.62007874250412,20137,1403040047  ,167681,2,2014-03-04T00:00:00.000Z,0118,TUE,0,1,0,3114      ,3114-INJURY TRAF ACCIDENT/HIT & RUN/BICYCLE            ,998606.25,447939.62,E 6TH ST                      ,INSIDE                                                 ,TUCSON              ,N/A,     ,N/A,  ,At,N HIGHLAND AV                 ,        ,E ,6TH                                     ,ST  ,N ,HIGHLAND                                ,AV  ,DARK-LIGHTED                                           ,CLEAR                                                  ,                         ,NON-CONTROLLED ACCESS - INTERSECTION-RELATED           ,FOUR-WAY INTERSECTION                                  ,"2-WAY, NOT DIVIDED                                     ",LEFT TURN                                              ,                         ,TPD_TRAFFIC_INCIDENTS,,,,,,
995934.31003937125206,452206.31003937125206,20213,1510060164  ,178744,2,2015-10-06T00:00:00.000Z,0928,TUE,0,0,0,3104      ,3104-INJURY TRAFFIC ACCIDENT/BICYCLE                   ,995934.31,452206.31,N EUCLID AV                   ,INSIDE                                                 ,TUCSON              ,N/A,     ,N/A,  ,At,E DRACHMAN ST                 ,        ,E ,DRACHMAN                                ,ST  ,N ,EUCLID                                  ,AV  ,DAYLIGHT                                               ,CLOUDY                                                 ,                         ,NON-CONTROLLED ACCESS - INTERSECTION (WITHIN)          ,FOUR-WAY INTERSECTION                                  ,"2-WAY, NOT DIVIDED WITH CONT LEFT TURN LANE            ",SINGLE VEHICLE                                         ,                         ,TPD_TRAFFIC_INCIDENTS,,,,,,
989057.31988188996911,448426.200131230056286,20227,1802060365  ,200045,2,2018-02-06T00:00:00.000Z,1427,TUE,0,1,0,3214      ,3214-PROP DMG TRAF ACCIDENT/HIT & RUN/BICYCLE          ,989057.32,448426.2,SAINT MARYS RD                ,INSIDE                                                 ,TUCSON              ,Approximately,UNK  ,Feet,S ,From,FREEWAY                       ,        ,N ,FREEWAY                                 ,    ,W ,SAINT MARYS                             ,RD  ,DAYLIGHT                                               ,CLEAR                                                  ,                         ,NON-CONTROLLED ACCESS - INTERSECTION-RELATED           ,FOUR-WAY INTERSECTION                                  ,"2-WAY, DIVIDED, UNPROT (PAINTED > 4 FEET) MEDIAN       ",OTHER                                                  ,PEDALCYCLE               ,TPD_TRAFFIC_INCIDENTS,\\central\data\Transportation\Traffic\Accident Data\2018\1802060365.pdf,,,,,
998630.410104986280203,445612.419947504997253,20253,1510110168  ,178877,2,2015-10-11T00:00:00.000Z,0648,SUN,0,0,0,3104      ,3104-INJURY TRAFFIC ACCIDENT/BICYCLE                   ,998630.41,445612.42,BROADWAY BL E                 ,INSIDE                                                 ,TUCSON              ,N/A,     ,N/A,  ,At,HIGHLAND AV N                 ,        ,E ,BROADWAY                                ,BL  ,N ,HIGHLAND                                ,AV  ,DAYLIGHT                                               ,CLEAR                                                  ,                         ,NON-CONTROLLED ACCESS - INTERSECTION (WITHIN)          ,FOUR-WAY INTERSECTION                                  ,"2-WAY, NOT DIVIDED WITH CONT LEFT TURN LANE            ",SINGLE VEHICLE                                         ,                         ,TPD_TRAFFIC_INCIDENTS,,,,,,
1043220.270013123750687,445875.68011811375618,20274,1704220422  ,193023,2,2017-04-22T00:00:00.000Z,1730,SAT,0,0,0,3104      ,3104-INJURY TRAFFIC ACCIDENT/BICYCLE                   ,1043220.27,445875.68,BROADWAY BL E                 ,INSIDE                                                 ,TUCSON              ,Approximately,50   ,Feet,E ,From,CAMINO SECO N                 ,        ,E ,BROADWAY                                ,BL  ,N ,CAMINO SECO                             ,    ,DAYLIGHT                                               ,CLEAR                                                  ,                         ,NON-CONTROLLED ACCESS - DRIVEWAY                       ,FOUR-WAY INTERSECTION                                  ,"2-WAY, NOT DIVIDED                                     ",ANGLE (FRONT TO SIDE) (OTHER THAN LEFT TURN)           ,                         ,TPD_TRAFFIC_INCIDENTS,\\central\data\Transportation\Traffic\Accident Data\2017\1704220422.pdf,,,,,
987504.359908137470484,459937.25,20313,1708270567  ,196015,2,2017-08-27T00:00:00.000Z,2110,SUN,0,1,1,3114      ,3114-INJURY TRAF ACCIDENT/HIT & RUN/BICYCLE            ,987504.36,459937.25,FAIRVIEW AV N                 ,INSIDE                                                 ,TUCSON              ,Approximately,200  ,Feet,N ,From,MIRACLE MILE W                ,        ,N ,FAIRVIEW                                ,AV  ,W ,MIRACLE MILE                            ,    ,DARK-NOT LIGHTED                                       ,CLEAR                                                  ,                         ,NOT JUNCTION RELATED                                   ,,"2-WAY, NOT DIVIDED                                     ",SINGLE VEHICLE                                         ,                         ,TPD_TRAFFIC_INCIDENTS,\\central\data\Transportation\Traffic\Accident Data\2017\1708270567.pdf,,,,,
987504.359908137470484,459937.25,20316,1709120426  ,196402,2,2017-09-12T00:00:00.000Z,1654,TUE,0,0,0,3104      ,3104-INJURY TRAFFIC ACCIDENT/BICYCLE                   ,987504.36,459937.25,W MIRACLE MILE                ,INSIDE                                                 ,TUCSON              ,Approximately,500  ,Feet,W ,From,N FAIRVIEW AV                 ,        ,N ,FAIRVIEW                                ,AV  ,W ,MIRACLE MILE                            ,    ,DAYLIGHT                                               ,CLEAR                                                  ,                         ,NOT JUNCTION RELATED                                   ,,"2-WAY, DIVIDED, UNPROT (PAINTED > 4 FEET) MEDIAN       ",SINGLE VEHICLE                                         ,                         ,TPD_TRAFFIC_INCIDENTS,\\central\data\Transportation\Traffic\Accident Data\2017\1709120426.pdf,,,,,
998125.25,451408.62007874250412,20332,1602030367  ,181588,2,2016-02-03T00:00:00.000Z,1613,WED,0,0,0,3104      ,3104-INJURY TRAFFIC ACCIDENT/BICYCLE                   ,998125.25,451408.62,HELEN ST E                    ,INSIDE                                                 ,TUCSON              ,N/A,     ,N/A,  ,At,MOUNTAIN AV N                 ,        ,E ,HELEN                                   ,ST  ,N ,MOUNTAIN                                ,AV  ,DAYLIGHT                                               ,CLEAR                                                  ,                         ,NON-CONTROLLED ACCESS - INTERSECTION (WITHIN)          ,FOUR-WAY INTERSECTION                                  ,"2-WAY, NOT DIVIDED                                     ",SINGLE VEHICLE                                         ,                         ,TPD_TRAFFIC_INCIDENTS,,,,,,
1015506.81003937125206,440523.12992125749588,20370,1512100401  ,180273,2,2015-12-10T00:00:00.000Z,1704,THU,0,0,1,3104      ,3104-INJURY TRAFFIC ACCIDENT/BICYCLE                   ,1015506.81,440523.13,E 22ND ST                     ,INSIDE                                                 ,TUCSON              ,N/A,     ,N/A,  ,At,S BELVEDERE AV                ,        ,E ,22ND                                    ,ST  ,S ,BELVEDERE                               ,AV  ,DAYLIGHT                                               ,CLEAR                                                  ,                         ,NON-CONTROLLED ACCESS - INTERSECTION (WITHIN)          ,T-INTERSECTION                                         ,"2-WAY, DIVIDED, UNPROT (PAINTED > 4 FEET) MEDIAN       ",SINGLE VEHICLE                                         ,                         ,TPD_TRAFFIC_INCIDENTS,,,,,,
1015506.81003937125206,440523.12992125749588,20373,1504290290  ,175554,2,2015-04-29T00:00:00.000Z,1303,WED,0,0,1,3104      ,3104-INJURY TRAFFIC ACCIDENT/BICYCLE                   ,1015506.81,440523.13,S BELVEDERE AV                ,INSIDE                                                 ,TUCSON              ,N/A,     ,N/A,  ,At,E 22ND ST                     ,        ,E ,22ND                                    ,ST  ,S ,BELVEDERE                               ,AV  ,DAYLIGHT                                               ,CLEAR                                                  ,                         ,NON-CONTROLLED ACCESS - INTERSECTION (WITHIN)          ,FOUR-WAY INTERSECTION                                  ,"2-WAY, DIVIDED POSITIVE MEDIAN BARRIER                 ",SINGLE VEHICLE                                         ,                         ,TPD_TRAFFIC_INCIDENTS,,,,,,