X,Y,OBJECTID,acci_id,tamainid,numunits,AccidentDate,AccidentTime,DayOfWeek,WasFatal,WasHitAndRun,TransImmedMedCare,UCRCode,UCRDescription,CoordX,CoordY,Location,Inside_Outside,City,Accuracy,Distance,Units,Direction,From_At,IntersectingStreet,AddrNumber,AddrDirection,AddrStreetName,AddrStreetNameSuffix,CrossStreetDirection,CrossStreetName,CrossStreetSuffix,LightConditionDescription,WeatherDescription,WeatherOther,RelationDescription,IntersectionTypeDescription,RoadConfigurationDescription,MannerOfCrashDescription,MannerOfCrashOther,DATASOURCE,URL,F7Days,F28Days,COMPSTAT_28D,WEEKLY_7D,AccidentDateTime
992020.299868766218424,445695.740157477557659,20415,1602080224  ,181715,2,2016-02-08T00:00:00.000Z,1232,MON,0,0,0,3104      ,3104-INJURY TRAFFIC ACCIDENT/BICYCLE                   ,992020.3,445695.74,CHURCH AV N                   ,INSIDE                                                 ,TUCSON              ,Approximately,70   ,Feet,N ,From,CONGRESS ST W                 ,        ,N ,CHURCH                                  ,AV  ,W ,CONGRESS                                ,ST  ,DAYLIGHT                                               ,CLEAR                                                  ,                         ,NOT JUNCTION RELATED                                   ,,"2-WAY, DIVIDED, UNPROT (PAINTED > 4 FEET) MEDIAN       ",SINGLE VEHICLE                                         ,                         ,TPD_TRAFFIC_INCIDENTS,,,,,,
994061.25,456115.910104990005493,20441,1508190350  ,177702,2,2015-08-19T00:00:00.000Z,1529,WED,0,0,0,3104      ,3104-INJURY TRAFFIC ACCIDENT/BICYCLE                   ,994061.25,456115.91,4TH AV N                      ,INSIDE                                                 ,TUCSON              ,N/A,     ,N/A,  ,At,GRANT RD E                    ,        ,N ,4TH                                     ,AV  ,E ,GRANT                                   ,RD  ,DAYLIGHT                                               ,CLEAR                                                  ,                         ,NON-CONTROLLED ACCESS - INTERSECTION (WITHIN)          ,T-INTERSECTION                                         ,"2-WAY, NOT DIVIDED                                     ",SINGLE VEHICLE                                         ,                         ,TPD_TRAFFIC_INCIDENTS,,,,,,
990579.18996062874794,426996.0,20447,1701210380  ,190449,2,2017-01-21T00:00:00.000Z,1708,SAT,0,0,0,3104      ,3104-INJURY TRAFFIC ACCIDENT/BICYCLE                   ,990579.19,426996,S 12TH AV                     ,,TUCSON              ,N/A,     ,N/A,  ,At,W MICHIGAN DR                 ,        ,S ,12TH                                    ,AV  ,W ,MICHIGAN                                ,DR  ,DUSK                                                   ,CLEAR                                                  ,                         ,NON-CONTROLLED ACCESS - INTERSECTION-RELATED           ,FOUR-WAY INTERSECTION                                  ,"2-WAY, NOT DIVIDED                                     ",ANGLE (FRONT TO SIDE) (OTHER THAN LEFT TURN)           ,                         ,TPD_TRAFFIC_INCIDENTS,\\central\data\Transportation\Traffic\Accident Data\2017\1701210380.pdf,,,,,
1018621.779855642467737,451192.12007874250412,20512,1512310252  ,180740,2,2015-12-31T00:00:00.000Z,1120,THU,0,1,0,3114      ,3114-INJURY TRAF ACCIDENT/HIT & RUN/BICYCLE            ,1018621.78,451192.12,SPEEDWAY BL E                 ,INSIDE                                                 ,TUCSON              ,Approximately,250  ,Feet,W ,From,SANTA ROSA AV N               ,        ,N ,SANTA ROSA                              ,AV  ,E ,SPEEDWAY                                ,BL  ,DAYLIGHT                                               ,CLEAR                                                  ,                         ,NOT JUNCTION RELATED                                   ,,"2-WAY, DIVIDED, UNPROT (PAINTED > 4 FEET) MEDIAN       ",SINGLE VEHICLE                                         ,                         ,TPD_TRAFFIC_INCIDENTS,,,,,,
1018621.779855642467737,451192.12007874250412,20515,1802170371  ,200354,2,2018-02-17T00:00:00.000Z,1508,SAT,0,0,1,3104      ,3104-INJURY TRAFFIC ACCIDENT/BICYCLE                   ,1018621.78,451192.12,SPEEDWAY BL                   ,INSIDE                                                 ,TUCSON              ,Approximately,UNK  ,Feet,W ,From,SANTA ROSA AV                 ,        ,N ,SANTA ROSA                              ,AV  ,E ,SPEEDWAY                                ,BL  ,DAYLIGHT                                               ,CLOUDY                                                 ,                         ,NOT JUNCTION RELATED                                   ,,"2-WAY, DIVIDED, UNPROT (PAINTED > 4 FEET) MEDIAN       ",OTHER                                                  ,PEDALCYCLE               ,TPD_TRAFFIC_INCIDENTS,\\central\data\Transportation\Traffic\Accident Data\2018\1802170371.pdf,,,,,
993629.31003937125206,447406.87007874250412,20530,1706300532  ,194607,2,2017-06-30T00:00:00.000Z,1931,FRI,0,0,0,3104      ,3104-INJURY TRAFFIC ACCIDENT/BICYCLE                   ,993629.31,447406.87,5TH AV N                      ,INSIDE                                                 ,TUCSON              ,N/A,     ,N/A,  ,At,7TH ST E                      ,        ,N ,5TH                                     ,AV  ,E ,7TH                                     ,ST  ,DAYLIGHT                                               ,CLEAR                                                  ,                         ,NON-CONTROLLED ACCESS - INTERSECTION (WITHIN)          ,FOUR-WAY INTERSECTION                                  ,"2-WAY, NOT DIVIDED                                     ",SINGLE VEHICLE                                         ,                         ,TPD_TRAFFIC_INCIDENTS,\\central\data\Transportation\Traffic\Accident Data\2017\1706300532.pdf,,,,,
992210.81003937125206,446898.910104990005493,20536,1510110373  ,178886,2,2015-10-11T00:00:00.000Z,1643,SUN,0,0,0,3104      ,3104-INJURY TRAFFIC ACCIDENT/BICYCLE                   ,992210.81,446898.91,STONE AV N                    ,INSIDE                                                 ,TUCSON              ,Approximately,5    ,Feet,N ,From,COUNCIL ST W                  ,        ,W ,COUNCIL                                 ,ST  ,N ,STONE                                   ,AV  ,DAYLIGHT                                               ,CLEAR                                                  ,                         ,NON-CONTROLLED ACCESS - INTERSECTION-RELATED           ,T-INTERSECTION                                         ,ONE WAY TRAFFICWAY                                     ,SINGLE VEHICLE                                         ,                         ,TPD_TRAFFIC_INCIDENTS,,,,,,
986660.75,413651.339895009994507,20563,1411080329  ,171986,2,2014-11-08T00:00:00.000Z,1650,SAT,0,0,0,3104      ,3104-INJURY TRAFFIC ACCIDENT/BICYCLE                   ,986660.75,413651.34,W VALENCIA RD                 ,INSIDE                                                 ,TUCSON              ,N/A,     ,N/A,  ,At,S CALLE SANTA CRUZ            ,        ,S ,CALLE SANTA CRUZ                        ,    ,W ,VALENCIA                                ,RD  ,DAYLIGHT                                               ,CLEAR                                                  ,                         ,CONTROLLED ACCESS - INTERSECTION-RELATED               ,FOUR-WAY INTERSECTION                                  ,"2-WAY, NOT DIVIDED                                     ","SIDESWIPE, SAME DIRECTION                              ",                         ,TPD_TRAFFIC_INCIDENTS,,,,,,
1016584.12992126122117,459052.549868769943714,20643,1711090509  ,197897,2,2017-11-09T00:00:00.000Z,1625,THU,0,0,0,3104      ,3104-INJURY TRAFFIC ACCIDENT/BICYCLE                   ,1016584.13,459052.55,GLENN ST E                    ,,TUCSON              ,N/A,     ,N/A,  ,At,SWAN RD N                     ,        ,E ,GLENN                                   ,ST  ,N ,SWAN                                    ,RD  ,DAYLIGHT                                               ,CLEAR                                                  ,                         ,NON-CONTROLLED ACCESS - INTERSECTION (WITHIN)          ,FOUR-WAY INTERSECTION                                  ,"2-WAY, NOT DIVIDED WITH CONT LEFT TURN LANE            ",SINGLE VEHICLE                                         ,                         ,TPD_TRAFFIC_INCIDENTS,\\central\data\Transportation\Traffic\Accident Data\2017\1711090509.pdf,,,,,
1000380.75,452818.720144353806973,20678,1612030019  ,189244,1,2016-05-15T00:00:00.000Z,1720,SUN,0,0,1,3104      ,3104-INJURY TRAFFIC ACCIDENT/BICYCLE                   ,1000380.75,452818.72,RING RD                       ,INSIDE                                                 ,TUCSON              ,Approximately,300  ,Feet,S ,From,ELM ST                        ,1515    ,N ,CAMPBELL                                ,AV  ,  ,                                        ,    ,DAYLIGHT                                               ,CLEAR                                                  ,                         ,NON-CONTROLLED ACCESS - DRIVEWAY                       ,UNKNOWN                                                ,"2-WAY, NOT DIVIDED WITH CONT LEFT TURN LANE            ",SINGLE VEHICLE                                         ,                         ,TPD_TRAFFIC_INCIDENTS,\\central\data\Transportation\Traffic\Accident Data\2016\1612030019.pdf,,,,,
1007397.979986876249313,451059.56003937125206,20715,1801260554  ,199769,2,2018-01-26T00:00:00.000Z,1918,FRI,0,1,0,3214      ,3214-PROP DMG TRAF ACCIDENT/HIT & RUN/BICYCLE          ,1007397.98,451059.56,E SPEEDWAY BL                 ,,TUCSON              ,N/A,     ,N/A,  ,At,N HOWARD BL                   ,        ,N ,HOWARD                                  ,BL  ,E ,SPEEDWAY                                ,BL  ,DUSK                                                   ,CLEAR                                                  ,                         ,NON-CONTROLLED ACCESS - INTERSECTION (WITHIN)          ,T-INTERSECTION                                         ,"2-WAY, DIVIDED, UNPROT (PAINTED > 4 FEET) MEDIAN       ",OTHER                                                  ,PEDALCYCLE               ,TPD_TRAFFIC_INCIDENTS,\\central\data\Transportation\Traffic\Accident Data\2018\1801260554.pdf,,,,,
1015950.0,451166.640091866254807,20729,1607300357  ,185816,2,2016-07-30T00:00:00.000Z,1533,SAT,0,0,1,3104      ,3104-INJURY TRAFFIC ACCIDENT/BICYCLE                   ,1015950,451166.64,E SPEEDWAY BL                 ,INSIDE                                                 ,TUCSON              ,N/A,     ,N/A,  ,At,N VENICE AV                   ,        ,E ,SPEEDWAY                                ,BL  ,N ,VENICE                                  ,AV  ,DAYLIGHT                                               ,CLEAR                                                  ,                         ,NON-CONTROLLED ACCESS - INTERSECTION (WITHIN)          ,FOUR-WAY INTERSECTION                                  ,"2-WAY, DIVIDED, UNPROT (PAINTED > 4 FEET) MEDIAN       ",SINGLE VEHICLE                                         ,                         ,TPD_TRAFFIC_INCIDENTS,\\central\data\Transportation\Traffic\Accident Data\2016\1607300357.pdf,,,,,
995973.06003937125206,449334.910104990005493,20732,1611110327  ,188671,1,2016-11-11T00:00:00.000Z,1555,FRI,0,0,1,3402      ,3402-OTHER VEHICLE ACCIDENTS/BICYCLE ACCIDENTS         ,995973.06,449334.91,UNIVERSITY BL E               ,INSIDE                                                 ,TUCSON              ,Approximately,100  ,Feet,E ,From,N EUCLID AV                   ,        ,N ,EUCLID                                  ,AV  ,E ,UNIVERSITY                              ,BL  ,DAYLIGHT                                               ,CLEAR                                                  ,                         ,NOT JUNCTION RELATED                                   ,,"2-WAY, NOT DIVIDED WITH CONT LEFT TURN LANE            ",OTHER                                                  ,BICYCLE ONLY             ,TPD_TRAFFIC_INCIDENTS,\\central\data\Transportation\Traffic\Accident Data\2016\1611110327.pdf,,,,,
995973.06003937125206,449334.910104990005493,20748,1411180392  ,172193,2,2014-11-18T00:00:00.000Z,1932,TUE,0,1,0,3114      ,3114-INJURY TRAF ACCIDENT/HIT & RUN/BICYCLE            ,995973.06,449334.91,UNIVERSITY BL E               ,INSIDE                                                 ,TUCSON              ,N/A,     ,N/A,  ,At,EUCLID AV N                   ,        ,N ,EUCLID                                  ,AV  ,E ,UNIVERSITY                              ,BL  ,DARK-LIGHTED                                           ,CLEAR                                                  ,                         ,NON-CONTROLLED ACCESS - INTERSECTION (WITHIN)          ,FOUR-WAY INTERSECTION                                  ,"2-WAY, NOT DIVIDED WITH CONT LEFT TURN LANE            ","SIDESWIPE, SAME DIRECTION                              ",                         ,TPD_TRAFFIC_INCIDENTS,,,,,,
982252.81003937125206,464001.910104990005493,20777,1510050108  ,178722,2,2015-10-05T00:00:00.000Z,0718,MON,0,0,0,3104      ,3104-INJURY TRAFFIC ACCIDENT/BICYCLE                   ,982252.81,464001.91,PRINCE RD W                   ,INSIDE                                                 ,TUCSON              ,N/A,     ,N/A,  ,At,ROMERO RD N                   ,        ,W ,PRINCE                                  ,RD  ,N ,ROMERO                                  ,RD  ,DAYLIGHT                                               ,CLEAR                                                  ,                         ,NON-CONTROLLED ACCESS - INTERSECTION (WITHIN)          ,FOUR-WAY INTERSECTION                                  ,"2-WAY, NOT DIVIDED WITH CONT LEFT TURN LANE            ",SINGLE VEHICLE                                         ,                         ,TPD_TRAFFIC_INCIDENTS,,,,,,
991942.169947504997253,463962.299868769943714,20855,1409050302  ,170829,2,2014-09-05T00:00:00.000Z,1531,FRI,0,0,0,3104      ,3104-INJURY TRAFFIC ACCIDENT/BICYCLE                   ,991942.17,463962.3,PRINCE RD W                   ,INSIDE                                                 ,TUCSON              ,Approximately,30   ,Feet,W ,From,STONE AV N                    ,        ,W ,PRINCE                                  ,RD  ,N ,STONE                                   ,AV  ,DAYLIGHT                                               ,CLEAR                                                  ,                         ,NOT JUNCTION RELATED                                   ,,"2-WAY, NOT DIVIDED WITH CONT LEFT TURN LANE            ",ANGLE (FRONT TO SIDE) (OTHER THAN LEFT TURN)           ,                         ,TPD_TRAFFIC_INCIDENTS,,,,,,
985879.529855642467737,448413.62007874250412,20898,1804130270  ,201655,2,2018-04-13T00:00:00.000Z,1249,FRI,0,1,0,3114      ,3114-INJURY TRAF ACCIDENT/HIT & RUN/BICYCLE            ,985879.53,448413.62,SAINT MARYS RD W              ,INSIDE                                                 ,TUCSON              ,N/A,     ,N/A,  ,At,MELROSE AV N                  ,        ,N ,MELROSE                                 ,AV  ,W ,SAINT MARYS                             ,RD  ,DAYLIGHT                                               ,CLEAR                                                  ,                         ,NON-CONTROLLED ACCESS - DRIVEWAY                       ,T-INTERSECTION                                         ,"2-WAY, NOT DIVIDED WITH CONT LEFT TURN LANE            ",OTHER                                                  ,PEDALCYCLIST             ,TPD_TRAFFIC_INCIDENTS,\\central\data\Transportation\Traffic\Accident Data\2018\1804130270.pdf,,,,,
990125.43011811003089,459357.479986876249313,20952,1509280386  ,178588,2,2015-09-28T00:00:00.000Z,1650,MON,0,1,0,3114      ,3114-INJURY TRAF ACCIDENT/HIT & RUN/BICYCLE            ,990125.43,459357.48,MIRACLE MILE W                ,INSIDE                                                 ,TUCSON              ,N/A,     ,N/A,  ,At,ORACLE RD N                   ,        ,W ,MIRACLE MILE                            ,    ,N ,ORACLE                                  ,RD  ,DAYLIGHT                                               ,CLEAR                                                  ,                         ,NON-CONTROLLED ACCESS - INTERSECTION (WITHIN)          ,T-INTERSECTION                                         ,"2-WAY, DIVIDED, UNPROT (PAINTED > 4 FEET) MEDIAN       ",SINGLE VEHICLE                                         ,                         ,TPD_TRAFFIC_INCIDENTS,,,,,,
1027510.18011811003089,453798.660104990005493,20989,1404150253  ,168450,2,2014-04-15T00:00:00.000Z,1331,TUE,0,0,0,3104      ,3104-INJURY TRAFFIC ACCIDENT/BICYCLE                   ,1027510.18,453798.66,N WILMOT RD                   ,INSIDE                                                 ,TUCSON              ,N/A,     ,N/A,  ,At,E PIMA ST                     ,        ,E ,PIMA                                    ,ST  ,N ,WILMOT                                  ,RD  ,DAYLIGHT                                               ,CLEAR                                                  ,                         ,NON-CONTROLLED ACCESS - INTERSECTION-RELATED           ,T-INTERSECTION                                         ,"2-WAY, DIVIDED POSITIVE MEDIAN BARRIER                 ",ANGLE (FRONT TO SIDE) (OTHER THAN LEFT TURN)           ,                         ,TPD_TRAFFIC_INCIDENTS,,,,,,
1021915.0,464767.740157477557659,21017,1609200088  ,187176,2,2016-09-20T00:00:00.000Z,0731,TUE,0,0,1,3104      ,3104-INJURY TRAFFIC ACCIDENT/BICYCLE                   ,1021915,464767.74,E RIVER RD                    ,INSIDE                                                 ,TUCSON              ,Approximately,500  ,Feet,E ,From,N CRAYCROFT RD                ,        ,N ,CRAYCROFT                               ,RD  ,E ,RIVER                                   ,RD  ,DAYLIGHT                                               ,CLOUDY                                                 ,                         ,NON-CONTROLLED ACCESS - DRIVEWAY                       ,FOUR-WAY INTERSECTION                                  ,"2-WAY, NOT DIVIDED WITH CONT LEFT TURN LANE            ",SINGLE VEHICLE                                         ,                         ,TPD_TRAFFIC_INCIDENTS,\\central\data\Transportation\Traffic\Accident Data\2016\1609200088.pdf,,,,,
1019857.81003937125206,456466.93996062874794,21079,1402260587  ,167594,2,2014-02-26T00:00:00.000Z,2157,WED,0,0,0,3104      ,3104-INJURY TRAFFIC ACCIDENT/BICYCLE                   ,1019857.81,456466.94,W GRANT RD                    ,INSIDE                                                 ,TUCSON              ,N/A,     ,N/A,  ,At,N WYATT DR                    ,        ,E ,GRANT                                   ,RD  ,N ,WYATT                                   ,DR  ,DARK-LIGHTED                                           ,CLEAR                                                  ,                         ,NOT JUNCTION RELATED                                   ,,"2-WAY, DIVIDED POSITIVE MEDIAN BARRIER                 ",ANGLE (FRONT TO SIDE) (OTHER THAN LEFT TURN)           ,                         ,TPD_TRAFFIC_INCIDENTS,,,,,,
1012166.56003937125206,440507.080052495002747,21115,1510020130  ,178665,2,2015-10-02T00:00:00.000Z,0856,FRI,0,0,0,3104      ,3104-INJURY TRAFFIC ACCIDENT/BICYCLE                   ,1012166.56,440507.08,E 22ND ST                     ,INSIDE                                                 ,TUCSON              ,N/A,     ,N/A,  ,At,S LONGFELLOW AV               ,        ,E ,22ND                                    ,ST  ,S ,LONGFELLOW                              ,AV  ,DAYLIGHT                                               ,CLEAR                                                  ,                         ,NON-CONTROLLED ACCESS - INTERSECTION (WITHIN)          ,T-INTERSECTION                                         ,"2-WAY, DIVIDED, UNPROT (PAINTED > 4 FEET) MEDIAN       ",SINGLE VEHICLE                                         ,                         ,TPD_TRAFFIC_INCIDENTS,,,,,,
1006147.75,446395.06003937125206,21122,1502180268  ,174148,2,2015-02-18T00:00:00.000Z,1415,WED,0,1,0,3114      ,3114-INJURY TRAF ACCIDENT/HIT & RUN/BICYCLE            ,1006147.75,446395.06,COUNTRY CLUB RD N             ,INSIDE                                                 ,TUCSON              ,N/A,     ,N/A,  ,At,CALLE PORTAL E                ,        ,E ,CALLE PORTAL                            ,    ,N ,COUNTRY CLUB                            ,RD  ,DAYLIGHT                                               ,CLEAR                                                  ,                         ,NON-CONTROLLED ACCESS - INTERSECTION (WITHIN)          ,T-INTERSECTION                                         ,"2-WAY, NOT DIVIDED                                     ",SINGLE VEHICLE                                         ,                         ,TPD_TRAFFIC_INCIDENTS,,,,,,
990078.270013123750687,463934.229986876249313,21143,1604060402  ,183057,2,2016-04-06T00:00:00.000Z,1718,WED,0,0,0,3104      ,3104-INJURY TRAFFIC ACCIDENT/BICYCLE                   ,990078.27,463934.23,PRINCE RD W                   ,INSIDE                                                 ,TUCSON              ,N/A,     ,N/A,  ,At,ORACLE RD N                   ,        ,N ,ORACLE                                  ,RD  ,W ,PRINCE                                  ,RD  ,DAYLIGHT                                               ,CLEAR                                                  ,                         ,NON-CONTROLLED ACCESS - INTERSECTION (WITHIN)          ,FOUR-WAY INTERSECTION                                  ,"2-WAY, DIVIDED, UNPROT (PAINTED > 4 FEET) MEDIAN       ",SINGLE VEHICLE                                         ,                         ,TPD_TRAFFIC_INCIDENTS,,,,,,
1035840.93996062874794,456649.080052495002747,21165,1410060245  ,171343,2,2014-10-06T00:00:00.000Z,1233,MON,0,0,0,3104      ,3104-INJURY TRAFFIC ACCIDENT/BICYCLE                   ,1035840.94,456649.08,DOS HOMBRES RD N              ,INSIDE                                                 ,TUCSON              ,Approximately,10   ,Feet,N ,From,TANQUE VERDE RD E             ,        ,N ,DOS HOMBRES                             ,RD  ,E ,TANQUE VERDE                            ,RD  ,DAYLIGHT                                               ,CLEAR                                                  ,                         ,NON-CONTROLLED ACCESS - INTERSECTION (WITHIN)          ,FOUR-WAY INTERSECTION                                  ,"2-WAY, DIVIDED POSITIVE MEDIAN BARRIER                 ","SIDESWIPE, OPPOSITE DIRECTION                          ",                         ,TPD_TRAFFIC_INCIDENTS,,,,,,
1035840.93996062874794,456649.080052495002747,21166,1506200167  ,176537,2,2015-06-20T00:00:00.000Z,0816,SAT,0,0,1,3104      ,3104-INJURY TRAFFIC ACCIDENT/BICYCLE                   ,1035840.94,456649.08,E TANQUE VERDE RD             ,INSIDE                                                 ,TUCSON              ,N/A,     ,N/A,  ,At,N DOS HOMBRES RD              ,        ,N ,DOS HOMBRES                             ,RD  ,E ,TANQUE VERDE                            ,RD  ,DAYLIGHT                                               ,CLEAR                                                  ,                         ,NON-CONTROLLED ACCESS - INTERSECTION (WITHIN)          ,FOUR-WAY INTERSECTION                                  ,"2-WAY, DIVIDED, UNPROT (PAINTED > 4 FEET) MEDIAN       ",SINGLE VEHICLE                                         ,                         ,TPD_TRAFFIC_INCIDENTS,,,,,,
990078.270013123750687,463934.229986876249313,21193,1408170365  ,171074,2,2014-08-17T00:00:00.000Z,1658,SUN,0,0,0,3204      ,3204-PROP DMG TRAF ACCIDENT/BICYCLE                    ,990078.27,463934.23,N ORACLE RD                   ,INSIDE                                                 ,TUCSON              ,N/A,     ,N/A,  ,At,W PRINCE RD                   ,        ,N ,ORACLE                                  ,RD  ,W ,PRINCE                                  ,RD  ,DAYLIGHT                                               ,CLEAR                                                  ,                         ,NON-CONTROLLED ACCESS - INTERSECTION (WITHIN)          ,FOUR-WAY INTERSECTION                                  ,"2-WAY, DIVIDED, UNPROT (PAINTED > 4 FEET) MEDIAN       ",ANGLE (FRONT TO SIDE) (OTHER THAN LEFT TURN)           ,                         ,TPD_TRAFFIC_INCIDENTS,,,,,,
990078.270013123750687,463934.229986876249313,21205,1709230198  ,196691,2,2017-09-23T00:00:00.000Z,0849,SAT,0,0,0,3104      ,3104-INJURY TRAFFIC ACCIDENT/BICYCLE                   ,990078.27,463934.23,W PRINCE RD                   ,INSIDE                                                 ,TUCSON              ,Approximately,25   ,Feet,W ,From,N ORACLE RD                   ,        ,N ,ORACLE                                  ,RD  ,W ,PRINCE                                  ,RD  ,DAYLIGHT                                               ,CLEAR                                                  ,                         ,NON-CONTROLLED ACCESS - DRIVEWAY                       ,FOUR-WAY INTERSECTION                                  ,"2-WAY, NOT DIVIDED WITH CONT LEFT TURN LANE            ",OTHER                                                  ,PEDALCYCLIST             ,TPD_TRAFFIC_INCIDENTS,\\central\data\Transportation\Traffic\Accident Data\2017\1709230198.pdf,,,,,
1038002.06003937125206,443184.81003937125206,21251,1503100208  ,174593,2,2015-03-10T00:00:00.000Z,1144,TUE,0,0,0,3104      ,3104-INJURY TRAFFIC ACCIDENT/BICYCLE                   ,1038002.06,443184.81,PANTANO RD S                  ,INSIDE                                                 ,TUCSON              ,N/A,     ,N/A,  ,At,KENYON DR E                   ,        ,E ,KENYON                                  ,DR  ,S ,PANTANO                                 ,RD  ,DAYLIGHT                                               ,CLEAR                                                  ,                         ,NON-CONTROLLED ACCESS - INTERSECTION (WITHIN)          ,FOUR-WAY INTERSECTION                                  ,"2-WAY, DIVIDED, UNPROT (PAINTED > 4 FEET) MEDIAN       ",LEFT TURN                                              ,                         ,TPD_TRAFFIC_INCIDENTS,,,,,,
995412.0,460102.669947504997253,21318,1711200643  ,198184,2,2017-11-20T00:00:00.000Z,2243,MON,0,1,0,3214      ,3214-PROP DMG TRAF ACCIDENT/HIT & RUN/BICYCLE          ,995412,460102.67,BLACKLIDGE DR                 ,INSIDE                                                 ,TUCSON              ,Approximately,UNK  ,Feet,E ,From,1ST AV                        ,        ,N ,1ST                                     ,AV  ,E ,BLACKLIDGE                              ,DR  ,DARK-LIGHTED                                           ,CLEAR                                                  ,                         ,NON-CONTROLLED ACCESS - INTERSECTION-RELATED           ,FOUR-WAY INTERSECTION                                  ,"2-WAY, NOT DIVIDED                                     ",OTHER                                                  ,PEDALCYCLE               ,TPD_TRAFFIC_INCIDENTS,\\central\data\Transportation\Traffic\Accident Data\2017\1711200643.pdf,,,,,
1011670.990157481282949,434278.399934381246567,21324,1603290374  ,182869,2,2016-03-29T00:00:00.000Z,1448,TUE,0,0,0,3104      ,3104-INJURY TRAFFIC ACCIDENT/BICYCLE                   ,1011670.99,434278.4,ALVERNON WY S                 ,INSIDE                                                 ,TUCSON              ,N/A,     ,N/A,  ,At,AVIATION PW E                 ,        ,S ,ALVERNON                                ,WY  ,E ,AVIATION                                ,PW  ,DAYLIGHT                                               ,CLEAR                                                  ,                         ,CONTROLLED ACCESS - INTERSECTION (WITHIN)              ,FOUR-WAY INTERSECTION                                  ,"2-WAY, DIVIDED POSITIVE MEDIAN BARRIER                 ",SINGLE VEHICLE                                         ,                         ,TPD_TRAFFIC_INCIDENTS,,,,,,
1042681.62007873877883,435293.62007874250412,21365,1409030097  ,170777,2,2014-09-03T00:00:00.000Z,0820,WED,0,0,1,3104      ,3104-INJURY TRAFFIC ACCIDENT/BICYCLE                   ,1042681.62,435293.62,GOLF LINKS RD E               ,INSIDE                                                 ,TUCSON              ,Approximately,150  ,Feet,E ,From,PANTANO PW S                  ,        ,E ,GOLF LINKS                              ,RD  ,S ,PANTANO                                 ,PW  ,DAYLIGHT                                               ,CLEAR                                                  ,                         ,NOT JUNCTION RELATED                                   ,,"2-WAY, DIVIDED POSITIVE MEDIAN BARRIER                 ",ANGLE (FRONT TO SIDE) (OTHER THAN LEFT TURN)           ,                         ,TPD_TRAFFIC_INCIDENTS,,,,,,
993484.31003937125206,426065.589895009994507,21374,1709270393  ,196783,2,2017-09-27T00:00:00.000Z,1359,WED,0,0,1,3104      ,3104-INJURY TRAFFIC ACCIDENT/BICYCLE                   ,993484.31,426065.59,S 6TH AV                      ,INSIDE                                                 ,TUCSON              ,N/A,     ,N/A,  ,At,W OHIO ST                     ,        ,S ,6TH                                     ,AV  ,W ,OHIO                                    ,ST  ,DAYLIGHT                                               ,CLEAR                                                  ,                         ,NON-CONTROLLED ACCESS - INTERSECTION (WITHIN)          ,T-INTERSECTION                                         ,"2-WAY, NOT DIVIDED WITH CONT LEFT TURN LANE            ",LEFT TURN                                              ,                         ,TPD_TRAFFIC_INCIDENTS,\\central\data\Transportation\Traffic\Accident Data\2017\1709270393.pdf,,,,,
998064.87007873877883,460741.089895009994507,21428,1511060297  ,179541,2,2015-11-06T00:00:00.000Z,1456,FRI,0,1,0,3214      ,3214-PROP DMG TRAF ACCIDENT/HIT & RUN/BICYCLE          ,998064.87,460741.09,N MOUNTAIN AV                 ,INSIDE                                                 ,TUCSON              ,N/A,     ,N/A,  ,At,E HEDRICK DR                  ,        ,E ,HEDRICK                                 ,DR  ,N ,MOUNTAIN                                ,AV  ,DAYLIGHT                                               ,CLEAR                                                  ,                         ,NON-CONTROLLED ACCESS - INTERSECTION (WITHIN)          ,FOUR-WAY INTERSECTION                                  ,"2-WAY, NOT DIVIDED                                     ",SINGLE VEHICLE                                         ,                         ,TPD_TRAFFIC_INCIDENTS,,,,,,
1036521.549868766218424,429945.62992125749588,21439,1405020171  ,168737,2,2014-05-02T00:00:00.000Z,1023,FRI,0,1,1,3114      ,3114-INJURY TRAF ACCIDENT/HIT & RUN/BICYCLE            ,1036521.55,429945.63,E ESCALANTE RD                ,INSIDE                                                 ,TUCSON              ,N/A,     ,N/A,  ,At,S QUEEN PALM DR               ,        ,E ,ESCALANTE                               ,RD  ,S ,QUEEN PALM                              ,DR  ,DAYLIGHT                                               ,CLEAR                                                  ,                         ,NON-CONTROLLED ACCESS - INTERSECTION (WITHIN)          ,T-INTERSECTION                                         ,"2-WAY, DIVIDED POSITIVE MEDIAN BARRIER                 ",ANGLE (FRONT TO SIDE) (OTHER THAN LEFT TURN)           ,                         ,TPD_TRAFFIC_INCIDENTS,,,,,,
991892.0,466582.68011811375618,21483,1903210443  ,209415,2,2019-03-21T00:00:00.000Z,1523,THU,0,0,0,3104      ,3104-INJURY TRAFFIC ACCIDENT/BICYCLE                   ,991892,466582.68,ROGER RD W                    ,INSIDE                                                 ,TUCSON              ,Approximately,UNK  ,Feet,W ,From,STONE AV N                    ,        ,W ,ROGER                                   ,RD  ,N ,STONE                                   ,AV  ,DAYLIGHT                                               ,CLOUDY                                                 ,                         ,NON-CONTROLLED ACCESS - INTERSECTION-RELATED           ,FOUR-WAY INTERSECTION                                  ,"2-WAY, NOT DIVIDED                                     ",OTHER                                                  ,PEDALCYCLE               ,TPD_TRAFFIC_INCIDENTS,\\central\data\Transportation\Traffic\Accident Data\2019\1903210443.pdf,,,,,