X,Y,OBJECTID,acci_id,tamainid,numunits,AccidentDate,AccidentTime,DayOfWeek,WasFatal,WasHitAndRun,TransImmedMedCare,UCRCode,UCRDescription,CoordX,CoordY,Location,Inside_Outside,City,Accuracy,Distance,Units,Direction,From_At,IntersectingStreet,AddrNumber,AddrDirection,AddrStreetName,AddrStreetNameSuffix,CrossStreetDirection,CrossStreetName,CrossStreetSuffix,LightConditionDescription,WeatherDescription,WeatherOther,RelationDescription,IntersectionTypeDescription,RoadConfigurationDescription,MannerOfCrashDescription,MannerOfCrashOther,DATASOURCE,URL,F7Days,F28Days,COMPSTAT_28D,WEEKLY_7D,AccidentDateTime
1013956.080052495002747,453778.899934381246567,21487,1509080138  ,178133,2,2015-09-08T00:00:00.000Z,0905,TUE,0,0,0,3104      ,3104-INJURY TRAFFIC ACCIDENT/BICYCLE                   ,1013956.08,453778.9,E PIMA ST                     ,INSIDE                                                 ,TUCSON              ,N/A,     ,N/A,  ,At,N COLUMBUS BL                 ,        ,N ,COLUMBUS                                ,BL  ,E ,PIMA                                    ,ST  ,DAYLIGHT                                               ,CLOUDY                                                 ,                         ,NON-CONTROLLED ACCESS - INTERSECTION (WITHIN)          ,FOUR-WAY INTERSECTION                                  ,"2-WAY, NOT DIVIDED WITH CONT LEFT TURN LANE            ",SINGLE VEHICLE                                         ,                         ,TPD_TRAFFIC_INCIDENTS,,,,,,
1013956.080052495002747,453778.899934381246567,21495,1707240500  ,195169,2,2017-07-24T00:00:00.000Z,2029,MON,0,0,0,3104      ,3104-INJURY TRAFFIC ACCIDENT/BICYCLE                   ,1013956.08,453778.9,PIMA ST E                     ,INSIDE                                                 ,TUCSON              ,N/A,     ,N/A,  ,At,COLUMBUS BL N                 ,        ,N ,COLUMBUS                                ,BL  ,E ,PIMA                                    ,ST  ,DARK-LIGHTED                                           ,SLEET / HAIL (FREEZING RAIN / DRIZZLE)                 ,                         ,NON-CONTROLLED ACCESS - INTERSECTION (WITHIN)          ,FOUR-WAY INTERSECTION                                  ,"2-WAY, NOT DIVIDED WITH CONT LEFT TURN LANE            ",SINGLE VEHICLE                                         ,                         ,TPD_TRAFFIC_INCIDENTS,\\central\data\Transportation\Traffic\Accident Data\2017\1707240500.pdf,,,,,
1011515.68996062874794,438978.549868769943714,21520,1607210261  ,185576,2,2016-07-21T00:00:00.000Z,1215,THU,0,0,0,3104      ,3104-INJURY TRAFFIC ACCIDENT/BICYCLE                   ,1011515.69,438978.55,ALVERNON WY S                 ,INSIDE                                                 ,TUCSON              ,Approximately,UNK  ,Feet,N ,From,27TH ST E                     ,        ,E ,27TH                                    ,ST  ,S ,ALVERNON                                ,WY  ,DAYLIGHT                                               ,CLEAR                                                  ,                         ,NOT JUNCTION RELATED                                   ,,"2-WAY, DIVIDED, UNPROT (PAINTED > 4 FEET) MEDIAN       ",SINGLE VEHICLE                                         ,                         ,TPD_TRAFFIC_INCIDENTS,\\central\data\Transportation\Traffic\Accident Data\2016\1607210261.pdf,,,,,
995914.12007873877883,453311.419947504997253,21529,1608300415  ,186621,2,2016-08-30T00:00:00.000Z,1537,TUE,0,0,1,3104      ,3104-INJURY TRAFFIC ACCIDENT/BICYCLE                   ,995914.12,453311.42,EUCLID AV N                   ,INSIDE                                                 ,TUCSON              ,Approximately,50   ,Feet,N ,From,ELM ST E                      ,        ,E ,ELM                                     ,ST  ,N ,EUCLID                                  ,AV  ,DAYLIGHT                                               ,CLEAR                                                  ,                         ,NOT JUNCTION RELATED                                   ,,"2-WAY, NOT DIVIDED                                     ",SINGLE VEHICLE                                         ,                         ,TPD_TRAFFIC_INCIDENTS,\\central\data\Transportation\Traffic\Accident Data\2016\1608300415.pdf,,,,,
984313.75,448232.529855646193027,21550,1403040471  ,167701,2,2014-03-04T00:00:00.000Z,1936,TUE,0,0,0,3104      ,3104-INJURY TRAFFIC ACCIDENT/BICYCLE                   ,984313.75,448232.53,W SAINT MARYS RD              ,INSIDE                                                 ,TUCSON              ,N/A,     ,N/A,  ,At,N CHEROKEE AV                 ,        ,N ,CHEROKEE                                ,AV  ,W ,SAINT MARYS                             ,RD  ,DARK-LIGHTED                                           ,CLOUDY                                                 ,                         ,NON-CONTROLLED ACCESS - DRIVEWAY                       ,T-INTERSECTION                                         ,"2-WAY, NOT DIVIDED WITH CONT LEFT TURN LANE            ",LEFT TURN                                              ,                         ,TPD_TRAFFIC_INCIDENTS,,,,,,
1000762.62007873877883,450550.37007874250412,21585,1609200505  ,187195,2,2016-09-20T00:00:00.000Z,1900,TUE,0,0,0,3104      ,3104-INJURY TRAFFIC ACCIDENT/BICYCLE                   ,1000762.62,450550.37,CAMPBELL AV N                 ,INSIDE                                                 ,TUCSON              ,N/A,     ,N/A,  ,At,1ST ST E                      ,        ,E ,1ST                                     ,ST  ,N ,CAMPBELL                                ,AV  ,DARK-LIGHTED                                           ,CLEAR                                                  ,                         ,NON-CONTROLLED ACCESS - INTERSECTION (WITHIN)          ,T-INTERSECTION                                         ,"2-WAY, DIVIDED, UNPROT (PAINTED > 4 FEET) MEDIAN       ",SINGLE VEHICLE                                         ,                         ,TPD_TRAFFIC_INCIDENTS,\\central\data\Transportation\Traffic\Accident Data\2016\1609200505.pdf,,,,,
1010692.18011811003089,451105.520013123750687,21604,1507180204  ,177041,2,2015-07-18T00:00:00.000Z,0928,SAT,0,0,0,3204      ,3204-PROP DMG TRAF ACCIDENT/BICYCLE                    ,1010692.18,451105.52,SPEEDWAY BL E                 ,INSIDE                                                 ,TUCSON              ,Approximately,150  ,Feet,E ,From,WINSTEL BL N                  ,        ,E ,SPEEDWAY                                ,BL  ,N ,WINSTEL                                 ,BL  ,DAYLIGHT                                               ,CLEAR                                                  ,                         ,NOT JUNCTION RELATED                                   ,,"2-WAY, DIVIDED, UNPROT (PAINTED > 4 FEET) MEDIAN       ",SINGLE VEHICLE                                         ,                         ,TPD_TRAFFIC_INCIDENTS,,,,,,
994138.18996062874794,445507.75,21625,1610270180  ,188208,2,2016-10-27T00:00:00.000Z,1008,THU,0,0,0,3104      ,3104-INJURY TRAFFIC ACCIDENT/BICYCLE                   ,994138.19,445507.75,BROADWAY BL E                 ,INSIDE                                                 ,TUCSON              ,N/A,     ,N/A,  ,At,4TH AV S                      ,        ,S ,4TH                                     ,AV  ,E ,BROADWAY                                ,BL  ,DAYLIGHT                                               ,CLEAR                                                  ,                         ,NON-CONTROLLED ACCESS - INTERSECTION (WITHIN)          ,T-INTERSECTION                                         ,ONE WAY TRAFFICWAY                                     ,SINGLE VEHICLE                                         ,                         ,TPD_TRAFFIC_INCIDENTS,\\central\data\Transportation\Traffic\Accident Data\2016\1610270180.pdf,,,,,
1002181.06003937125206,424502.25,21671,1606130179  ,184697,2,2016-06-13T00:00:00.000Z,0759,MON,0,0,0,3104      ,3104-INJURY TRAFFIC ACCIDENT/BICYCLE                   ,1002181.06,424502.25,GREENWAY DR S                 ,,TUCSON              ,Approximately,20   ,Feet,S ,From,IRVINGTON RD E                ,        ,S ,GREENWAY                                ,DR  ,E ,IRVINGTON                               ,RD  ,DAYLIGHT                                               ,CLEAR                                                  ,                         ,NON-CONTROLLED ACCESS - INTERSECTION-RELATED           ,FOUR-WAY INTERSECTION                                  ,"2-WAY, NOT DIVIDED                                     ",SINGLE VEHICLE                                         ,                         ,TPD_TRAFFIC_INCIDENTS,\\central\data\Transportation\Traffic\Accident Data\2016\1606130179.pdf,,,,,
985484.37007873877883,444847.839895009994507,21687,1511170335  ,179651,2,2015-11-17T00:00:00.000Z,1327,TUE,0,0,0,3204      ,3204-PROP DMG TRAF ACCIDENT/BICYCLE                    ,985484.37,444847.84,S CUESTA AV                   ,INSIDE                                                 ,TUCSON              ,Approximately,1000 ,Feet,S ,From,W CONGRESS ST                 ,        ,W ,CONGRESS                                ,ST  ,S ,CUESTA                                  ,AV  ,DAYLIGHT                                               ,CLEAR                                                  ,                         ,NOT JUNCTION RELATED                                   ,,"2-WAY, NOT DIVIDED                                     ",SINGLE VEHICLE                                         ,                         ,TPD_TRAFFIC_INCIDENTS,,,,,,
1014441.43996062874794,443867.43996062874794,21689,1403100214  ,167814,2,2014-03-10T00:00:00.000Z,1121,MON,0,0,0,3104      ,3104-INJURY TRAFFIC ACCIDENT/BICYCLE                   ,1014441.44,443867.44,E TIMROD ST                   ,INSIDE                                                 ,TUCSON              ,N/A,     ,N/A,  ,At,S JERRIE AV                   ,        ,S ,JERRIE                                  ,AV  ,E ,TIMROD                                  ,ST  ,DAYLIGHT                                               ,CLEAR                                                  ,                         ,NON-CONTROLLED ACCESS - INTERSECTION (WITHIN)          ,T-INTERSECTION                                         ,"2-WAY, NOT DIVIDED                                     ",LEFT TURN                                              ,                         ,TPD_TRAFFIC_INCIDENTS,,,,,,
994085.5,448354.68996062874794,21702,1502120617  ,174030,2,2015-02-12T00:00:00.000Z,2344,THU,0,0,0,3104      ,3104-INJURY TRAFFIC ACCIDENT/BICYCLE                   ,994085.5,448354.69,N 4TH AV                      ,INSIDE                                                 ,TUCSON              ,N/A,     ,N/A,  ,At,E 5TH ST                      ,        ,N ,4TH                                     ,AV  ,E ,5TH                                     ,ST  ,DARK-LIGHTED                                           ,CLEAR                                                  ,                         ,NON-CONTROLLED ACCESS - INTERSECTION (WITHIN)          ,FOUR-WAY INTERSECTION                                  ,"2-WAY, NOT DIVIDED WITH CONT LEFT TURN LANE            ",SINGLE VEHICLE                                         ,                         ,TPD_TRAFFIC_INCIDENTS,,,,,,
1023504.31003937125206,437959.720144353806973,21723,1405310071  ,169669,2,2014-05-31T00:00:00.000Z,0123,SAT,0,1,0,3114      ,3114-INJURY TRAF ACCIDENT/HIT & RUN/BICYCLE            ,1023504.31,437959.72,E 29TH ST                     ,INSIDE                                                 ,TUCSON              ,N/A,     ,N/A,  ,At,S VAN BUREN AV                ,        ,E ,29TH                                    ,ST  ,S ,VAN BUREN                               ,AV  ,DARK-LIGHTED                                           ,CLEAR                                                  ,                         ,NOT JUNCTION RELATED                                   ,,"2-WAY, NOT DIVIDED                                     ",OTHER                                                  ,BICYCLE                  ,TPD_TRAFFIC_INCIDENTS,,,,,,
1016716.729986876249313,448488.509842522442341,21733,1404200296  ,168966,2,2014-04-20T00:00:00.000Z,1545,SUN,0,1,1,3114      ,3114-INJURY TRAF ACCIDENT/HIT & RUN/BICYCLE            ,1016716.73,448488.51,E 5TH ST                      ,INSIDE                                                 ,TUCSON              ,N/A,     ,N/A,  ,At,N SWAN RD                     ,        ,E ,5TH                                     ,ST  ,N ,SWAN                                    ,RD  ,DAYLIGHT                                               ,CLEAR                                                  ,                         ,NON-CONTROLLED ACCESS - INTERSECTION-RELATED           ,FOUR-WAY INTERSECTION                                  ,"2-WAY, NOT DIVIDED WITH CONT LEFT TURN LANE            ",ANGLE (FRONT TO SIDE) (OTHER THAN LEFT TURN)           ,                         ,TPD_TRAFFIC_INCIDENTS,,,,,,
1016716.729986876249313,448488.509842522442341,21734,1407310038  ,170562,2,2014-07-31T00:00:00.000Z,0112,THU,0,1,0,3214      ,3214-PROP DMG TRAF ACCIDENT/HIT & RUN/BICYCLE          ,1016716.73,448488.51,N SWAN RD                     ,INSIDE                                                 ,TUCSON              ,Approximately,200  ,Feet,S ,From,E 5TH ST                      ,        ,E ,5TH                                     ,ST  ,N ,SWAN                                    ,RD  ,DARK-LIGHTED                                           ,CLEAR                                                  ,                         ,NOT JUNCTION RELATED                                   ,,"2-WAY, DIVIDED POSITIVE MEDIAN BARRIER                 ",REAR END (FRONT TO REAR)                               ,                         ,TPD_TRAFFIC_INCIDENTS,,,,,,
998069.43996062874794,458772.279855646193027,21744,1610170019  ,187917,2,2016-10-17T00:00:00.000Z,0030,MON,0,0,0,3204      ,3204-PROP DMG TRAF ACCIDENT/BICYCLE                    ,998069.44,458772.28,GLENN ST E                    ,INSIDE                                                 ,TUCSON              ,Approximately,100  ,Feet,W ,From,MOUNTAIN AV N                 ,        ,E ,GLENN                                   ,ST  ,N ,MOUNTAIN                                ,AV  ,DARK-LIGHTED                                           ,CLEAR                                                  ,                         ,NOT JUNCTION RELATED                                   ,,"2-WAY, NOT DIVIDED WITH CONT LEFT TURN LANE            ",SINGLE VEHICLE                                         ,                         ,TPD_TRAFFIC_INCIDENTS,\\central\data\Transportation\Traffic\Accident Data\2016\1610170019.pdf,,,,,
995449.75,456803.5,21759,1811160319  ,206409,2,2018-11-16T00:00:00.000Z,1428,FRI,0,0,0,3104      ,3104-INJURY TRAFFIC ACCIDENT/BICYCLE                   ,995449.75,456803.5,ALTURAS ST                    ,,TUCSON              ,Approximately,UNK  ,Feet,W ,From,1ST AV                        ,        ,N ,1ST                                     ,AV  ,E ,ALTURAS                                 ,ST  ,DAYLIGHT                                               ,CLEAR                                                  ,                         ,NON-CONTROLLED ACCESS - INTERSECTION-RELATED           ,FOUR-WAY INTERSECTION                                  ,"2-WAY, NOT DIVIDED                                     ",OTHER                                                  ,PEDALCYCLE               ,TPD_TRAFFIC_INCIDENTS,\\central\data\Transportation\Traffic\Accident Data\2018\1811160319.pdf,,,,,
997333.020013123750687,450116.770013123750687,21762,1510280008  ,179285,2,2015-10-28T11:58:47.000Z,0848,WED,0,1,1,3114      ,3114-INJURY TRAF ACCIDENT/HIT & RUN/BICYCLE            ,997333.02,450116.77,2ND ST E                      ,INSIDE                                                 ,TUCSON              ,Approximately,150  ,Feet,E ,From,OLIVE RD N                    ,        ,E ,2ND                                     ,ST  ,N ,OLIVE                                   ,RD  ,DAYLIGHT                                               ,CLOUDY                                                 ,                         ,NOT JUNCTION RELATED                                   ,UNKNOWN                                                ,"2-WAY, DIVIDED, UNPROT (PAINTED > 4 FEET) MEDIAN       ","SIDESWIPE, SAME DIRECTION                              ",                         ,TPD_TRAFFIC_INCIDENTS,,,,,,
997333.020013123750687,450116.770013123750687,21763,1804090002  ,201540,2,2018-04-09T00:00:00.000Z,1205,MON,0,0,0,3204      ,3204-PROP DMG TRAF ACCIDENT/BICYCLE                    ,997333.02,450116.77,E 2ND ST                      ,INSIDE                                                 ,TUCSON              ,N/A,     ,N/A,  ,At,N OLIVE RD                    ,        ,E ,2ND                                     ,ST  ,N ,OLIVE                                   ,RD  ,DAYLIGHT                                               ,CLEAR                                                  ,                         ,CONTROLLED ACCESS - INTERSECTION-RELATED               ,T-INTERSECTION                                         ,"2-WAY, DIVIDED POSITIVE MEDIAN BARRIER                 ","SIDESWIPE, SAME DIRECTION                              ",                         ,TPD_TRAFFIC_INCIDENTS,\\central\data\Transportation\Traffic\Accident Data\2018\1804090002.pdf,,,,,
994081.75,448836.37007874250412,21774,1801240403  ,199729,2,2018-01-24T00:00:00.000Z,1503,WED,0,0,0,3104      ,3104-INJURY TRAFFIC ACCIDENT/BICYCLE                   ,994081.75,448836.37,4TH AV                        ,INSIDE                                                 ,TUCSON              ,Approximately,125  ,Feet,N ,From,4TH ST                        ,        ,E ,4TH                                     ,ST  ,N ,4TH                                     ,AV  ,DAYLIGHT                                               ,CLEAR                                                  ,                         ,NON-CONTROLLED ACCESS - INTERSECTION-RELATED           ,FOUR-WAY INTERSECTION                                  ,"2-WAY, NOT DIVIDED WITH CONT LEFT TURN LANE            ",OTHER                                                  ,PEDALCYCLE               ,TPD_TRAFFIC_INCIDENTS,\\central\data\Transportation\Traffic\Accident Data\2018\1801240403.pdf,,,,,
994878.229986876249313,424439.609908133745193,21775,1610040454  ,187594,2,2016-10-04T00:00:00.000Z,1750,TUE,0,0,0,3104      ,3104-INJURY TRAFFIC ACCIDENT/BICYCLE                   ,994878.23,424439.61,IRVINGTON RD E                ,INSIDE                                                 ,TUCSON              ,Approximately,UNK  ,Feet,E ,From,ANNAPOLIS DR S                ,        ,S ,ANNAPOLIS                               ,DR  ,E ,IRVINGTON                               ,RD  ,DUSK                                                   ,CLEAR                                                  ,                         ,NON-CONTROLLED ACCESS - INTERSECTION-RELATED           ,T-INTERSECTION                                         ,"2-WAY, NOT DIVIDED WITH CONT LEFT TURN LANE            ",SINGLE VEHICLE                                         ,                         ,TPD_TRAFFIC_INCIDENTS,\\central\data\Transportation\Traffic\Accident Data\2016\1610040454.pdf,,,,,
983575.220144357532263,450671.200131230056286,21800,1403240061  ,168064,2,2014-03-23T00:00:00.000Z,2330,SUN,0,1,0,3114      ,3114-INJURY TRAF ACCIDENT/HIT & RUN/BICYCLE            ,983575.22,450671.2,W SPEEDWAY BL                 ,INSIDE                                                 ,TUCSON              ,Approximately,100  ,Feet,W ,From,N SEMINOLE AV                 ,        ,N ,SEMINOLE                                ,AV  ,W ,SPEEDWAY                                ,BL  ,DARK-UNKNOWN LIGHTING                                  ,CLEAR                                                  ,                         ,NOT JUNCTION RELATED                                   ,,"2-WAY, DIVIDED POSITIVE MEDIAN BARRIER                 ","SIDESWIPE, SAME DIRECTION                              ",                         ,TPD_TRAFFIC_INCIDENTS,,,,,,
991320.06003937125206,460699.5,21821,1607230504  ,185648,2,2016-07-23T00:00:00.000Z,2025,SAT,0,0,0,3104      ,3104-INJURY TRAFFIC ACCIDENT/BICYCLE                   ,991320.06,460699.5,W DELANO ST                   ,INSIDE                                                 ,TUCSON              ,Approximately,100  ,Feet,E ,From,N CASTRO AV                   ,        ,N ,CASTRO                                  ,AV  ,W ,DELANO                                  ,ST  ,DARK-NOT LIGHTED                                       ,CLEAR                                                  ,                         ,NOT JUNCTION RELATED                                   ,,"2-WAY, NOT DIVIDED                                     ",SINGLE VEHICLE                                         ,                         ,TPD_TRAFFIC_INCIDENTS,\\central\data\Transportation\Traffic\Accident Data\2016\1607230504.pdf,,,,,
990173.279855642467737,455650.540026247501373,21827,1403140331  ,167905,2,2014-03-14T00:00:00.000Z,1630,FRI,0,0,0,3104      ,3104-INJURY TRAFFIC ACCIDENT/BICYCLE                   ,990173.28,455650.54,N ORACLE RD                   ,INSIDE                                                 ,TUCSON              ,N/A,     ,N/A,  ,At,W SAHUARO ST                  ,        ,N ,ORACLE                                  ,RD  ,W ,SAHUARO                                 ,ST  ,DAYLIGHT                                               ,CLEAR                                                  ,                         ,NON-CONTROLLED ACCESS - INTERSECTION-RELATED           ,T-INTERSECTION                                         ,"2-WAY, DIVIDED POSITIVE MEDIAN BARRIER                 ",SINGLE VEHICLE                                         ,                         ,TPD_TRAFFIC_INCIDENTS,,,,,,
1000682.12007873877883,456128.0,21855,1611070493  ,188543,2,2016-11-07T00:00:00.000Z,1653,MON,0,0,0,3104      ,3104-INJURY TRAFFIC ACCIDENT/BICYCLE                   ,1000682.12,456128,CAMPBELL AV N                 ,INSIDE                                                 ,TUCSON              ,Approximately,12   ,Feet,S ,From,GRANT RD E                    ,        ,N ,CAMPBELL                                ,AV  ,E ,GRANT                                   ,RD  ,DUSK                                                   ,CLEAR                                                  ,                         ,NON-CONTROLLED ACCESS - INTERSECTION-RELATED           ,FOUR-WAY INTERSECTION                                  ,"2-WAY, DIVIDED, UNPROT (PAINTED > 4 FEET) MEDIAN       ",SINGLE VEHICLE                                         ,                         ,TPD_TRAFFIC_INCIDENTS,\\central\data\Transportation\Traffic\Accident Data\2016\1611070493.pdf,,,,,
1000682.12007873877883,456128.0,21856,1612140345  ,189522,2,2016-12-14T00:00:00.000Z,1452,WED,0,0,0,3204      ,3204-PROP DMG TRAF ACCIDENT/BICYCLE                    ,1000682.12,456128,GRANT RD E                    ,INSIDE                                                 ,TUCSON              ,Approximately,500  ,Feet,W ,From,CAMPBELL AV N                 ,        ,N ,CAMPBELL                                ,AV  ,E ,GRANT                                   ,RD  ,DAYLIGHT                                               ,CLEAR                                                  ,                         ,NOT JUNCTION RELATED                                   ,,"2-WAY, NOT DIVIDED WITH CONT LEFT TURN LANE            ",SINGLE VEHICLE                                         ,                         ,TPD_TRAFFIC_INCIDENTS,\\central\data\Transportation\Traffic\Accident Data\2016\1612140345.pdf,,,,,
991076.37007873877883,429691.56003937125206,21875,1709130528  ,196433,2,2017-09-13T00:00:00.000Z,1730,WED,0,0,1,3104      ,3104-INJURY TRAFFIC ACCIDENT/BICYCLE                   ,991076.37,429691.56,AJO WY W                      ,INSIDE                                                 ,TUCSON              ,N/A,     ,N/A,  ,At,CLARK AV S                    ,        ,W ,AJO                                     ,WY  ,S ,CLARK                                   ,AV  ,DAYLIGHT                                               ,CLEAR                                                  ,                         ,NON-CONTROLLED ACCESS - INTERSECTION (WITHIN)          ,T-INTERSECTION                                         ,"2-WAY, NOT DIVIDED WITH CONT LEFT TURN LANE            ",SINGLE VEHICLE                                         ,                         ,TPD_TRAFFIC_INCIDENTS,\\central\data\Transportation\Traffic\Accident Data\2017\1709130528.pdf,,,,,
990032.330052495002747,467886.720144353806973,21899,1405290492  ,169228,2,2014-05-29T00:00:00.000Z,2048,THU,0,0,0,3104      ,3104-INJURY TRAFFIC ACCIDENT/BICYCLE                   ,990032.33,467886.72,N ORACLE RD                   ,INSIDE                                                 ,TUCSON              ,Approximately,100  ,Feet,N ,From,W LIMBERLOST DR               ,        ,W ,LIMBERLOST                              ,DR  ,N ,ORACLE                                  ,RD  ,DARK-LIGHTED                                           ,CLEAR                                                  ,                         ,NOT JUNCTION RELATED                                   ,,"2-WAY, DIVIDED POSITIVE MEDIAN BARRIER                 ",LEFT TURN                                              ,                         ,TPD_TRAFFIC_INCIDENTS,,,,,,
994020.31003937125206,452906.5,21939,1701230500  ,190484,2,2017-01-23T00:00:00.000Z,1714,MON,0,0,0,3104      ,3104-INJURY TRAFFIC ACCIDENT/BICYCLE                   ,994020.31,452906.5,4TH AV N                      ,INSIDE                                                 ,TUCSON              ,N/A,     ,N/A,  ,At,LEE ST E                      ,        ,N ,4TH                                     ,AV  ,E ,LEE                                     ,ST  ,DUSK                                                   ,CLOUDY                                                 ,                         ,NON-CONTROLLED ACCESS - INTERSECTION (WITHIN)          ,FOUR-WAY INTERSECTION                                  ,"2-WAY, NOT DIVIDED                                     ",ANGLE (FRONT TO SIDE) (OTHER THAN LEFT TURN)           ,                         ,TPD_TRAFFIC_INCIDENTS,\\central\data\Transportation\Traffic\Accident Data\2017\1701230500.pdf,,,,,
994718.589895013719797,456125.37992125749588,21974,1609190121  ,187184,2,2016-09-19T00:00:00.000Z,0750,MON,0,0,0,3104      ,3104-INJURY TRAFFIC ACCIDENT/BICYCLE                   ,994718.59,456125.38,GRANT RD E                    ,INSIDE                                                 ,TUCSON              ,Approximately,50   ,Feet,W ,From,LOS ALTOS AV N                ,        ,E ,GRANT                                   ,RD  ,N ,LOS ALTOS                               ,AV  ,DAYLIGHT                                               ,CLOUDY                                                 ,                         ,NOT JUNCTION RELATED                                   ,,"2-WAY, NOT DIVIDED WITH CONT LEFT TURN LANE            ",SINGLE VEHICLE                                         ,                         ,TPD_TRAFFIC_INCIDENTS,\\central\data\Transportation\Traffic\Accident Data\2016\1609190121.pdf,,,,,
992011.290026247501373,459391.049868769943714,22011,1510050119  ,178726,2,2015-10-05T00:00:00.000Z,0818,MON,0,0,1,3104      ,3104-INJURY TRAFFIC ACCIDENT/BICYCLE                   ,992011.29,459391.05,LAGUNA ST E                   ,INSIDE                                                 ,TUCSON              ,N/A,     ,N/A,  ,At,STONE AV N                    ,        ,E ,LAGUNA                                  ,ST  ,N ,STONE                                   ,AV  ,DAYLIGHT                                               ,CLEAR                                                  ,                         ,NON-CONTROLLED ACCESS - INTERSECTION (WITHIN)          ,FOUR-WAY INTERSECTION                                  ,"2-WAY, NOT DIVIDED                                     ",SINGLE VEHICLE                                         ,                         ,TPD_TRAFFIC_INCIDENTS,,,,,,
1009981.12007873877883,455041.68996062874794,22048,1409020537  ,170771,2,2014-09-02T00:00:00.000Z,1830,TUE,0,0,0,3104      ,3104-INJURY TRAFFIC ACCIDENT/BICYCLE                   ,1009981.12,455041.69,DODGE BL N                    ,INSIDE                                                 ,TUCSON              ,N/A,     ,N/A,  ,At,SENECA ST E                   ,        ,N ,DODGE                                   ,BL  ,E ,SENECA                                  ,ST  ,DUSK                                                   ,CLEAR                                                  ,                         ,NON-CONTROLLED ACCESS - INTERSECTION (WITHIN)          ,FOUR-WAY INTERSECTION                                  ,"2-WAY, NOT DIVIDED                                     ","SIDESWIPE, OPPOSITE DIRECTION                          ",                         ,TPD_TRAFFIC_INCIDENTS,,,,,,
1048473.950131233781576,448546.850065618753433,22067,1802050510  ,200017,2,2018-02-05T00:00:00.000Z,1650,MON,0,0,0,3104      ,3104-INJURY TRAFFIC ACCIDENT/BICYCLE                   ,1048473.95,448546.85,5TH ST                        ,INSIDE                                                 ,TUCSON              ,Approximately,UNK  ,Feet,E ,From,HARRISON RD                   ,        ,E ,5TH                                     ,ST  ,N ,HARRISON                                ,RD  ,DAYLIGHT                                               ,CLEAR                                                  ,                         ,NON-CONTROLLED ACCESS - INTERSECTION-RELATED           ,FOUR-WAY INTERSECTION                                  ,"2-WAY, DIVIDED, UNPROT (PAINTED > 4 FEET) MEDIAN       ",OTHER                                                  ,PEDALCYCLE               ,TPD_TRAFFIC_INCIDENTS,\\central\data\Transportation\Traffic\Accident Data\2018\1802050510.pdf,,,,,
996117.81003937125206,440306.229986876249313,22186,1408280519  ,170697,2,2014-08-28T00:00:00.000Z,2028,THU,0,0,0,3104      ,3104-INJURY TRAFFIC ACCIDENT/BICYCLE                   ,996117.81,440306.23,22ND ST E                     ,INSIDE                                                 ,TUCSON              ,N/A,     ,N/A,  ,At,EUCLID AV S                   ,        ,E ,22ND                                    ,ST  ,S ,EUCLID                                  ,AV  ,DARK-LIGHTED                                           ,CLEAR                                                  ,                         ,NON-CONTROLLED ACCESS - INTERSECTION-RELATED           ,FOUR-WAY INTERSECTION                                  ,"2-WAY, NOT DIVIDED WITH CONT LEFT TURN LANE            ",ANGLE (FRONT TO SIDE) (OTHER THAN LEFT TURN)           ,                         ,TPD_TRAFFIC_INCIDENTS,,,,,,
992815.5,446213.18996062874794,22205,1611040401  ,188461,2,2016-11-04T00:00:00.000Z,1611,FRI,0,1,0,3214      ,3214-PROP DMG TRAF ACCIDENT/HIT & RUN/BICYCLE          ,992815.5,446213.19,E PENNINGTON ST               ,INSIDE                                                 ,TUCSON              ,N/A,     ,N/A,  ,At,N SCOTT AV                    ,        ,E ,PENNINGTON                              ,ST  ,N ,SCOTT                                   ,AV  ,DAWN                                                   ,CLEAR                                                  ,                         ,NON-CONTROLLED ACCESS - INTERSECTION (WITHIN)          ,FOUR-WAY INTERSECTION                                  ,"2-WAY, NOT DIVIDED                                     ",SINGLE VEHICLE                                         ,                         ,TPD_TRAFFIC_INCIDENTS,\\central\data\Transportation\Traffic\Accident Data\2016\1611040401.pdf,,,,,
1012100.470144357532263,456377.609908133745193,22211,1509230414  ,178468,2,2015-09-23T00:00:00.000Z,1608,WED,0,1,1,3114      ,3114-INJURY TRAF ACCIDENT/HIT & RUN/BICYCLE            ,1012100.47,456377.61,GRANT RD E                    ,INSIDE                                                 ,TUCSON              ,N/A,     ,N/A,  ,At,SYCAMORE BL N                 ,        ,E ,GRANT                                   ,RD  ,N ,SYCAMORE                                ,BL  ,DAYLIGHT                                               ,CLEAR                                                  ,                         ,NON-CONTROLLED ACCESS - INTERSECTION (WITHIN)          ,T-INTERSECTION                                         ,"2-WAY, NOT DIVIDED WITH CONT LEFT TURN LANE            ",SINGLE VEHICLE                                         ,                         ,TPD_TRAFFIC_INCIDENTS,,,,,,