X,Y,OBJECTID,acci_id,tamainid,numunits,AccidentDate,AccidentTime,DayOfWeek,WasFatal,WasHitAndRun,TransImmedMedCare,UCRCode,UCRDescription,CoordX,CoordY,Location,Inside_Outside,City,Accuracy,Distance,Units,Direction,From_At,IntersectingStreet,AddrNumber,AddrDirection,AddrStreetName,AddrStreetNameSuffix,CrossStreetDirection,CrossStreetName,CrossStreetSuffix,LightConditionDescription,WeatherDescription,WeatherOther,RelationDescription,IntersectionTypeDescription,RoadConfigurationDescription,MannerOfCrashDescription,MannerOfCrashOther,DATASOURCE,URL,F7Days,F28Days,COMPSTAT_28D,WEEKLY_7D,AccidentDateTime
992022.81003937125206,458731.450131230056286,22228,1602070033  ,181688,2,2016-02-07T00:00:00.000Z,0111,SUN,0,1,1,3114      ,3114-INJURY TRAF ACCIDENT/HIT & RUN/BICYCLE            ,992022.81,458731.45,STONE AV N                    ,INSIDE                                                 ,TUCSON              ,N/A,     ,N/A,  ,At,GLENN ST E                    ,        ,E ,GLENN                                   ,ST  ,N ,STONE                                   ,AV  ,DARK-UNKNOWN LIGHTING                                  ,UNKNOWN                                                ,                         ,NON-CONTROLLED ACCESS - INTERSECTION (WITHIN)          ,FOUR-WAY INTERSECTION                                  ,"2-WAY, NOT DIVIDED WITH CONT LEFT TURN LANE            ",SINGLE VEHICLE                                         ,                         ,TPD_TRAFFIC_INCIDENTS,,,,,,
992022.81003937125206,458731.450131230056286,22231,1506270141  ,176663,2,2015-06-27T00:00:00.000Z,0545,SAT,0,0,0,3104      ,3104-INJURY TRAFFIC ACCIDENT/BICYCLE                   ,992022.81,458731.45,N STONE AV                    ,INSIDE                                                 ,TUCSON              ,N/A,     ,N/A,  ,At,E GLENN ST                    ,        ,E ,GLENN                                   ,ST  ,N ,STONE                                   ,AV  ,DAYLIGHT                                               ,CLEAR                                                  ,                         ,NON-CONTROLLED ACCESS - INTERSECTION (WITHIN)          ,FOUR-WAY INTERSECTION                                  ,"2-WAY, NOT DIVIDED WITH CONT LEFT TURN LANE            ",SINGLE VEHICLE                                         ,                         ,TPD_TRAFFIC_INCIDENTS,,,,,,
992022.81003937125206,458731.450131230056286,22234,1403140256  ,167902,2,2014-03-14T00:00:00.000Z,1340,FRI,0,0,0,3104      ,3104-INJURY TRAFFIC ACCIDENT/BICYCLE                   ,992022.81,458731.45,E GLENN ST                    ,INSIDE                                                 ,TUCSON              ,Approximately,60   ,Feet,W ,From,N STONE AV                    ,        ,E ,GLENN                                   ,ST  ,N ,STONE                                   ,AV  ,DAYLIGHT                                               ,CLOUDY                                                 ,                         ,NOT JUNCTION RELATED                                   ,,"2-WAY, NOT DIVIDED                                     ",LEFT TURN                                              ,                         ,TPD_TRAFFIC_INCIDENTS,,,,,,
1014005.62007873877883,449811.62007874250412,22313,1708230456  ,195915,2,2017-08-23T00:00:00.000Z,1643,WED,0,0,0,3104      ,3104-INJURY TRAFFIC ACCIDENT/BICYCLE                   ,1014005.62,449811.62,N COLUMBUS BL                 ,INSIDE                                                 ,TUCSON              ,N/A,     ,N/A,  ,At,E 3RD ST                      ,        ,E ,3RD                                     ,ST  ,N ,COLUMBUS                                ,BL  ,DUSK                                                   ,RAIN                                                   ,                         ,NON-CONTROLLED ACCESS - INTERSECTION (WITHIN)          ,T-INTERSECTION                                         ,"2-WAY, NOT DIVIDED                                     ",SINGLE VEHICLE                                         ,                         ,TPD_TRAFFIC_INCIDENTS,\\central\data\Transportation\Traffic\Accident Data\2017\1708230456.pdf,,,,,
1000124.12007873877883,437729.56003937125206,22338,1405280102  ,169187,2,2014-05-28T00:00:00.000Z,0543,WED,0,0,0,3104      ,3104-INJURY TRAFFIC ACCIDENT/BICYCLE                   ,1000124.12,437729.56,E SILVERLAKE RD               ,INSIDE                                                 ,TUCSON              ,N/A,     ,N/A,  ,At,S WARREN AV                   ,        ,E ,SILVERLAKE                              ,RD  ,S ,WARREN                                  ,AV  ,DAWN                                                   ,CLEAR                                                  ,                         ,NON-CONTROLLED ACCESS - INTERSECTION (WITHIN)          ,T-INTERSECTION                                         ,"2-WAY, NOT DIVIDED                                     ",ANGLE (FRONT TO SIDE) (OTHER THAN LEFT TURN)           ,                         ,TPD_TRAFFIC_INCIDENTS,,,,,,
987647.910104986280203,450689.25,22340,1712220424  ,199015,2,2017-12-22T00:00:00.000Z,1632,FRI,0,0,0,3104      ,3104-INJURY TRAFFIC ACCIDENT/BICYCLE                   ,987647.91,450689.25,RIVERSIDE DR                  ,INSIDE                                                 ,TUCSON              ,Approximately,45   ,Feet,E ,From,SPEEDWAY BL                   ,        ,N ,RIVERSIDE                               ,DR  ,W ,SPEEDWAY                                ,BL  ,DAYLIGHT                                               ,CLEAR                                                  ,                         ,NON-CONTROLLED ACCESS - INTERSECTION-RELATED           ,T-INTERSECTION                                         ,"2-WAY, DIVIDED, UNPROT (PAINTED > 4 FEET) MEDIAN       ",OTHER                                                  ,PEDALCYCLE               ,TPD_TRAFFIC_INCIDENTS,\\central\data\Transportation\Traffic\Accident Data\2017\1712220424.pdf,,,,,
996495.37992126122117,445592.770013123750687,22356,1612120328  ,189479,2,2016-12-12T00:00:00.000Z,1401,MON,0,1,0,3114      ,3114-INJURY TRAF ACCIDENT/HIT & RUN/BICYCLE            ,996495.38,445592.77,BROADWAY BL E                 ,INSIDE                                                 ,TUCSON              ,N/A,     ,N/A,  ,At,TYNDALL AV N                  ,        ,E ,BROADWAY                                ,BL  ,N ,TYNDALL                                 ,AV  ,DAYLIGHT                                               ,CLEAR                                                  ,                         ,NON-CONTROLLED ACCESS - INTERSECTION (WITHIN)          ,FOUR-WAY INTERSECTION                                  ,"2-WAY, NOT DIVIDED WITH CONT LEFT TURN LANE            ",SINGLE VEHICLE                                         ,                         ,TPD_TRAFFIC_INCIDENTS,\\central\data\Transportation\Traffic\Accident Data\2016\1612120328.pdf,,,,,
995403.68996062874794,460879.609908133745193,22365,1605020406  ,183698,2,2016-05-02T00:00:00.000Z,1526,MON,0,0,0,3104      ,3104-INJURY TRAFFIC ACCIDENT/BICYCLE                   ,995403.69,460879.61,1ST AV N                      ,INSIDE                                                 ,TUCSON              ,N/A,     ,N/A,  ,At,BUDDY LN E                    ,        ,N ,1ST                                     ,AV  ,E ,BUDDY                                   ,LN  ,DAYLIGHT                                               ,CLEAR                                                  ,                         ,NON-CONTROLLED ACCESS - INTERSECTION (WITHIN)          ,T-INTERSECTION                                         ,"2-WAY, NOT DIVIDED                                     ",SINGLE VEHICLE                                         ,                         ,TPD_TRAFFIC_INCIDENTS,\\central\data\Transportation\Traffic\Accident Data\2016\1605020406.pdf,,,,,
999865.5,423157.43996062874794,22384,1509220465  ,178446,2,2015-09-22T00:00:00.000Z,1815,TUE,0,0,0,3104      ,3104-INJURY TRAFFIC ACCIDENT/BICYCLE                   ,999865.5,423157.44,CHERRY AV S                   ,INSIDE                                                 ,TUCSON              ,N/A,     ,N/A,  ,At,WYOMING ST E                  ,        ,S ,CHERRY                                  ,AV  ,E ,WYOMING                                 ,ST  ,DAYLIGHT                                               ,CLOUDY                                                 ,                         ,NON-CONTROLLED ACCESS - INTERSECTION (WITHIN)          ,FOUR-WAY INTERSECTION                                  ,"2-WAY, NOT DIVIDED                                     ",SINGLE VEHICLE                                         ,                         ,TPD_TRAFFIC_INCIDENTS,,,,,,
1006122.959973752498627,448287.839895009994507,22403,1610020382  ,187543,2,2016-10-02T00:00:00.000Z,1736,SUN,0,0,0,3104      ,3104-INJURY TRAFFIC ACCIDENT/BICYCLE                   ,1006122.96,448287.84,COUNTRY CLUB RD N             ,INSIDE                                                 ,TUCSON              ,Approximately,UNK  ,Feet,N ,From,5TH ST E                      ,        ,E ,5TH                                     ,ST  ,N ,COUNTRY CLUB                            ,RD  ,DAYLIGHT                                               ,CLOUDY                                                 ,                         ,NOT JUNCTION RELATED                                   ,,"2-WAY, NOT DIVIDED                                     ",SINGLE VEHICLE                                         ,                         ,TPD_TRAFFIC_INCIDENTS,\\central\data\Transportation\Traffic\Accident Data\2016\1610020382.pdf,,,,,
991348.93996062874794,458717.160104990005493,22467,1703180426  ,192048,2,2017-03-18T00:00:00.000Z,1810,SAT,0,0,0,3104      ,3104-INJURY TRAFFIC ACCIDENT/BICYCLE                   ,991348.94,458717.16,GLENN ST W                    ,INSIDE                                                 ,TUCSON              ,N/A,     ,N/A,  ,At,CASTRO AV N                   ,        ,N ,CASTRO                                  ,AV  ,W ,GLENN                                   ,ST  ,DAYLIGHT                                               ,CLEAR                                                  ,                         ,NON-CONTROLLED ACCESS - INTERSECTION (WITHIN)          ,FOUR-WAY INTERSECTION                                  ,"2-WAY, NOT DIVIDED WITH CONT LEFT TURN LANE            ",SINGLE VEHICLE                                         ,                         ,TPD_TRAFFIC_INCIDENTS,\\central\data\Transportation\Traffic\Accident Data\2017\1703180426.pdf,,,,,
992754.970144357532263,413785.37007874250412,22474,1806070065  ,202801,2,2018-06-07T00:00:00.000Z,0502,THU,0,0,0,3104      ,3104-INJURY TRAFFIC ACCIDENT/BICYCLE                   ,992754.97,413785.37,8TH AV                        ,INSIDE                                                 ,TUCSON              ,Approximately,UNK  ,Feet,N ,From,VALENCIA RD                   ,        ,S ,8TH                                     ,AV  ,W ,VALENCIA                                ,RD  ,DAWN                                                   ,CLEAR                                                  ,                         ,NON-CONTROLLED ACCESS - INTERSECTION-RELATED           ,T-INTERSECTION                                         ,"2-WAY, NOT DIVIDED                                     ",OTHER                                                  ,PEDALCYCLE               ,TPD_TRAFFIC_INCIDENTS,\\central\data\Transportation\Traffic\Accident Data\2018\1806070065.pdf,,,,,
992754.970144357532263,413785.37007874250412,22475,1403170552  ,167960,2,2014-03-17T00:00:00.000Z,2214,MON,0,1,0,3114      ,3114-INJURY TRAF ACCIDENT/HIT & RUN/BICYCLE            ,992754.97,413785.37,W VALENCIA RD                 ,INSIDE                                                 ,TUCSON              ,Approximately,UNK  ,Feet,W ,From,S 8TH AV                      ,        ,S ,8TH                                     ,AV  ,W ,VALENCIA                                ,RD  ,DARK-LIGHTED                                           ,CLEAR                                                  ,                         ,NON-CONTROLLED ACCESS - ALLEY-ACCESS-RELATED           ,UNKNOWN                                                ,ONE WAY TRAFFICWAY                                     ,OTHER                                                  ,HR WITH BICYCLE          ,TPD_TRAFFIC_INCIDENTS,,,,,,
1013990.660104986280203,451136.330052495002747,22478,1604190556  ,183379,2,2016-04-19T00:00:00.000Z,1800,TUE,0,0,0,3104      ,3104-INJURY TRAFFIC ACCIDENT/BICYCLE                   ,1013990.66,451136.33,COLUMBUS BL N                 ,INSIDE                                                 ,TUCSON              ,Approximately,120  ,Feet,S ,From,SPEEDWAY BL E                 ,        ,N ,COLUMBUS                                ,BL  ,E ,SPEEDWAY                                ,BL  ,DUSK                                                   ,CLEAR                                                  ,                         ,NOT JUNCTION RELATED                                   ,,"2-WAY, NOT DIVIDED WITH CONT LEFT TURN LANE            ",SINGLE VEHICLE                                         ,                         ,TPD_TRAFFIC_INCIDENTS,\\central\data\Transportation\Traffic\Accident Data\2016\1604190556.pdf,,,,,
997696.93996062874794,461395.720144353806973,22543,1704070539  ,192627,2,2017-04-07T00:00:00.000Z,2135,FRI,0,0,1,3104      ,3104-INJURY TRAFFIC ACCIDENT/BICYCLE                   ,997696.94,461395.72,FORT LOWELL RD E              ,INSIDE                                                 ,TUCSON              ,N/A,     ,N/A,  ,At,NAVAJO RD N                   ,        ,E ,FORT LOWELL                             ,RD  ,E ,NAVAJO                                  ,RD  ,DARK-LIGHTED                                           ,CLEAR                                                  ,                         ,NON-CONTROLLED ACCESS - INTERSECTION (WITHIN)          ,T-INTERSECTION                                         ,"2-WAY, NOT DIVIDED WITH CONT LEFT TURN LANE            ",ANGLE (FRONT TO SIDE) (OTHER THAN LEFT TURN)           ,                         ,TPD_TRAFFIC_INCIDENTS,\\central\data\Transportation\Traffic\Accident Data\2017\1704070539.pdf,,,,,
1000724.87007873877883,458792.660104990005493,22591,1404080371  ,168339,2,2014-04-08T00:00:00.000Z,1527,TUE,0,1,0,3114      ,3114-INJURY TRAF ACCIDENT/HIT & RUN/BICYCLE            ,1000724.87,458792.66,E GLENN ST                    ,INSIDE                                                 ,TUCSON              ,Approximately,75   ,Feet,E ,From,N CAMPBELL AV                 ,        ,N ,CAMPBELL                                ,AV  ,E ,GLENN                                   ,ST  ,DAYLIGHT                                               ,CLEAR                                                  ,                         ,NOT JUNCTION RELATED                                   ,,"2-WAY, DIVIDED, UNPROT (PAINTED > 4 FEET) MEDIAN       ",ANGLE (FRONT TO SIDE) (OTHER THAN LEFT TURN)           ,                         ,TPD_TRAFFIC_INCIDENTS,,,,,,
1000774.160104986280203,449404.529855646193027,22601,1802060502  ,200057,2,2018-02-06T00:00:00.000Z,2001,TUE,0,1,0,3214      ,3214-PROP DMG TRAF ACCIDENT/HIT & RUN/BICYCLE          ,1000774.16,449404.53,3RD ST                        ,INSIDE                                                 ,TUCSON              ,N/A,     ,N/A,  ,At,CAMPBELL AV                   ,        ,E ,3RD                                     ,ST  ,N ,CAMPBELL                                ,AV  ,DARK-LIGHTED                                           ,CLEAR                                                  ,                         ,NON-CONTROLLED ACCESS - INTERSECTION (WITHIN)          ,FOUR-WAY INTERSECTION                                  ,"2-WAY, NOT DIVIDED                                     ",OTHER                                                  ,PEDALCYCLE               ,TPD_TRAFFIC_INCIDENTS,\\central\data\Transportation\Traffic\Accident Data\2018\1802060502.pdf,,,,,
999074.43996062874794,450520.06003937125206,22636,1611080006  ,188567,2,2016-11-08T00:00:00.000Z,1223,TUE,0,0,0,3104      ,3104-INJURY TRAFFIC ACCIDENT/BICYCLE                   ,999074.44,450520.06,FIRST ST                      ,INSIDE                                                 ,TUCSON              ,N/A,     ,N/A,  ,At,VINE AVE                      ,        ,E ,1ST                                     ,ST  ,N ,VINE                                    ,AV  ,DAYLIGHT                                               ,CLEAR                                                  ,                         ,NON-CONTROLLED ACCESS - INTERSECTION (WITHIN)          ,FOUR-WAY INTERSECTION                                  ,"2-WAY, NOT DIVIDED                                     ",LEFT TURN                                              ,                         ,TPD_TRAFFIC_INCIDENTS,\\central\data\Transportation\Traffic\Accident Data\2016\1611080006.pdf,,,,,
997274.12007873877883,419124.910104990005493,22643,1602220456  ,182039,2,2016-02-22T00:00:00.000Z,1912,MON,0,0,1,3104      ,3104-INJURY TRAFFIC ACCIDENT/BICYCLE                   ,997274.12,419124.91,PARK AV S                     ,INSIDE                                                 ,TUCSON              ,Approximately,50   ,Feet,N ,From,DREXEL RD E                   ,        ,E ,DREXEL                                  ,RD  ,S ,PARK                                    ,AV  ,DARK-LIGHTED                                           ,CLEAR                                                  ,                         ,NOT JUNCTION RELATED                                   ,,"2-WAY, NOT DIVIDED WITH CONT LEFT TURN LANE            ",SINGLE VEHICLE                                         ,                         ,TPD_TRAFFIC_INCIDENTS,,,,,,
1017222.089895013719797,456431.37992125749588,22729,1508170204  ,177653,2,2015-08-17T00:00:00.000Z,1136,MON,0,0,0,3104      ,3104-INJURY TRAFFIC ACCIDENT/BICYCLE                   ,1017222.09,456431.38,MOUNTAIN VIEW AV N            ,INSIDE                                                 ,TUCSON              ,N/A,     ,N/A,  ,At,GRANT RD E                    ,        ,E ,GRANT                                   ,RD  ,N ,MOUNTAIN VIEW                           ,AV  ,DAYLIGHT                                               ,CLEAR                                                  ,                         ,NON-CONTROLLED ACCESS - INTERSECTION (WITHIN)          ,T-INTERSECTION                                         ,"2-WAY, DIVIDED, UNPROT (PAINTED > 4 FEET) MEDIAN       ",SINGLE VEHICLE                                         ,                         ,TPD_TRAFFIC_INCIDENTS,,,,,,
1005984.919947504997253,461528.68996062874794,22762,1701190456  ,190391,2,2017-01-19T00:00:00.000Z,1751,THU,0,1,0,3214      ,3214-PROP DMG TRAF ACCIDENT/HIT & RUN/BICYCLE          ,1005984.92,461528.69,E FORT LOWELL RD              ,INSIDE                                                 ,TUCSON              ,Approximately,200  ,Feet,E ,From,N COUNTRY CLUB RD             ,        ,N ,COUNTRY CLUB                            ,RD  ,E ,FORT LOWELL                             ,RD  ,DUSK                                                   ,CLEAR                                                  ,                         ,NON-CONTROLLED ACCESS - DRIVEWAY                       ,FOUR-WAY INTERSECTION                                  ,"2-WAY, NOT DIVIDED WITH CONT LEFT TURN LANE            ",SINGLE VEHICLE                                         ,                         ,TPD_TRAFFIC_INCIDENTS,\\central\data\Transportation\Traffic\Accident Data\2017\1701190456.pdf,,,,,
992201.18996062874794,447378.06003937125206,22798,1611080430  ,188578,2,2016-11-08T00:00:00.000Z,1728,TUE,0,0,0,3104      ,3104-INJURY TRAFFIC ACCIDENT/BICYCLE                   ,992201.19,447378.06,STONE AV N                    ,INSIDE                                                 ,TUCSON              ,N/A,     ,N/A,  ,At,TOOLE AV E                    ,        ,N ,STONE                                   ,AV  ,E ,TOOLE                                   ,AV  ,DUSK                                                   ,CLEAR                                                  ,                         ,NON-CONTROLLED ACCESS - INTERSECTION (WITHIN)          ,FOUR-WAY INTERSECTION                                  ,"2-WAY, NOT DIVIDED                                     ",SINGLE VEHICLE                                         ,                         ,TPD_TRAFFIC_INCIDENTS,\\central\data\Transportation\Traffic\Accident Data\2016\1611080430.pdf,,,,,
992201.18996062874794,447378.06003937125206,22800,1710160043  ,197231,2,2017-10-16T00:00:00.000Z,0121,MON,0,1,1,3114      ,3114-INJURY TRAF ACCIDENT/HIT & RUN/BICYCLE            ,992201.19,447378.06,E TOOLE AV                    ,INSIDE                                                 ,TUCSON              ,Approximately,150  ,Feet,E ,From,N STONE AV                    ,        ,N ,STONE                                   ,AV  ,E ,TOOLE                                   ,AV  ,DARK-LIGHTED                                           ,CLEAR                                                  ,                         ,NOT JUNCTION RELATED                                   ,,"2-WAY, NOT DIVIDED WITH CONT LEFT TURN LANE            ",OTHER                                                  ,PEDALCYCLIST             ,TPD_TRAFFIC_INCIDENTS,\\central\data\Transportation\Traffic\Accident Data\2017\1710160043.pdf,,,,,
990016.81003937125206,469217.890091866254807,22867,1610210355  ,188053,2,2016-10-21T00:00:00.000Z,1503,FRI,0,1,0,3114      ,3114-INJURY TRAF ACCIDENT/HIT & RUN/BICYCLE            ,990016.81,469217.89,N ORACLE RD                   ,,TUCSON              ,N/A,     ,N/A,  ,At,W WETMORE RD                  ,        ,N ,ORACLE                                  ,RD  ,W ,WETMORE                                 ,RD  ,DAYLIGHT                                               ,CLEAR                                                  ,                         ,NON-CONTROLLED ACCESS - INTERSECTION (WITHIN)          ,FOUR-WAY INTERSECTION                                  ,"2-WAY, DIVIDED, UNPROT (PAINTED > 4 FEET) MEDIAN       ",SINGLE VEHICLE                                         ,                         ,TPD_TRAFFIC_INCIDENTS,\\central\data\Transportation\Traffic\Accident Data\2016\1610210355.pdf,,,,,
990016.81003937125206,469217.890091866254807,22908,1508250132  ,177848,2,2015-08-25T00:00:00.000Z,0907,TUE,0,0,0,3104      ,3104-INJURY TRAFFIC ACCIDENT/BICYCLE                   ,990016.81,469217.89,N ORACLE RD                   ,INSIDE                                                 ,TUCSON              ,N/A,     ,N/A,  ,At,W WETMORE RD                  ,        ,N ,ORACLE                                  ,RD  ,W ,WETMORE                                 ,RD  ,DAYLIGHT                                               ,CLOUDY                                                 ,                         ,NON-CONTROLLED ACCESS - INTERSECTION (WITHIN)          ,FOUR-WAY INTERSECTION                                  ,"2-WAY, DIVIDED, UNPROT (PAINTED > 4 FEET) MEDIAN       ",SINGLE VEHICLE                                         ,                         ,TPD_TRAFFIC_INCIDENTS,,,,,,
1027753.87007873877883,410304.160104990005493,22942,1702210081  ,191329,2,2017-02-21T00:00:00.000Z,0541,TUE,0,0,1,3104      ,3104-INJURY TRAFFIC ACCIDENT/BICYCLE                   ,1027753.87,410304.16,WILMOT RD S                   ,INSIDE                                                 ,TUCSON              ,Approximately,100  ,Feet,N ,From,AVOCET DR E                   ,        ,E ,AVOCET                                  ,DR  ,S ,WILMOT                                  ,RD  ,DARK-NOT LIGHTED                                       ,CLEAR                                                  ,                         ,NOT JUNCTION RELATED                                   ,,"2-WAY, NOT DIVIDED                                     ",SINGLE VEHICLE                                         ,                         ,TPD_TRAFFIC_INCIDENTS,\\central\data\Transportation\Traffic\Accident Data\2017\1702210081.pdf,,,,,
1003440.160104986280203,451003.520013123750687,22982,1604090437  ,183134,2,2016-04-09T00:00:00.000Z,1921,SAT,0,0,0,3104      ,3104-INJURY TRAFFIC ACCIDENT/BICYCLE                   ,1003440.16,451003.52,SPEEDWAY BL E                 ,INSIDE                                                 ,TUCSON              ,N/A,     ,N/A,  ,At,TUCSON BL N                   ,        ,E ,SPEEDWAY                                ,BL  ,N ,TUCSON                                  ,BL  ,DAYLIGHT                                               ,CLEAR                                                  ,                         ,NON-CONTROLLED ACCESS - INTERSECTION (WITHIN)          ,FOUR-WAY INTERSECTION                                  ,"2-WAY, DIVIDED, UNPROT (PAINTED > 4 FEET) MEDIAN       ",SINGLE VEHICLE                                         ,                         ,TPD_TRAFFIC_INCIDENTS,,,,,,
992648.479986876249313,469266.009842522442341,23022,1412060309  ,172606,2,2014-12-06T00:00:00.000Z,1703,SAT,0,0,0,3104      ,3104-INJURY TRAFFIC ACCIDENT/BICYCLE                   ,992648.48,469266.01,WETMORE RD E                  ,INSIDE                                                 ,TUCSON              ,Approximately,140  ,Feet,W ,From,STONE AV N                    ,        ,N ,STONE                                   ,AV  ,E ,WETMORE                                 ,RD  ,DUSK                                                   ,CLEAR                                                  ,                         ,NOT JUNCTION RELATED                                   ,,"2-WAY, NOT DIVIDED WITH CONT LEFT TURN LANE            ",ANGLE (FRONT TO SIDE) (OTHER THAN LEFT TURN)           ,                         ,TPD_TRAFFIC_INCIDENTS,,,,,,
993654.81003937125206,445822.62007874250412,23041,1708250419  ,195964,2,2017-08-25T00:00:00.000Z,1548,FRI,0,0,0,3104      ,3104-INJURY TRAFFIC ACCIDENT/BICYCLE                   ,993654.81,445822.62,5TH AV N                      ,INSIDE                                                 ,TUCSON              ,Approximately,UNK  ,Feet,N ,From,CONGRESS ST E                 ,        ,N ,5TH                                     ,AV  ,E ,CONGRESS                                ,ST  ,DAYLIGHT                                               ,CLEAR                                                  ,                         ,NON-CONTROLLED ACCESS - INTERSECTION-RELATED           ,FOUR-WAY INTERSECTION                                  ,"2-WAY, NOT DIVIDED                                     ",SINGLE VEHICLE                                         ,                         ,TPD_TRAFFIC_INCIDENTS,\\central\data\Transportation\Traffic\Accident Data\2017\1708250419.pdf,,,,,
992130.390091862529516,452142.729986876249313,23062,1410180395  ,171570,2,2014-10-18T00:00:00.000Z,2033,SAT,0,0,0,3104      ,3104-INJURY TRAFFIC ACCIDENT/BICYCLE                   ,992130.39,452142.73,DRACHMAN ST E                 ,INSIDE                                                 ,TUCSON              ,Approximately,10   ,Feet,E ,From,STONE AV N                    ,        ,E ,DRACHMAN                                ,ST  ,N ,STONE                                   ,AV  ,DARK-LIGHTED                                           ,CLEAR                                                  ,                         ,NON-CONTROLLED ACCESS - INTERSECTION-RELATED           ,FOUR-WAY INTERSECTION                                  ,"2-WAY, NOT DIVIDED                                     ",ANGLE (FRONT TO SIDE) (OTHER THAN LEFT TURN)           ,                         ,TPD_TRAFFIC_INCIDENTS,,,,,,
1009401.68996062874794,449766.06003937125206,23068,1404220124  ,168573,2,2014-04-22T00:00:00.000Z,0920,TUE,0,1,1,3114      ,3114-INJURY TRAF ACCIDENT/HIT & RUN/BICYCLE            ,1009401.69,449766.06,N RICHEY BL                   ,INSIDE                                                 ,TUCSON              ,N/A,     ,N/A,  ,At,E 3RD ST                      ,        ,E ,3RD                                     ,ST  ,N ,RICHEY                                  ,BL  ,DAYLIGHT                                               ,CLEAR                                                  ,                         ,NON-CONTROLLED ACCESS - INTERSECTION (WITHIN)          ,FOUR-WAY INTERSECTION                                  ,"2-WAY, NOT DIVIDED                                     ",ANGLE (FRONT TO SIDE) (OTHER THAN LEFT TURN)           ,                         ,TPD_TRAFFIC_INCIDENTS,,,,,,
999379.0,458778.410104990005493,23154,1404010168  ,168208,2,2014-04-01T00:00:00.000Z,1017,TUE,0,0,1,3104      ,3104-INJURY TRAFFIC ACCIDENT/BICYCLE                   ,999379,458778.41,N CHERRY AV                   ,INSIDE                                                 ,TUCSON              ,N/A,     ,N/A,  ,At,E GLENN ST                    ,        ,N ,CHERRY                                  ,AV  ,E ,GLENN                                   ,ST  ,DAYLIGHT                                               ,CLEAR                                                  ,                         ,NON-CONTROLLED ACCESS - INTERSECTION (WITHIN)          ,FOUR-WAY INTERSECTION                                  ,"2-WAY, NOT DIVIDED                                     ",SINGLE VEHICLE                                         ,                         ,TPD_TRAFFIC_INCIDENTS,,,,,,
997142.93996062874794,428789.410104990005493,23168,1702270355  ,191534,2,2017-02-27T00:00:00.000Z,1532,MON,0,0,1,3104      ,3104-INJURY TRAFFIC ACCIDENT/BICYCLE                   ,997142.94,428789.41,PARK AV S                     ,INSIDE                                                 ,TUCSON              ,Approximately,60   ,Feet,S ,From,PALMDALE ST E                 ,        ,E ,PALMDALE                                ,ST  ,S ,PARK                                    ,AV  ,DAYLIGHT                                               ,CLOUDY                                                 ,                         ,NON-CONTROLLED ACCESS - DRIVEWAY                       ,T-INTERSECTION                                         ,"2-WAY, NOT DIVIDED WITH CONT LEFT TURN LANE            ",SINGLE VEHICLE                                         ,                         ,TPD_TRAFFIC_INCIDENTS,\\central\data\Transportation\Traffic\Accident Data\2017\1702270355.pdf,,,,,
1022077.25,445912.089895009994507,23177,1606010158  ,184450,2,2016-05-31T00:00:00.000Z,1400,TUE,0,1,0,3114      ,3114-INJURY TRAF ACCIDENT/HIT & RUN/BICYCLE            ,1022077.25,445912.09,CRAYCROFT RD S                ,INSIDE                                                 ,TUCSON              ,Approximately,200  ,Feet,S ,From,BROADWAY BL E                 ,        ,E ,BROADWAY                                ,BL  ,S ,CRAYCROFT                               ,RD  ,DAYLIGHT                                               ,CLEAR                                                  ,                         ,NOT JUNCTION RELATED                                   ,,"2-WAY, DIVIDED, UNPROT (PAINTED > 4 FEET) MEDIAN       ",SINGLE VEHICLE                                         ,                         ,TPD_TRAFFIC_INCIDENTS,\\central\data\Transportation\Traffic\Accident Data\2016\1606010158.pdf,,,,,
995342.470144357532263,465355.669947504997253,23207,1505230411  ,176021,2,2015-05-23T00:00:00.000Z,1738,SAT,0,1,0,3114      ,3114-INJURY TRAF ACCIDENT/HIT & RUN/BICYCLE            ,995342.47,465355.67,N 1ST AV                      ,INSIDE                                                 ,TUCSON              ,N/A,     ,N/A,  ,At,E PASTIME RD                  ,        ,N ,1ST                                     ,AV  ,E ,PASTIME                                 ,RD  ,DAYLIGHT                                               ,CLEAR                                                  ,                         ,NON-CONTROLLED ACCESS - INTERSECTION (WITHIN)          ,T-INTERSECTION                                         ,"2-WAY, NOT DIVIDED WITH CONT LEFT TURN LANE            ",SINGLE VEHICLE                                         ,                         ,TPD_TRAFFIC_INCIDENTS,,,,,,