X,Y,OBJECTID,acci_id,tamainid,numunits,AccidentDate,AccidentTime,DayOfWeek,WasFatal,WasHitAndRun,TransImmedMedCare,UCRCode,UCRDescription,CoordX,CoordY,Location,Inside_Outside,City,Accuracy,Distance,Units,Direction,From_At,IntersectingStreet,AddrNumber,AddrDirection,AddrStreetName,AddrStreetNameSuffix,CrossStreetDirection,CrossStreetName,CrossStreetSuffix,LightConditionDescription,WeatherDescription,WeatherOther,RelationDescription,IntersectionTypeDescription,RoadConfigurationDescription,MannerOfCrashDescription,MannerOfCrashOther,DATASOURCE,URL,F7Days,F28Days,COMPSTAT_28D,WEEKLY_7D,AccidentDateTime
995342.470144357532263,465355.669947504997253,23214,1812280224  ,207381,2,2018-12-28T00:00:00.000Z,1027,FRI,0,0,0,3204      ,3204-PROP DMG TRAF ACCIDENT/BICYCLE                    ,995342.47,465355.67,PASTIME RD                    ,INSIDE                                                 ,TUCSON              ,Approximately,UNK  ,Feet,W ,From,1ST AV                        ,        ,N ,1ST                                     ,AV  ,E ,PASTIME                                 ,RD  ,DAYLIGHT                                               ,CLEAR                                                  ,                         ,NON-CONTROLLED ACCESS - INTERSECTION-RELATED           ,FOUR-WAY INTERSECTION                                  ,"2-WAY, NOT DIVIDED                                     ",OTHER                                                  ,PEDALCYCLE               ,TPD_TRAFFIC_INCIDENTS,\\central\data\Transportation\Traffic\Accident Data\2018\1812280224.pdf,,,,,
998608.68996062874794,447463.779855646193027,23219,1706220373  ,194442,2,2017-06-22T00:00:00.000Z,1351,THU,0,0,0,3104      ,3104-INJURY TRAFFIC ACCIDENT/BICYCLE                   ,998608.69,447463.78,HIGHLAND AV N                 ,INSIDE                                                 ,TUCSON              ,Approximately,100  ,Feet,S ,From,7TH ST E                      ,        ,E ,7TH                                     ,ST  ,N ,HIGHLAND                                ,AV  ,DAYLIGHT                                               ,CLEAR                                                  ,                         ,NOT JUNCTION RELATED                                   ,,"2-WAY, NOT DIVIDED                                     ",SINGLE VEHICLE                                         ,                         ,TPD_TRAFFIC_INCIDENTS,\\central\data\Transportation\Traffic\Accident Data\2017\1706220373.pdf,,,,,
978693.399934384971857,457152.330052495002747,23220,1709180501  ,196557,2,2017-09-18T00:00:00.000Z,1747,MON,0,0,0,3104      ,3104-INJURY TRAFFIC ACCIDENT/BICYCLE                   ,978693.4,457152.33,BURLWOOD WY W                 ,INSIDE                                                 ,TUCSON              ,Approximately,200  ,Feet,E ,From,SILVERBELL RD N               ,        ,W ,BURLWOOD                                ,WY  ,N ,SILVERBELL                              ,RD  ,DAYLIGHT                                               ,CLEAR                                                  ,                         ,NOT JUNCTION RELATED                                   ,,"2-WAY, NOT DIVIDED                                     ",SINGLE VEHICLE                                         ,                         ,TPD_TRAFFIC_INCIDENTS,\\central\data\Transportation\Traffic\Accident Data\2017\1709180501.pdf,,,,,
1027372.68996062874794,449914.75,23257,1802100002  ,200148,2,2018-02-09T00:00:00.000Z,2328,FRI,0,1,1,3114      ,3114-INJURY TRAF ACCIDENT/HIT & RUN/BICYCLE            ,1027372.69,449914.75,S WILMOT RD                   ,INSIDE                                                 ,TUCSON              ,Approximately,200  ,Feet,S ,From,E ROSEWOOD ST                 ,        ,E ,ROSEWOOD                                ,ST  ,N ,WILMOT                                  ,RD  ,DARK-LIGHTED                                           ,CLEAR                                                  ,                         ,NOT JUNCTION RELATED                                   ,,"2-WAY, DIVIDED, UNPROT (PAINTED > 4 FEET) MEDIAN       ",OTHER                                                  ,PEDALCYCLE               ,TPD_TRAFFIC_INCIDENTS,\\central\data\Transportation\Traffic\Accident Data\2018\1802100002.pdf,,,,,
996788.62007873877883,451392.970144353806973,23264,1705090016  ,193455,2,2017-05-09T00:00:00.000Z,0002,TUE,0,1,0,3214      ,3214-PROP DMG TRAF ACCIDENT/HIT & RUN/BICYCLE          ,996788.62,451392.97,PARK AV N                     ,INSIDE                                                 ,TUCSON              ,Approximately,UNK  ,Feet,S ,From,HELEN ST E                    ,        ,E ,HELEN                                   ,ST  ,N ,PARK                                    ,AV  ,DARK-LIGHTED                                           ,RAIN                                                   ,                         ,NOT JUNCTION RELATED                                   ,,"2-WAY, NOT DIVIDED                                     ",SINGLE VEHICLE                                         ,                         ,TPD_TRAFFIC_INCIDENTS,\\central\data\Transportation\Traffic\Accident Data\2017\1705090016.pdf,,,,,
994103.75,447415.779855646193027,23270,1708160640  ,195697,2,2017-08-16T00:00:00.000Z,1737,WED,0,0,0,3104      ,3104-INJURY TRAFFIC ACCIDENT/BICYCLE                   ,994103.75,447415.78,4TH AV N                      ,INSIDE                                                 ,TUCSON              ,Approximately,10   ,Feet,N ,From,7TH ST E                      ,        ,N ,4TH                                     ,AV  ,E ,7TH                                     ,ST  ,DAYLIGHT                                               ,CLEAR                                                  ,                         ,NON-CONTROLLED ACCESS - DRIVEWAY                       ,FOUR-WAY INTERSECTION                                  ,"2-WAY, NOT DIVIDED WITH CONT LEFT TURN LANE            ",SINGLE VEHICLE                                         ,                         ,TPD_TRAFFIC_INCIDENTS,\\central\data\Transportation\Traffic\Accident Data\2017\1708160640.pdf,,,,,
994103.75,447415.779855646193027,23271,1606280190  ,185039,2,2016-06-28T11:26:22.000Z,1126,TUE,0,0,0,3104      ,3104-INJURY TRAFFIC ACCIDENT/BICYCLE                   ,994103.75,447415.78,4TH AV N                      ,INSIDE                                                 ,TUCSON              ,Approximately,50   ,Feet,S ,From,7TH ST E                      ,        ,N ,4TH                                     ,AV  ,E ,7TH                                     ,ST  ,DAYLIGHT                                               ,CLEAR                                                  ,                         ,NOT JUNCTION RELATED                                   ,,"2-WAY, NOT DIVIDED WITH CONT LEFT TURN LANE            ",SINGLE VEHICLE                                         ,                         ,TPD_TRAFFIC_INCIDENTS,\\central\data\Transportation\Traffic\Accident Data\2016\1606280190.pdf,,,,,
1038809.720144357532263,445843.330052495002747,23322,1404290144  ,168684,2,2014-04-29T00:00:00.000Z,0736,TUE,0,0,0,3104      ,3104-INJURY TRAFFIC ACCIDENT/BICYCLE                   ,1038809.72,445843.33,BROADWAY BL E                 ,INSIDE                                                 ,TUCSON              ,N/A,     ,N/A,  ,At,SHERWOOD VILLAGE DR S         ,        ,E ,BROADWAY                                ,BL  ,S ,SHERWOOD VILLAGE                        ,DR  ,DAYLIGHT                                               ,CLEAR                                                  ,                         ,CONTROLLED ACCESS - INTERSECTION-RELATED               ,T-INTERSECTION                                         ,"2-WAY, NOT DIVIDED                                     ",ANGLE (FRONT TO SIDE) (OTHER THAN LEFT TURN)           ,                         ,TPD_TRAFFIC_INCIDENTS,,,,,,
988866.220144357532263,456020.080052495002747,23328,1510310326  ,179401,2,2015-10-31T00:00:00.000Z,1730,SAT,0,0,0,3104      ,3104-INJURY TRAFFIC ACCIDENT/BICYCLE                   ,988866.22,456020.08,GRANT RD W                    ,INSIDE                                                 ,TUCSON              ,N/A,     ,N/A,  ,At,15TH AV N                     ,        ,N ,15TH                                    ,AV  ,W ,GRANT                                   ,RD  ,DARK-LIGHTED                                           ,CLEAR                                                  ,                         ,NON-CONTROLLED ACCESS - INTERSECTION (WITHIN)          ,FOUR-WAY INTERSECTION                                  ,"2-WAY, DIVIDED, UNPROT (PAINTED > 4 FEET) MEDIAN       ",SINGLE VEHICLE                                         ,                         ,TPD_TRAFFIC_INCIDENTS,,,,,,
1048531.68996062874794,443252.779855646193027,23329,1509300328  ,178617,2,2015-09-30T00:00:00.000Z,1441,WED,0,0,0,3104      ,3104-INJURY TRAFFIC ACCIDENT/BICYCLE                   ,1048531.69,443252.78,KENYON DR E                   ,INSIDE                                                 ,TUCSON              ,N/A,     ,N/A,  ,At,HARRISON RD S                 ,        ,S ,HARRISON                                ,RD  ,E ,KENYON                                  ,DR  ,DAYLIGHT                                               ,CLEAR                                                  ,                         ,NON-CONTROLLED ACCESS - INTERSECTION (WITHIN)          ,FOUR-WAY INTERSECTION                                  ,"2-WAY, NOT DIVIDED                                     ",SINGLE VEHICLE                                         ,                         ,TPD_TRAFFIC_INCIDENTS,,,,,,
998057.81003937125206,456341.160104990005493,23385,1404040293  ,168283,2,2014-04-04T00:00:00.000Z,1445,FRI,0,0,0,3104      ,3104-INJURY TRAFFIC ACCIDENT/BICYCLE                   ,998057.81,456341.16,N MOUNTAIN AV                 ,INSIDE                                                 ,TUCSON              ,N/A,     ,N/A,  ,At,E SPRING ST                   ,        ,N ,MOUNTAIN                                ,AV  ,E ,SPRING                                  ,ST  ,DAYLIGHT                                               ,CLEAR                                                  ,                         ,NON-CONTROLLED ACCESS - INTERSECTION-RELATED           ,FOUR-WAY INTERSECTION                                  ,"2-WAY, NOT DIVIDED                                     ",ANGLE (FRONT TO SIDE) (OTHER THAN LEFT TURN)           ,                         ,TPD_TRAFFIC_INCIDENTS,,,,,,
997807.43996062874794,449430.529855646193027,23436,1507100002  ,176898,1,2015-07-10T09:30:46.000Z,0759,FRI,0,0,0,3104      ,3104-INJURY TRAFFIC ACCIDENT/BICYCLE                   ,997807.44,449430.53,UNIVERSITY BL E               ,INSIDE                                                 ,TUCSON              ,Approximately,210  ,Feet,W ,From,MOUNTAIN AVE                  ,1200    ,E ,UNIVERSITY                              ,BL  ,  ,                                        ,    ,DAYLIGHT                                               ,CLEAR                                                  ,                         ,NON-CONTROLLED ACCESS - INTERSECTION-RELATED           ,T-INTERSECTION                                         ,"2-WAY, NOT DIVIDED                                     ",OTHER                                                  ,BICYCLE                  ,TPD_TRAFFIC_INCIDENTS,,,,,,
1017504.660104986280203,437907.529855646193027,23454,1506110321  ,176378,2,2015-06-11T00:00:00.000Z,1400,THU,0,0,1,3104      ,3104-INJURY TRAFFIC ACCIDENT/BICYCLE                   ,1017504.66,437907.53,29TH ST E                     ,INSIDE                                                 ,TUCSON              ,Approximately,UNK  ,Feet,E ,From,MOUNTAIN VIEW AV S            ,        ,E ,29TH                                    ,ST  ,S ,MOUNTAIN VIEW                           ,AV  ,DAYLIGHT                                               ,CLEAR                                                  ,                         ,NON-CONTROLLED ACCESS - DRIVEWAY                       ,T-INTERSECTION                                         ,"2-WAY, NOT DIVIDED WITH CONT LEFT TURN LANE            ",SINGLE VEHICLE                                         ,                         ,TPD_TRAFFIC_INCIDENTS,,,,,,
1000715.240157481282949,461444.149934381246567,23462,1711090554  ,197901,2,2017-11-09T00:00:00.000Z,1710,THU,0,0,0,3104      ,3104-INJURY TRAFFIC ACCIDENT/BICYCLE                   ,1000715.24,461444.15,CAMPBELL AV N                 ,INSIDE                                                 ,TUCSON              ,Approximately,425  ,Feet,N ,From,FORT LOWELL RD E              ,        ,N ,CAMPBELL                                ,AV  ,E ,FORT LOWELL                             ,RD  ,DAYLIGHT                                               ,CLEAR                                                  ,                         ,NON-CONTROLLED ACCESS - DRIVEWAY                       ,FOUR-WAY INTERSECTION                                  ,"2-WAY, NOT DIVIDED WITH CONT LEFT TURN LANE            ",OTHER                                                  ,BICYCLE                  ,TPD_TRAFFIC_INCIDENTS,\\central\data\Transportation\Traffic\Accident Data\2017\1711090554.pdf,,,,,
1000715.240157481282949,461444.149934381246567,23473,1411250358  ,172365,2,2014-11-25T00:00:00.000Z,1615,TUE,0,0,0,3204      ,3204-PROP DMG TRAF ACCIDENT/BICYCLE                    ,1000715.24,461444.15,E FORT LOWELL RD              ,INSIDE                                                 ,TUCSON              ,N/A,     ,N/A,  ,At,N CAMPBELL AV                 ,        ,N ,CAMPBELL                                ,AV  ,E ,FORT LOWELL                             ,RD  ,DAYLIGHT                                               ,CLEAR                                                  ,                         ,NOT JUNCTION RELATED                                   ,,"2-WAY, NOT DIVIDED WITH CONT LEFT TURN LANE            ",LEFT TURN                                              ,                         ,TPD_TRAFFIC_INCIDENTS,,,,,,
1002687.93996062874794,458826.839895009994507,23477,1508300366  ,177975,2,2015-08-30T00:00:00.000Z,1623,SUN,0,0,1,3104      ,3104-INJURY TRAFFIC ACCIDENT/BICYCLE                   ,1002687.94,458826.84,E GLENN ST                    ,INSIDE                                                 ,TUCSON              ,N/A,     ,N/A,  ,At,N WILSON AV                   ,        ,E ,GLENN                                   ,ST  ,N ,WILSON                                  ,AV  ,DAYLIGHT                                               ,CLEAR                                                  ,                         ,NON-CONTROLLED ACCESS - INTERSECTION (WITHIN)          ,FOUR-WAY INTERSECTION                                  ,"2-WAY, NOT DIVIDED WITH CONT LEFT TURN LANE            ",SINGLE VEHICLE                                         ,                         ,TPD_TRAFFIC_INCIDENTS,,,,,,
1000715.240157481282949,461444.149934381246567,23482,1702150435  ,191190,2,2017-02-15T00:00:00.000Z,1803,WED,0,0,0,3104      ,3104-INJURY TRAFFIC ACCIDENT/BICYCLE                   ,1000715.24,461444.15,FORT LOWELL RD E              ,,TUCSON              ,N/A,     ,N/A,  ,At,CAMPBELL AV N                 ,        ,N ,CAMPBELL                                ,AV  ,E ,FORT LOWELL                             ,RD  ,DARK-LIGHTED                                           ,CLEAR                                                  ,                         ,NON-CONTROLLED ACCESS - INTERSECTION (WITHIN)          ,FOUR-WAY INTERSECTION                                  ,"2-WAY, NOT DIVIDED WITH CONT LEFT TURN LANE            ",SINGLE VEHICLE                                         ,                         ,TPD_TRAFFIC_INCIDENTS,\\central\data\Transportation\Traffic\Accident Data\2017\1702150435.pdf,,,,,
1000715.240157481282949,461444.149934381246567,23491,1603240335  ,182768,2,2016-03-24T00:00:00.000Z,1708,THU,0,0,1,3104      ,3104-INJURY TRAFFIC ACCIDENT/BICYCLE                   ,1000715.24,461444.15,CAMPBELL AV N                 ,INSIDE                                                 ,TUCSON              ,Approximately,100  ,Feet,S ,From,FORT LOWELL RD E              ,        ,N ,CAMPBELL                                ,AV  ,E ,FORT LOWELL                             ,RD  ,DAWN                                                   ,CLEAR                                                  ,                         ,NOT JUNCTION RELATED                                   ,,"2-WAY, NOT DIVIDED WITH CONT LEFT TURN LANE            ",SINGLE VEHICLE                                         ,                         ,TPD_TRAFFIC_INCIDENTS,,,,,,
998077.06003937125206,461400.160104990005493,23539,1602180376  ,181952,2,2016-02-18T00:00:00.000Z,1451,THU,0,0,0,3104      ,3104-INJURY TRAFFIC ACCIDENT/BICYCLE                   ,998077.06,461400.16,MOUNTAIN AV N                 ,INSIDE                                                 ,TUCSON              ,N/A,     ,N/A,  ,At,FORT LOWELL RD E              ,        ,E ,FORT LOWELL                             ,RD  ,N ,MOUNTAIN                                ,AV  ,DAYLIGHT                                               ,CLOUDY                                                 ,                         ,NON-CONTROLLED ACCESS - INTERSECTION (WITHIN)          ,FOUR-WAY INTERSECTION                                  ,"2-WAY, NOT DIVIDED WITH CONT LEFT TURN LANE            ",SINGLE VEHICLE                                         ,                         ,TPD_TRAFFIC_INCIDENTS,,,,,,
998077.06003937125206,461400.160104990005493,23551,1703030380  ,191652,2,2017-03-03T00:00:00.000Z,1458,FRI,0,1,0,3214      ,3214-PROP DMG TRAF ACCIDENT/HIT & RUN/BICYCLE          ,998077.06,461400.16,N MOUNTAIN AV                 ,,TUCSON              ,N/A,     ,N/A,  ,At,E FORT LOWELL RD              ,        ,E ,FORT LOWELL                             ,RD  ,N ,MOUNTAIN                                ,AV  ,DAYLIGHT                                               ,CLEAR                                                  ,                         ,NON-CONTROLLED ACCESS - INTERSECTION (WITHIN)          ,FOUR-WAY INTERSECTION                                  ,"2-WAY, NOT DIVIDED WITH CONT LEFT TURN LANE            ",SINGLE VEHICLE                                         ,                         ,TPD_TRAFFIC_INCIDENTS,\\central\data\Transportation\Traffic\Accident Data\2017\1703030380.pdf,,,,,
998183.62007873877883,450121.5,23592,1411210009  ,172256,2,2014-11-21T13:53:18.000Z,1158,FRI,0,0,0,3104      ,3104-INJURY TRAFFIC ACCIDENT/BICYCLE                   ,998183.62,450121.5,2ND ST E                      ,INSIDE                                                 ,TUCSON              ,N/A,     ,N/A,  ,At,MOUNTAIN AV N                 ,        ,E ,2ND                                     ,ST  ,N ,MOUNTAIN                                ,AV  ,DAYLIGHT                                               ,CLOUDY                                                 ,                         ,NON-CONTROLLED ACCESS - INTERSECTION-RELATED           ,FOUR-WAY INTERSECTION                                  ,"2-WAY, NOT DIVIDED WITH CONT LEFT TURN LANE            ",LEFT TURN                                              ,                         ,TPD_TRAFFIC_INCIDENTS,,,,,,
998183.62007873877883,450121.5,23594,1501130007  ,173421,1,2015-01-13T15:50:41.000Z,1550,TUE,0,0,0,3402      ,3402-OTHER VEHICLE ACCIDENTS/BICYCLE ACCIDENTS         ,998183.62,450121.5,2ND ST                        ,INSIDE                                                 ,TUCSON              ,Approximately,60   ,Feet,W ,At,MOUNTAIN AVE                  ,        ,E ,2ND                                     ,ST  ,N ,MOUNTAIN                                ,AV  ,DAYLIGHT                                               ,CLOUDY                                                 ,                         ,CONTROLLED ACCESS - THRU ROADWAY                       ,FOUR-WAY INTERSECTION                                  ,"2-WAY, NOT DIVIDED                                     ",SINGLE VEHICLE                                         ,                         ,TPD_TRAFFIC_INCIDENTS,,,,,,
1016063.68996062874794,456418.37992125749588,23646,1411070345  ,171968,2,2014-11-07T00:00:00.000Z,1711,FRI,0,0,0,3204      ,3204-PROP DMG TRAF ACCIDENT/BICYCLE                    ,1016063.69,456418.38,E GRANT RD                    ,INSIDE                                                 ,TUCSON              ,Approximately,UNK  ,Feet,E ,From,N VENICE PL                   ,        ,E ,GRANT                                   ,RD  ,N ,VENICE                                  ,PL  ,DUSK                                                   ,CLEAR                                                  ,                         ,NON-CONTROLLED ACCESS - INTERSECTION (WITHIN)          ,T-INTERSECTION                                         ,"2-WAY, NOT DIVIDED                                     ",ANGLE (FRONT TO SIDE) (OTHER THAN LEFT TURN)           ,                         ,TPD_TRAFFIC_INCIDENTS,,,,,,
991316.220144357532263,461318.640091866254807,23664,1601260422  ,181946,2,2016-01-26T00:00:00.000Z,1536,TUE,0,0,0,3104      ,3104-INJURY TRAFFIC ACCIDENT/BICYCLE                   ,991316.22,461318.64,N CASTRO AV                   ,INSIDE                                                 ,TUCSON              ,N/A,     ,N/A,  ,At,W FORT LOWELL RD              ,        ,N ,CASTRO                                  ,AV  ,W ,FORT LOWELL                             ,RD  ,,,                         ,,,,,                         ,TPD_TRAFFIC_INCIDENTS,,,,,,
998071.62007873877883,455225.160104990005493,23666,1608110409  ,186135,2,2016-08-11T00:00:00.000Z,1725,THU,0,0,0,3104      ,3104-INJURY TRAFFIC ACCIDENT/BICYCLE                   ,998071.62,455225.16,MOUNTAIN AV N                 ,INSIDE                                                 ,TUCSON              ,N/A,     ,N/A,  ,At,HAMPTON ST E                  ,        ,E ,HAMPTON                                 ,ST  ,N ,MOUNTAIN                                ,AV  ,DAYLIGHT                                               ,CLOUDY                                                 ,                         ,NON-CONTROLLED ACCESS - INTERSECTION (WITHIN)          ,FOUR-WAY INTERSECTION                                  ,"2-WAY, NOT DIVIDED                                     ",SINGLE VEHICLE                                         ,                         ,TPD_TRAFFIC_INCIDENTS,\\central\data\Transportation\Traffic\Accident Data\2016\1608110409.pdf,,,,,
998071.62007873877883,455225.160104990005493,23668,1612120210  ,189473,2,2016-12-12T00:00:00.000Z,1027,MON,0,0,0,3104      ,3104-INJURY TRAFFIC ACCIDENT/BICYCLE                   ,998071.62,455225.16,HAMPTON ST E                  ,INSIDE                                                 ,TUCSON              ,N/A,     ,N/A,  ,At,MOUNTAIN AV N                 ,        ,E ,HAMPTON                                 ,ST  ,N ,MOUNTAIN                                ,AV  ,DAYLIGHT                                               ,CLEAR                                                  ,                         ,NON-CONTROLLED ACCESS - INTERSECTION (WITHIN)          ,FOUR-WAY INTERSECTION                                  ,"2-WAY, NOT DIVIDED                                     ",SINGLE VEHICLE                                         ,                         ,TPD_TRAFFIC_INCIDENTS,\\central\data\Transportation\Traffic\Accident Data\2016\1612120210.pdf,,,,,
998120.18996062874794,451880.87992125749588,23669,1710030399  ,196931,2,2017-10-03T00:00:00.000Z,1356,TUE,0,0,0,3204      ,3204-PROP DMG TRAF ACCIDENT/BICYCLE                    ,998120.19,451880.88,MOUNTAIN AV N                 ,,TUCSON              ,N/A,     ,N/A,  ,At,MABEL ST E                    ,        ,E ,MABEL                                   ,ST  ,N ,MOUNTAIN                                ,AV  ,DAYLIGHT                                               ,CLEAR                                                  ,                         ,NON-CONTROLLED ACCESS - INTERSECTION (WITHIN)          ,FOUR-WAY INTERSECTION                                  ,"2-WAY, NOT DIVIDED WITH CONT LEFT TURN LANE            ",SINGLE VEHICLE                                         ,                         ,TPD_TRAFFIC_INCIDENTS,\\central\data\Transportation\Traffic\Accident Data\2017\1710030399.pdf,,,,,
994032.37007873877883,452172.839895009994507,23708,1504060415  ,175137,2,2015-04-06T00:00:00.000Z,1615,MON,0,0,0,3104      ,3104-INJURY TRAFFIC ACCIDENT/BICYCLE                   ,994032.37,452172.84,4TH AV N                      ,INSIDE                                                 ,TUCSON              ,N/A,     ,N/A,  ,At,DRACHMAN ST E                 ,        ,N ,4TH                                     ,AV  ,E ,DRACHMAN                                ,ST  ,DAYLIGHT                                               ,CLEAR                                                  ,                         ,CONTROLLED ACCESS - OTHER PART OF INTERCHANGE          ,ROUNDABOUT                                             ,"2-WAY, NOT DIVIDED WITH CONT LEFT TURN LANE            ",SINGLE VEHICLE                                         ,                         ,TPD_TRAFFIC_INCIDENTS,,,,,,
994032.37007873877883,452172.839895009994507,23709,1610100421  ,187754,2,2016-10-10T00:00:00.000Z,1715,MON,0,0,0,3104      ,3104-INJURY TRAFFIC ACCIDENT/BICYCLE                   ,994032.37,452172.84,4TH AV N                      ,INSIDE                                                 ,TUCSON              ,N/A,     ,N/A,  ,At,DRACHMAN ST E                 ,        ,N ,4TH                                     ,AV  ,E ,DRACHMAN                                ,ST  ,DAYLIGHT                                               ,CLEAR                                                  ,                         ,NON-CONTROLLED ACCESS - INTERSECTION (WITHIN)          ,FOUR-WAY INTERSECTION                                  ,"2-WAY, NOT DIVIDED                                     ",SINGLE VEHICLE                                         ,                         ,TPD_TRAFFIC_INCIDENTS,\\central\data\Transportation\Traffic\Accident Data\2016\1610100421.pdf,,,,,
1001161.5,425639.910104990005493,23731,1604180525  ,183344,2,2016-04-18T00:00:00.000Z,2146,MON,0,0,0,3104      ,3104-INJURY TRAFFIC ACCIDENT/BICYCLE                   ,1001161.5,425639.91,CAMPBELL AV S                 ,INSIDE                                                 ,TUCSON              ,N/A,     ,N/A,  ,At,MISSOURI ST E                 ,        ,S ,CAMPBELL                                ,AV  ,E ,MISSOURI                                ,ST  ,DARK-LIGHTED                                           ,CLEAR                                                  ,                         ,NON-CONTROLLED ACCESS - INTERSECTION (WITHIN)          ,FOUR-WAY INTERSECTION                                  ,"2-WAY, NOT DIVIDED                                     ",SINGLE VEHICLE                                         ,                         ,TPD_TRAFFIC_INCIDENTS,\\central\data\Transportation\Traffic\Accident Data\2016\1604180525.pdf,,,,,
993363.709973752498627,458094.790026247501373,23749,1404180532  ,168517,2,2014-04-18T00:00:00.000Z,2137,FRI,0,1,0,3214      ,3214-PROP DMG TRAF ACCIDENT/HIT & RUN/BICYCLE          ,993363.71,458094.79,N FONTANA AV                  ,INSIDE                                                 ,TUCSON              ,Approximately,UNK  ,Feet,S ,From,E KELSO ST                    ,        ,N ,FONTANA                                 ,AV  ,E ,KELSO                                   ,ST  ,DARK-NOT LIGHTED                                       ,CLEAR                                                  ,                         ,NOT JUNCTION RELATED                                   ,,"2-WAY, NOT DIVIDED                                     ",ANGLE (FRONT TO SIDE) (OTHER THAN LEFT TURN)           ,                         ,TPD_TRAFFIC_INCIDENTS,,,,,,
1006703.43996062874794,453012.75,23750,1404190012  ,168520,2,2014-04-19T00:00:00.000Z,0026,SAT,0,0,0,3104      ,3104-INJURY TRAFFIC ACCIDENT/BICYCLE                   ,1006703.44,453012.75,N CAMILLA BL                  ,INSIDE                                                 ,TUCSON              ,N/A,     ,N/A,  ,At,E LEE ST                      ,        ,N ,CAMILLA                                 ,BL  ,E ,LEE                                     ,ST  ,DARK-NOT LIGHTED                                       ,CLEAR                                                  ,                         ,NON-CONTROLLED ACCESS - INTERSECTION (WITHIN)          ,FOUR-WAY INTERSECTION                                  ,"2-WAY, NOT DIVIDED WITH CONT LEFT TURN LANE            ",ANGLE (FRONT TO SIDE) (OTHER THAN LEFT TURN)           ,                         ,TPD_TRAFFIC_INCIDENTS,,,,,,
994187.020013123750687,442179.830052495002747,23763,1703230545  ,192196,2,2017-03-23T00:00:00.000Z,2114,THU,0,0,0,3204      ,3204-PROP DMG TRAF ACCIDENT/BICYCLE                    ,994187.02,442179.83,18TH ST E                     ,INSIDE                                                 ,TUCSON              ,N/A,     ,N/A,  ,At,4TH AV S                      ,        ,E ,18TH                                    ,ST  ,S ,4TH                                     ,AV  ,DARK-NOT LIGHTED                                       ,CLEAR                                                  ,                         ,NON-CONTROLLED ACCESS - INTERSECTION (WITHIN)          ,FOUR-WAY INTERSECTION                                  ,"2-WAY, NOT DIVIDED                                     ",SINGLE VEHICLE                                         ,                         ,TPD_TRAFFIC_INCIDENTS,\\central\data\Transportation\Traffic\Accident Data\2017\1703230545.pdf,,,,,
993259.25,440735.589895009994507,23767,1701020311  ,189994,2,2017-01-02T00:00:00.000Z,1343,MON,0,0,0,3104      ,3104-INJURY TRAFFIC ACCIDENT/BICYCLE                   ,993259.25,440735.59,21ST ST E                     ,INSIDE                                                 ,TUCSON              ,N/A,     ,N/A,  ,At,6TH AV S                      ,        ,E ,21ST                                    ,ST  ,S ,6TH                                     ,AV  ,DAYLIGHT                                               ,CLOUDY                                                 ,                         ,NON-CONTROLLED ACCESS - INTERSECTION (WITHIN)          ,FOUR-WAY INTERSECTION                                  ,"2-WAY, NOT DIVIDED                                     ",SINGLE VEHICLE                                         ,                         ,TPD_TRAFFIC_INCIDENTS,\\central\data\Transportation\Traffic\Accident Data\2017\1701020311.pdf,,,,,
1025497.12007873877883,453870.12992125749588,23769,1709240384  ,196724,2,2017-09-24T00:00:00.000Z,1702,SUN,0,0,0,3104      ,3104-INJURY TRAFFIC ACCIDENT/BICYCLE                   ,1025497.12,453870.13,PIMA ST E                     ,,TUCSON              ,N/A,     ,N/A,  ,At,RIDGEWAY RD N                 ,        ,E ,PIMA                                    ,ST  ,N ,RIDGEWAY                                ,RD  ,DAYLIGHT                                               ,CLEAR                                                  ,                         ,NON-CONTROLLED ACCESS - INTERSECTION (WITHIN)          ,T-INTERSECTION                                         ,"2-WAY, NOT DIVIDED                                     ",SINGLE VEHICLE                                         ,                         ,TPD_TRAFFIC_INCIDENTS,\\central\data\Transportation\Traffic\Accident Data\2017\1709240384.pdf,,,,,
1025497.12007873877883,453870.12992125749588,23771,1411250114  ,172353,2,2014-11-25T00:00:00.000Z,0839,TUE,0,0,1,3104      ,3104-INJURY TRAFFIC ACCIDENT/BICYCLE                   ,1025497.12,453870.13,RIDGEWAY RD N                 ,INSIDE                                                 ,TUCSON              ,Approximately,500  ,Feet,N ,From,PIMA ST E                     ,        ,E ,PIMA                                    ,ST  ,N ,RIDGEWAY                                ,RD  ,DAYLIGHT                                               ,CLEAR                                                  ,                         ,NOT JUNCTION RELATED                                   ,,"2-WAY, NOT DIVIDED                                     ",LEFT TURN                                              ,                         ,TPD_TRAFFIC_INCIDENTS,,,,,,