X,Y,OBJECTID,acci_id,tamainid,numunits,AccidentDate,AccidentTime,DayOfWeek,WasFatal,WasHitAndRun,TransImmedMedCare,UCRCode,UCRDescription,CoordX,CoordY,Location,Inside_Outside,City,Accuracy,Distance,Units,Direction,From_At,IntersectingStreet,AddrNumber,AddrDirection,AddrStreetName,AddrStreetNameSuffix,CrossStreetDirection,CrossStreetName,CrossStreetSuffix,LightConditionDescription,WeatherDescription,WeatherOther,RelationDescription,IntersectionTypeDescription,RoadConfigurationDescription,MannerOfCrashDescription,MannerOfCrashOther,DATASOURCE,URL,F7Days,F28Days,COMPSTAT_28D,WEEKLY_7D,AccidentDateTime
1048539.43996062874794,441900.529855646193027,24559,1406230147  ,169615,2,2014-06-23T00:00:00.000Z,0649,MON,0,0,1,3104      ,3104-INJURY TRAFFIC ACCIDENT/BICYCLE                   ,1048539.44,441900.53,S HARRISON RD                 ,INSIDE                                                 ,TUCSON              ,N/A,     ,N/A,  ,At,E MAGDALENA RD                ,        ,S ,HARRISON                                ,RD  ,E ,MAGDALENA                               ,RD  ,DAYLIGHT                                               ,CLEAR                                                  ,                         ,NON-CONTROLLED ACCESS - INTERSECTION (WITHIN)          ,T-INTERSECTION                                         ,"2-WAY, DIVIDED POSITIVE MEDIAN BARRIER                 ",ANGLE (FRONT TO SIDE) (OTHER THAN LEFT TURN)           ,                         ,TPD_TRAFFIC_INCIDENTS,,,,,,
998019.75,465039.970144353806973,24567,1603070414  ,182354,2,2016-03-07T00:00:00.000Z,1522,MON,0,0,1,3104      ,3104-INJURY TRAFFIC ACCIDENT/BICYCLE                   ,998019.75,465039.97,MOUNTAIN AV N                 ,INSIDE                                                 ,TUCSON              ,N/A,     ,N/A,  ,At,ELLIS RD E                    ,        ,E ,ELLIS                                   ,RD  ,N ,MOUNTAIN                                ,AV  ,DAYLIGHT                                               ,CLEAR                                                  ,                         ,NON-CONTROLLED ACCESS - DRIVEWAY                       ,T-INTERSECTION                                         ,"2-WAY, NOT DIVIDED                                     ",SINGLE VEHICLE                                         ,                         ,TPD_TRAFFIC_INCIDENTS,,,,,,
1029322.87007873877883,445769.950131230056286,24616,1503230358  ,174845,2,2015-03-23T00:00:00.000Z,1811,MON,0,0,0,3104      ,3104-INJURY TRAFFIC ACCIDENT/BICYCLE                   ,1029322.87,445769.95,E BROADWAY BL                 ,INSIDE                                                 ,TUCSON              ,Approximately,95   ,Feet,W ,From,N AVENIDA NATACHEE            ,        ,N ,AVENIDA NATACHEE                        ,    ,E ,BROADWAY                                ,BL  ,DAYLIGHT                                               ,CLEAR                                                  ,                         ,NOT JUNCTION RELATED                                   ,,"2-WAY, DIVIDED POSITIVE MEDIAN BARRIER                 ","SIDESWIPE, SAME DIRECTION                              ",                         ,TPD_TRAFFIC_INCIDENTS,,,,,,
997848.140091862529516,450119.339895009994507,24756,1602110004  ,181794,2,2016-02-11T00:00:00.000Z,1057,   ,0,0,1,3104      ,3104-INJURY TRAFFIC ACCIDENT/BICYCLE                   ,997848.14,450119.34,E 2ND ST                      ,INSIDE                                                 ,TUCSON              ,Approximately,0    ,N/A,N ,At,N PALM                        ,        ,E ,2ND                                     ,ST  ,N ,PALM                                    ,DR  ,DAYLIGHT                                               ,CLEAR                                                  ,                         ,CONTROLLED ACCESS - INTERSECTION (WITHIN)              ,T-INTERSECTION                                         ,"2-WAY, NOT DIVIDED                                     ",UNKNOWN                                                ,                         ,TPD_TRAFFIC_INCIDENTS,,,,,,
998434.470144357532263,455979.640091866254807,24764,1407140361  ,170361,2,2014-07-14T00:00:00.000Z,1804,MON,0,0,0,3104      ,3104-INJURY TRAFFIC ACCIDENT/BICYCLE                   ,998434.47,455979.64,N HIGHLAND AV                 ,INSIDE                                                 ,TUCSON              ,Approximately,60   ,Feet,N ,From,E GRANT RD                    ,        ,E ,GRANT                                   ,RD  ,N ,HIGHLAND                                ,AV  ,DAYLIGHT                                               ,CLEAR                                                  ,                         ,NON-CONTROLLED ACCESS - ALLEY-ACCESS-RELATED           ,T-INTERSECTION                                         ,"2-WAY, NOT DIVIDED                                     ",ANGLE (FRONT TO SIDE) (OTHER THAN LEFT TURN)           ,                         ,TPD_TRAFFIC_INCIDENTS,,,,,,
1045484.850065615028143,459391.529855646193027,24826,1705030504  ,193343,2,2017-05-03T00:00:00.000Z,1858,WED,0,0,0,3104      ,3104-INJURY TRAFFIC ACCIDENT/BICYCLE                   ,1045484.85,459391.53,CATALINA HY E                 ,INSIDE                                                 ,TUCSON              ,Approximately,500  ,Feet,N ,From,TANQUE VERDE RD E             ,        ,E ,CATALINA                                ,HY  ,E ,TANQUE VERDE                            ,RD  ,DUSK                                                   ,CLEAR                                                  ,                         ,NOT JUNCTION RELATED                                   ,,"2-WAY, NOT DIVIDED                                     ",SINGLE VEHICLE                                         ,                         ,TPD_TRAFFIC_INCIDENTS,\\central\data\Transportation\Traffic\Accident Data\2017\1705030504.pdf,,,,,
1011398.5,449131.75,24828,1710130306  ,197174,2,2017-10-13T00:00:00.000Z,1142,FRI,0,0,0,3104      ,3104-INJURY TRAFFIC ACCIDENT/BICYCLE                   ,1011398.5,449131.75,4TH ST E                      ,INSIDE                                                 ,TUCSON              ,Approximately,UNK  ,Feet,W ,From,ALVERNON WY N                 ,        ,E ,4TH                                     ,ST  ,N ,ALVERNON                                ,WY  ,DAYLIGHT                                               ,CLEAR                                                  ,                         ,NON-CONTROLLED ACCESS - INTERSECTION-RELATED           ,T-INTERSECTION                                         ,"2-WAY, NOT DIVIDED                                     ",SINGLE VEHICLE                                         ,                         ,TPD_TRAFFIC_INCIDENTS,\\central\data\Transportation\Traffic\Accident Data\2017\1710130306.pdf,,,,,
1018155.160104986280203,414127.31003937125206,24870,1507070462  ,176850,2,2015-07-07T00:00:00.000Z,1644,TUE,0,1,0,3114      ,3114-INJURY TRAF ACCIDENT/HIT & RUN/BICYCLE            ,1018155.16,414127.31,E VALENCIA RD                 ,INSIDE                                                 ,TUCSON              ,N/A,     ,N/A,  ,At,E I10 EXIT 267 OFF RAMP       ,        ,E ,I10 EXIT 267 OFF RAMP                   ,    ,E ,VALENCIA                                ,RD  ,DAYLIGHT                                               ,CLEAR                                                  ,                         ,NON-CONTROLLED ACCESS - INTERSECTION (WITHIN)          ,T-INTERSECTION                                         ,"2-WAY, DIVIDED, UNPROT (PAINTED > 4 FEET) MEDIAN       ",SINGLE VEHICLE                                         ,                         ,TPD_TRAFFIC_INCIDENTS,,,,,,
1005193.68996062874794,451005.640091866254807,24886,1504020392  ,175061,2,2015-04-02T00:00:00.000Z,1614,THU,0,0,0,3104      ,3104-INJURY TRAFFIC ACCIDENT/BICYCLE                   ,1005193.69,451005.64,E SPEEDWAY BL                 ,INSIDE                                                 ,TUCSON              ,Approximately,20   ,Feet,E ,From,N STEWART AV                  ,        ,E ,SPEEDWAY                                ,BL  ,N ,STEWART                                 ,AV  ,DAYLIGHT                                               ,CLEAR                                                  ,                         ,NOT JUNCTION RELATED                                   ,,"2-WAY, DIVIDED POSITIVE MEDIAN BARRIER                 ",SINGLE VEHICLE                                         ,                         ,TPD_TRAFFIC_INCIDENTS,,,,,,
987433.12007873877883,465107.410104990005493,24899,1509280099  ,178559,2,2015-09-28T00:00:00.000Z,0648,MON,0,0,1,3104      ,3104-INJURY TRAFFIC ACCIDENT/BICYCLE                   ,987433.12,465107.41,FAIRVIEW AV N                 ,INSIDE                                                 ,TUCSON              ,Approximately,100  ,Feet,N ,From,SIMMONS RD W                  ,        ,N ,FAIRVIEW                                ,AV  ,W ,SIMMONS                                 ,RD  ,DAYLIGHT                                               ,CLEAR                                                  ,                         ,NOT JUNCTION RELATED                                   ,,"2-WAY, NOT DIVIDED WITH CONT LEFT TURN LANE            ",SINGLE VEHICLE                                         ,                         ,TPD_TRAFFIC_INCIDENTS,,,,,,
1028015.589895013719797,405717.700131230056286,24930,1605110485  ,183931,2,2016-05-11T00:00:00.000Z,1827,WED,0,0,0,3104      ,3104-INJURY TRAFFIC ACCIDENT/BICYCLE                   ,1028015.59,405717.7,S BAJA STONE AV               ,INSIDE                                                 ,TUCSON              ,Approximately,250  ,Feet,S ,From,S SENTINAL STONE DR           ,        ,S ,BAJA STONE                              ,AV  ,S ,SENTINAL STONE                          ,DR  ,DAYLIGHT                                               ,CLEAR                                                  ,                         ,NOT JUNCTION RELATED                                   ,,"2-WAY, NOT DIVIDED                                     ",SINGLE VEHICLE                                         ,                         ,TPD_TRAFFIC_INCIDENTS,\\central\data\Transportation\Traffic\Accident Data\2016\1605110485.pdf,,,,,
1016790.81003937125206,444733.669947504997253,26038,1706010345  ,194012,2,2017-06-01T00:00:00.000Z,1412,THU,0,0,0,3104      ,3104-INJURY TRAFFIC ACCIDENT/BICYCLE                   ,1016790.81,444733.67,E 13TH ST                     ,INSIDE                                                 ,TUCSON              ,N/A,     ,N/A,  ,At,S SWAN RD                     ,        ,E ,13TH                                    ,ST  ,S ,SWAN                                    ,RD  ,DAYLIGHT                                               ,CLEAR                                                  ,                         ,NON-CONTROLLED ACCESS - INTERSECTION (WITHIN)          ,T-INTERSECTION                                         ,"2-WAY, NOT DIVIDED                                     ",SINGLE VEHICLE                                         ,                         ,TPD_TRAFFIC_INCIDENTS,\\central\data\Transportation\Traffic\Accident Data\2017\1706010345.pdf,,,,,
1016790.81003937125206,444733.669947504997253,26039,1511230353  ,179922,2,2015-11-23T00:00:00.000Z,1528,MON,0,0,0,3104      ,3104-INJURY TRAFFIC ACCIDENT/BICYCLE                   ,1016790.81,444733.67,13TH ST E                     ,INSIDE                                                 ,TUCSON              ,N/A,     ,N/A,  ,At,SWAN RD S                     ,        ,E ,13TH                                    ,ST  ,S ,SWAN                                    ,RD  ,DAYLIGHT                                               ,CLEAR                                                  ,                         ,NON-CONTROLLED ACCESS - INTERSECTION (WITHIN)          ,T-INTERSECTION                                         ,"2-WAY, NOT DIVIDED                                     ",SINGLE VEHICLE                                         ,                         ,TPD_TRAFFIC_INCIDENTS,,,,,,
1031579.959973752498627,456611.640091866254807,26044,1812120369  ,207013,2,2018-12-12T00:00:00.000Z,1420,WED,0,0,1,3104      ,3104-INJURY TRAFFIC ACCIDENT/BICYCLE                   ,1031579.96,456611.64,TANQUE VERDE RD E             ,INSIDE                                                 ,TUCSON              ,N/A,     ,N/A,  ,At,INDIAN RIDGE DR N             ,        ,N ,INDIAN RIDGE                            ,DR  ,E ,TANQUE VERDE                            ,RD  ,DAYLIGHT                                               ,CLEAR                                                  ,                         ,NON-CONTROLLED ACCESS - INTERSECTION (WITHIN)          ,T-INTERSECTION                                         ,"2-WAY, DIVIDED, UNPROT (PAINTED > 4 FEET) MEDIAN       ",OTHER                                                  ,PEDALCYCLE               ,TPD_TRAFFIC_INCIDENTS,\\central\data\Transportation\Traffic\Accident Data\2018\1812120369.pdf,,,,,
990104.770013123750687,463046.589895009994507,26093,1504290322  ,175716,2,2015-04-29T00:00:00.000Z,1417,WED,0,1,0,3214      ,3214-PROP DMG TRAF ACCIDENT/HIT & RUN/BICYCLE          ,990104.77,463046.59,ORACLE RD N                   ,,TUCSON              ,Approximately,300  ,Feet,S ,From,YAVAPAI RD W                  ,        ,N ,ORACLE                                  ,RD  ,W ,YAVAPAI                                 ,RD  ,DAYLIGHT                                               ,CLEAR                                                  ,                         ,NOT JUNCTION RELATED                                   ,,"2-WAY, DIVIDED POSITIVE MEDIAN BARRIER                 ",ANGLE (FRONT TO SIDE) (OTHER THAN LEFT TURN)           ,                         ,TPD_TRAFFIC_INCIDENTS,,,,,,
1003392.43996062874794,453424.18996062874794,26106,1710050481  ,196987,2,2017-10-05T00:00:00.000Z,1606,THU,0,0,0,3104      ,3104-INJURY TRAFFIC ACCIDENT/BICYCLE                   ,1003392.44,453424.19,TUCSON BL N                   ,INSIDE                                                 ,TUCSON              ,Approximately,UNK  ,Feet,S ,From,ELM ST E                      ,        ,E ,ELM                                     ,ST  ,N ,TUCSON                                  ,BL  ,DAYLIGHT                                               ,CLEAR                                                  ,                         ,NON-CONTROLLED ACCESS - INTERSECTION-RELATED           ,FOUR-WAY INTERSECTION                                  ,"2-WAY, NOT DIVIDED WITH CONT LEFT TURN LANE            ",SINGLE VEHICLE                                         ,                         ,TPD_TRAFFIC_INCIDENTS,\\central\data\Transportation\Traffic\Accident Data\2017\1710050481.pdf,,,,,
1003392.43996062874794,453424.18996062874794,26109,1610270210  ,188210,2,2016-10-27T00:00:00.000Z,0823,THU,0,1,0,3214      ,3214-PROP DMG TRAF ACCIDENT/HIT & RUN/BICYCLE          ,1003392.44,453424.19,E ELM ST                      ,INSIDE                                                 ,TUCSON              ,Approximately,500  ,Feet,E ,From,N TUCSON BL                   ,        ,E ,ELM                                     ,ST  ,N ,TUCSON                                  ,BL  ,DAYLIGHT                                               ,CLEAR                                                  ,                         ,NOT JUNCTION RELATED                                   ,,"2-WAY, NOT DIVIDED WITH CONT LEFT TURN LANE            ",SINGLE VEHICLE                                         ,                         ,TPD_TRAFFIC_INCIDENTS,\\central\data\Transportation\Traffic\Accident Data\2016\1610270210.pdf,,,,,
993086.68996062874794,451801.720144353806973,26130,1509220500  ,178447,2,2015-09-22T00:00:00.000Z,1914,TUE,0,1,0,3114      ,3114-INJURY TRAF ACCIDENT/HIT & RUN/BICYCLE            ,993086.69,451801.72,MABEL ST E                    ,INSIDE                                                 ,TUCSON              ,N/A,     ,N/A,  ,At,6TH AV N                      ,        ,N ,6TH                                     ,AV  ,E ,MABEL                                   ,ST  ,DARK-NOT LIGHTED                                       ,RAIN                                                   ,                         ,NON-CONTROLLED ACCESS - INTERSECTION (WITHIN)          ,FOUR-WAY INTERSECTION                                  ,"2-WAY, NOT DIVIDED WITH CONT LEFT TURN LANE            ",SINGLE VEHICLE                                         ,                         ,TPD_TRAFFIC_INCIDENTS,,,,,,
1009365.37007873877883,451741.31003937125206,26154,1508080384  ,177488,2,2015-08-08T00:00:00.000Z,1705,SAT,0,0,0,3104      ,3104-INJURY TRAFFIC ACCIDENT/BICYCLE                   ,1009365.37,451741.31,BELLEVUE ST E                 ,INSIDE                                                 ,TUCSON              ,N/A,     ,N/A,  ,At,RICHEY BL N                   ,        ,E ,BELLEVUE                                ,ST  ,N ,RICHEY                                  ,BL  ,DAYLIGHT                                               ,CLOUDY                                                 ,                         ,NON-CONTROLLED ACCESS - INTERSECTION (WITHIN)          ,FOUR-WAY INTERSECTION                                  ,"2-WAY, NOT DIVIDED                                     ",SINGLE VEHICLE                                         ,                         ,TPD_TRAFFIC_INCIDENTS,,,,,,
992578.470144357532263,467480.790026247501373,26168,1503180322  ,174740,2,2015-03-18T00:00:00.000Z,1439,WED,0,0,0,3104      ,3104-INJURY TRAFFIC ACCIDENT/BICYCLE                   ,992578.47,467480.79,CALLE ARIZONA E               ,INSIDE                                                 ,TUCSON              ,Approximately,UNK  ,Feet,E ,From,STONE AV N                    ,        ,E ,CALLE ARIZONA                           ,    ,N ,STONE                                   ,AV  ,DAYLIGHT                                               ,CLOUDY                                                 ,                         ,NOT JUNCTION RELATED                                   ,,"2-WAY, NOT DIVIDED                                     ",SINGLE VEHICLE                                         ,                         ,TPD_TRAFFIC_INCIDENTS,,,,,,
1011975.37992126122117,430216.450131230056286,26198,1509090411  ,178156,2,2015-09-09T00:00:00.000Z,1825,WED,0,0,0,3104      ,3104-INJURY TRAFFIC ACCIDENT/BICYCLE                   ,1011975.38,430216.45,GOLF LINKS RD S               ,INSIDE                                                 ,TUCSON              ,Approximately,1/4  ,Miles,E ,From,ALVERNON WY S                 ,        ,S ,ALVERNON                                ,WY  ,S ,GOLF LINKS                              ,RD  ,DUSK                                                   ,CLOUDY                                                 ,                         ,NOT JUNCTION RELATED                                   ,,"2-WAY, DIVIDED, UNPROT (PAINTED > 4 FEET) MEDIAN       ",SINGLE VEHICLE                                         ,                         ,TPD_TRAFFIC_INCIDENTS,,,,,,
998008.81003937125206,466427.56003937125206,26234,1412220144  ,172992,2,2014-12-22T00:00:00.000Z,0847,MON,0,0,1,3104      ,3104-INJURY TRAFFIC ACCIDENT/BICYCLE                   ,998008.81,466427.56,N MOUNTAIN AV                 ,INSIDE                                                 ,TUCSON              ,N/A,     ,N/A,  ,At,E DUKE DR                     ,        ,E ,DUKE                                    ,DR  ,N ,MOUNTAIN                                ,AV  ,DAYLIGHT                                               ,CLEAR                                                  ,                         ,NON-CONTROLLED ACCESS - INTERSECTION (WITHIN)          ,FOUR-WAY INTERSECTION                                  ,"2-WAY, NOT DIVIDED                                     ",OTHER                                                  ,FRONT TO SIDE            ,TPD_TRAFFIC_INCIDENTS,,,,,,
989329.18996062874794,413703.669947504997253,26259,1903220594  ,209443,2,2019-03-22T00:00:00.000Z,1859,FRI,0,0,0,3104      ,3104-INJURY TRAFFIC ACCIDENT/BICYCLE                   ,989329.19,413703.67,SANTA CLARA AV S              ,,TUCSON              ,Approximately,10   ,Feet,E ,From,VALENCIA RD W                 ,        ,S ,SANTA CLARA                             ,AV  ,W ,VALENCIA                                ,RD  ,DARK-LIGHTED                                           ,CLEAR                                                  ,                         ,NON-CONTROLLED ACCESS - INTERSECTION-RELATED           ,FOUR-WAY INTERSECTION                                  ,"2-WAY, DIVIDED, UNPROT (PAINTED > 4 FEET) MEDIAN       ",OTHER                                                  ,PEDALCYCLE               ,TPD_TRAFFIC_INCIDENTS,\\central\data\Transportation\Traffic\Accident Data\2019\1903220594.pdf,,,,,
1053783.37992126122117,444443.660104990005493,26276,1502190348  ,174173,2,2015-02-19T00:00:00.000Z,1709,THU,0,0,0,3104      ,3104-INJURY TRAFFIC ACCIDENT/BICYCLE                   ,1053783.38,444443.66,S HOUGHTON RD                 ,INSIDE                                                 ,TUCSON              ,N/A,     ,N/A,  ,At,E FOXMOOR DR                  ,        ,E ,FOXMOOR                                 ,DR  ,S ,HOUGHTON                                ,RD  ,DAYLIGHT                                               ,CLEAR                                                  ,                         ,NON-CONTROLLED ACCESS - INTERSECTION (WITHIN)          ,T-INTERSECTION                                         ,"2-WAY, NOT DIVIDED                                     ",SINGLE VEHICLE                                         ,                         ,TPD_TRAFFIC_INCIDENTS,,,,,,
983814.12007873877883,463972.68996062874794,26352,1804100428  ,201574,2,2018-04-10T00:00:00.000Z,1544,TUE,0,0,0,3104      ,3104-INJURY TRAFFIC ACCIDENT/BICYCLE                   ,983814.12,463972.69,PRINCE RD W                   ,INSIDE                                                 ,TUCSON              ,N/A,     ,N/A,  ,At,IROQUOIS AV N                 ,        ,N ,IROQUOIS                                ,AV  ,W ,PRINCE                                  ,RD  ,DAYLIGHT                                               ,CLEAR                                                  ,                         ,NON-CONTROLLED ACCESS - INTERSECTION (WITHIN)          ,T-INTERSECTION                                         ,"2-WAY, NOT DIVIDED WITH CONT LEFT TURN LANE            ",OTHER                                                  ,PEDALCYCLIST             ,TPD_TRAFFIC_INCIDENTS,\\central\data\Transportation\Traffic\Accident Data\2018\1804100428.pdf,,,,,
1006059.75,452349.279855646193027,26381,1610050114  ,187605,2,2016-10-05T00:00:00.000Z,0822,WED,0,0,1,3104      ,3104-INJURY TRAFFIC ACCIDENT/BICYCLE                   ,1006059.75,452349.28,DRACHMAN ST E                 ,INSIDE                                                 ,TUCSON              ,N/A,     ,N/A,  ,At,COUNTRY CLUB RD N             ,        ,N ,COUNTRY CLUB                            ,RD  ,E ,DRACHMAN                                ,ST  ,DAYLIGHT                                               ,CLEAR                                                  ,                         ,NON-CONTROLLED ACCESS - INTERSECTION (WITHIN)          ,FOUR-WAY INTERSECTION                                  ,"2-WAY, NOT DIVIDED                                     ",SINGLE VEHICLE                                         ,                         ,TPD_TRAFFIC_INCIDENTS,\\central\data\Transportation\Traffic\Accident Data\2016\1610050114.pdf,,,,,
1004018.06003937125206,456858.029855646193027,26389,1501130299  ,173415,2,2015-01-13T00:00:00.000Z,1453,TUE,0,1,0,3114      ,3114-INJURY TRAF ACCIDENT/HIT & RUN/BICYCLE            ,1004018.06,456858.03,E WATER ST                    ,INSIDE                                                 ,TUCSON              ,N/A,     ,N/A,  ,At,N FORGEUS AV                  ,        ,N ,FORGEUS                                 ,AV  ,E ,WATER                                   ,ST  ,DAYLIGHT                                               ,CLEAR                                                  ,                         ,NON-CONTROLLED ACCESS - INTERSECTION (WITHIN)          ,FOUR-WAY INTERSECTION                                  ,"2-WAY, NOT DIVIDED                                     ",ANGLE (FRONT TO SIDE) (OTHER THAN LEFT TURN)           ,                         ,TPD_TRAFFIC_INCIDENTS,,,,,,
994056.62007873877883,450263.720144353806973,26495,1702230566  ,191451,2,2017-02-23T00:00:00.000Z,2220,THU,0,0,0,3104      ,3104-INJURY TRAFFIC ACCIDENT/BICYCLE                   ,994056.62,450263.72,1ST ST E                      ,INSIDE                                                 ,TUCSON              ,N/A,     ,N/A,  ,At,4TH AV N                      ,        ,E ,1ST                                     ,ST  ,N ,4TH                                     ,AV  ,DARK-LIGHTED                                           ,CLEAR                                                  ,                         ,NON-CONTROLLED ACCESS - INTERSECTION (WITHIN)          ,FOUR-WAY INTERSECTION                                  ,"2-WAY, NOT DIVIDED                                     ",SINGLE VEHICLE                                         ,                         ,TPD_TRAFFIC_INCIDENTS,\\central\data\Transportation\Traffic\Accident Data\2017\1702230566.pdf,,,,,
995419.0,459449.299868769943714,26540,1503250383  ,174889,2,2015-03-25T00:00:00.000Z,1605,WED,0,1,0,3214      ,3214-PROP DMG TRAF ACCIDENT/HIT & RUN/BICYCLE          ,995419,459449.3,1ST AV N                      ,INSIDE                                                 ,TUCSON              ,N/A,     ,N/A,  ,At,LAGUNA ST E                   ,        ,N ,1ST                                     ,AV  ,E ,LAGUNA                                  ,ST  ,DAYLIGHT                                               ,CLEAR                                                  ,                         ,NON-CONTROLLED ACCESS - INTERSECTION (WITHIN)          ,T-INTERSECTION                                         ,"2-WAY, NOT DIVIDED                                     ",SINGLE VEHICLE                                         ,                         ,TPD_TRAFFIC_INCIDENTS,,,,,,
990730.160104986280203,445954.520013123750687,26659,1611180378  ,188861,2,2016-11-18T00:00:00.000Z,1406,FRI,0,0,0,3104      ,3104-INJURY TRAFFIC ACCIDENT/BICYCLE                   ,990730.16,445954.52,GRANADA AV N                  ,INSIDE                                                 ,TUCSON              ,N/A,     ,N/A,  ,At,ALAMEDA ST W                  ,        ,W ,ALAMEDA                                 ,ST  ,N ,GRANADA                                 ,AV  ,DAYLIGHT                                               ,CLEAR                                                  ,                         ,NON-CONTROLLED ACCESS - INTERSECTION (WITHIN)          ,FOUR-WAY INTERSECTION                                  ,"2-WAY, DIVIDED, UNPROT (PAINTED > 4 FEET) MEDIAN       ",SINGLE VEHICLE                                         ,                         ,TPD_TRAFFIC_INCIDENTS,\\central\data\Transportation\Traffic\Accident Data\2016\1611180378.pdf,,,,,
989820.75,419066.339895009994507,26661,1711100108  ,197912,2,2017-11-10T00:00:00.000Z,0723,FRI,0,0,0,3104      ,3104-INJURY TRAFFIC ACCIDENT/BICYCLE                   ,989820.75,419066.34,DREXEL RD W                   ,INSIDE                                                 ,TUCSON              ,N/A,     ,N/A,  ,At,HOLLADAY DR W                 ,        ,W ,DREXEL                                  ,RD  ,W ,HOLLADAY                                ,DR  ,DAYLIGHT                                               ,CLEAR                                                  ,                         ,NON-CONTROLLED ACCESS - INTERSECTION (WITHIN)          ,T-INTERSECTION                                         ,"2-WAY, NOT DIVIDED                                     ",SINGLE VEHICLE                                         ,                         ,TPD_TRAFFIC_INCIDENTS,\\central\data\Transportation\Traffic\Accident Data\2017\1711100108.pdf,,,,,
1006002.290026247501373,455919.959973752498627,26662,1707250391  ,195180,2,2017-07-25T00:00:00.000Z,1519,TUE,0,0,0,3104      ,3104-INJURY TRAFFIC ACCIDENT/BICYCLE                   ,1006002.29,455919.96,COUNTRY CLUB RD N             ,,TUCSON              ,N/A,     ,N/A,  ,At,BRAY RD E                     ,        ,E ,BRAY                                    ,RD  ,N ,COUNTRY CLUB                            ,RD  ,DAYLIGHT                                               ,CLEAR                                                  ,                         ,NON-CONTROLLED ACCESS - INTERSECTION (WITHIN)          ,T-INTERSECTION                                         ,"2-WAY, NOT DIVIDED WITH CONT LEFT TURN LANE            ",SINGLE VEHICLE                                         ,                         ,TPD_TRAFFIC_INCIDENTS,\\central\data\Transportation\Traffic\Accident Data\2017\1707250391.pdf,,,,,
1001038.160104986280203,427933.779855646193027,26678,1511130435  ,179681,2,2015-11-13T00:00:00.000Z,1719,FRI,0,0,0,3104      ,3104-INJURY TRAFFIC ACCIDENT/BICYCLE                   ,1001038.16,427933.78,KINO PW S                     ,INSIDE                                                 ,TUCSON              ,N/A,     ,N/A,  ,At,I10 EXIT 263 ON RAMP E        ,        ,E ,I10 EXIT 263 ON RAMP                    ,    ,S ,KINO                                    ,PW  ,DARK-LIGHTED                                           ,CLEAR                                                  ,                         ,CONTROLLED ACCESS - INTERSECTION (WITHIN)              ,T-INTERSECTION                                         ,"2-WAY, DIVIDED POSITIVE MEDIAN BARRIER                 ",SINGLE VEHICLE                                         ,                         ,TPD_TRAFFIC_INCIDENTS,,,,,,
1001273.37007873877883,446582.279855646193027,26680,1503160109  ,174695,2,2015-03-16T00:00:00.000Z,0806,MON,0,0,1,3104      ,3104-INJURY TRAFFIC ACCIDENT/BICYCLE                   ,1001273.37,446582.28,E 9TH ST                      ,INSIDE                                                 ,TUCSON              ,Approximately,100  ,Feet,E ,From,N NORRIS AV                   ,        ,E ,9TH                                     ,ST  ,N ,NORRIS                                  ,AV  ,DAYLIGHT                                               ,CLEAR                                                  ,                         ,NOT JUNCTION RELATED                                   ,,"2-WAY, NOT DIVIDED                                     ",SINGLE VEHICLE                                         ,                         ,TPD_TRAFFIC_INCIDENTS,,,,,,
1006234.06003937125206,437756.0,26688,1709290135  ,196841,2,2017-09-29T00:00:00.000Z,0823,FRI,0,0,0,3104      ,3104-INJURY TRAFFIC ACCIDENT/BICYCLE                   ,1006234.06,437756,COUNTRY CLUB RD S             ,INSIDE                                                 ,TUCSON              ,N/A,     ,N/A,  ,At,31ST ST E                     ,        ,E ,31ST                                    ,ST  ,S ,COUNTRY CLUB                            ,RD  ,DAYLIGHT                                               ,CLEAR                                                  ,                         ,NON-CONTROLLED ACCESS - INTERSECTION (WITHIN)          ,FOUR-WAY INTERSECTION                                  ,"2-WAY, NOT DIVIDED                                     ",SINGLE VEHICLE                                         ,                         ,TPD_TRAFFIC_INCIDENTS,\\central\data\Transportation\Traffic\Accident Data\2017\1709290135.pdf,,,,,
1051032.75,404645.68996062874794,26708,1710040123  ,196942,2,2017-10-04T00:00:00.000Z,0919,WED,0,0,0,3104      ,3104-INJURY TRAFFIC ACCIDENT/BICYCLE                   ,1051032.75,404645.69,RANKIN LP E                   ,INSIDE                                                 ,TUCSON              ,N/A,     ,N/A,  ,At,TARBELA AV S                  ,        ,E ,RANKIN                                  ,LP  ,S ,TARBELA                                 ,AV  ,DAYLIGHT                                               ,CLEAR                                                  ,                         ,NON-CONTROLLED ACCESS - INTERSECTION (WITHIN)          ,T-INTERSECTION                                         ,"2-WAY, NOT DIVIDED                                     ",SINGLE VEHICLE                                         ,                         ,TPD_TRAFFIC_INCIDENTS,\\central\data\Transportation\Traffic\Accident Data\2017\1710040123.pdf,,,,,