X,Y,OBJECTID,acci_id,tamainid,numunits,AccidentDate,AccidentTime,DayOfWeek,WasFatal,WasHitAndRun,TransImmedMedCare,UCRCode,UCRDescription,CoordX,CoordY,Location,Inside_Outside,City,Accuracy,Distance,Units,Direction,From_At,IntersectingStreet,AddrNumber,AddrDirection,AddrStreetName,AddrStreetNameSuffix,CrossStreetDirection,CrossStreetName,CrossStreetSuffix,LightConditionDescription,WeatherDescription,WeatherOther,RelationDescription,IntersectionTypeDescription,RoadConfigurationDescription,MannerOfCrashDescription,MannerOfCrashOther,DATASOURCE,URL,F7Days,F28Days,COMPSTAT_28D,WEEKLY_7D,AccidentDateTime
1007272.56003937125206,458914.68996062874794,26716,1708020613  ,195362,2,2017-08-02T00:00:00.000Z,1918,WED,0,0,1,3104      ,3104-INJURY TRAFFIC ACCIDENT/BICYCLE                   ,1007272.56,458914.69,EDITH BL N                    ,INSIDE                                                 ,TUCSON              ,N/A,     ,N/A,  ,At,GLENN ST E                    ,        ,N ,EDITH                                   ,BL  ,E ,GLENN                                   ,ST  ,DARK-LIGHTED                                           ,CLEAR                                                  ,                         ,NON-CONTROLLED ACCESS - INTERSECTION (WITHIN)          ,FOUR-WAY INTERSECTION                                  ,"2-WAY, NOT DIVIDED WITH CONT LEFT TURN LANE            ",ANGLE (FRONT TO SIDE) (OTHER THAN LEFT TURN)           ,                         ,TPD_TRAFFIC_INCIDENTS,\\central\data\Transportation\Traffic\Accident Data\2017\1708020613.pdf,,,,,
1003616.729986876249313,424497.640091866254807,26752,1511050435  ,179525,2,2015-11-05T00:00:00.000Z,1824,THU,0,0,0,3104      ,3104-INJURY TRAFFIC ACCIDENT/BICYCLE                   ,1003616.73,424497.64,IRVINGTON RD E                ,INSIDE                                                 ,TUCSON              ,Approximately,100  ,Feet,W ,From,BENSON HY E                   ,        ,E ,BENSON                                  ,HY  ,E ,IRVINGTON                               ,RD  ,DARK-LIGHTED                                           ,CLEAR                                                  ,                         ,NOT JUNCTION RELATED                                   ,,"2-WAY, NOT DIVIDED WITH CONT LEFT TURN LANE            ",SINGLE VEHICLE                                         ,                         ,TPD_TRAFFIC_INCIDENTS,,,,,,
999384.81003937125206,461423.220144353806973,26771,1511030127  ,179463,2,2015-11-03T00:00:00.000Z,0754,TUE,0,0,1,3104      ,3104-INJURY TRAFFIC ACCIDENT/BICYCLE                   ,999384.81,461423.22,FORT LOWELL RD E              ,INSIDE                                                 ,TUCSON              ,N/A,     ,N/A,  ,At,CHERRY AV N                   ,        ,N ,CHERRY                                  ,AV  ,E ,FORT LOWELL                             ,RD  ,DAYLIGHT                                               ,CLEAR                                                  ,                         ,NON-CONTROLLED ACCESS - INTERSECTION (WITHIN)          ,FOUR-WAY INTERSECTION                                  ,"2-WAY, NOT DIVIDED                                     ",SINGLE VEHICLE                                         ,                         ,TPD_TRAFFIC_INCIDENTS,,,,,,
994017.25,458766.75,26773,1606180453  ,184829,2,2016-06-18T00:00:00.000Z,1939,SAT,0,1,0,3214      ,3214-PROP DMG TRAF ACCIDENT/HIT & RUN/BICYCLE          ,994017.25,458766.75,E GLENN ST                    ,INSIDE                                                 ,TUCSON              ,Approximately,50   ,Feet,E ,From,N GERONIMO AV                 ,        ,N ,GERONIMO                                ,AV  ,E ,GLENN                                   ,ST  ,DAYLIGHT                                               ,CLEAR                                                  ,                         ,NOT JUNCTION RELATED                                   ,,"2-WAY, NOT DIVIDED WITH CONT LEFT TURN LANE            ",SINGLE VEHICLE                                         ,                         ,TPD_TRAFFIC_INCIDENTS,\\central\data\Transportation\Traffic\Accident Data\2016\1606180453.pdf,,,,,
969762.81003937125206,471870.470144353806973,26813,1604230147  ,183481,2,2016-04-23T00:00:00.000Z,0708,SAT,0,0,0,3104      ,3104-INJURY TRAFFIC ACCIDENT/BICYCLE                   ,969762.81,471870.47,W EL CAMINO DEL CERRO         ,INSIDE                                                 ,TUCSON              ,N/A,     ,N/A,  ,At,N SILVERBELL RD               ,        ,W ,EL CAMINO DEL CERRO                     ,    ,N ,SILVERBELL                              ,RD  ,DAYLIGHT                                               ,CLEAR                                                  ,                         ,NON-CONTROLLED ACCESS - INTERSECTION (WITHIN)          ,FOUR-WAY INTERSECTION                                  ,"2-WAY, NOT DIVIDED                                     ",SINGLE VEHICLE                                         ,                         ,TPD_TRAFFIC_INCIDENTS,\\central\data\Transportation\Traffic\Accident Data\2016\1604230147.pdf,,,,,
993147.87007873877883,447863.020013123750687,26819,1512120095  ,180304,2,2015-12-12T00:00:00.000Z,0244,SAT,0,1,0,3114      ,3114-INJURY TRAF ACCIDENT/HIT & RUN/BICYCLE            ,993147.87,447863.02,6TH ST E                      ,INSIDE                                                 ,TUCSON              ,Approximately,50   ,Feet,E ,From,6TH AV N                      ,        ,N ,6TH                                     ,AV  ,E ,6TH                                     ,ST  ,DARK-LIGHTED                                           ,RAIN                                                   ,                         ,NOT JUNCTION RELATED                                   ,,"2-WAY, NOT DIVIDED WITH CONT LEFT TURN LANE            ",SINGLE VEHICLE                                         ,                         ,TPD_TRAFFIC_INCIDENTS,,,,,,
993147.87007873877883,447863.020013123750687,26820,1506130273  ,176422,2,2015-06-13T00:00:00.000Z,1050,SAT,0,0,0,3204      ,3204-PROP DMG TRAF ACCIDENT/BICYCLE                    ,993147.87,447863.02,6TH AV N                      ,INSIDE                                                 ,TUCSON              ,N/A,     ,N/A,  ,At,6TH ST E                      ,        ,N ,6TH                                     ,AV  ,E ,6TH                                     ,ST  ,DAYLIGHT                                               ,CLEAR                                                  ,                         ,NON-CONTROLLED ACCESS - INTERSECTION (WITHIN)          ,FOUR-WAY INTERSECTION                                  ,"2-WAY, NOT DIVIDED WITH CONT LEFT TURN LANE            ",SINGLE VEHICLE                                         ,                         ,TPD_TRAFFIC_INCIDENTS,,,,,,
990712.25,409228.62007874250412,26865,1602200330  ,181996,1,2016-02-20T00:00:00.000Z,1817,SAT,0,0,1,3402      ,3402-OTHER VEHICLE ACCIDENTS/BICYCLE ACCIDENTS         ,990712.25,409228.62,INEZ DR W                     ,INSIDE                                                 ,TUCSON              ,Measured,150  ,Feet,E ,From,12TH AV S                     ,        ,S ,12TH                                    ,AV  ,W ,INEZ                                    ,DR  ,DUSK                                                   ,CLEAR                                                  ,                         ,NOT JUNCTION RELATED                                   ,,"2-WAY, NOT DIVIDED                                     ",SINGLE VEHICLE                                         ,                         ,TPD_TRAFFIC_INCIDENTS,,,,,,
1000251.37007873877883,458790.93996062874794,26874,1701200490  ,190423,2,2017-01-20T00:00:00.000Z,1916,FRI,0,0,0,3104      ,3104-INJURY TRAFFIC ACCIDENT/BICYCLE                   ,1000251.37,458790.94,GLENN ST E                    ,,TUCSON              ,Approximately,35   ,Feet,W ,From,MARTIN AV N                   ,        ,E ,GLENN                                   ,ST  ,N ,MARTIN                                  ,AV  ,DARK-LIGHTED                                           ,RAIN                                                   ,                         ,NON-CONTROLLED ACCESS - DRIVEWAY                       ,T-INTERSECTION                                         ,"2-WAY, NOT DIVIDED WITH CONT LEFT TURN LANE            ",SINGLE VEHICLE                                         ,                         ,TPD_TRAFFIC_INCIDENTS,\\central\data\Transportation\Traffic\Accident Data\2017\1701200490.pdf,,,,,
998619.68996062874794,446506.720144353806973,26881,1703020595  ,191633,2,2017-03-02T00:00:00.000Z,2103,THU,0,0,0,3104      ,3104-INJURY TRAFFIC ACCIDENT/BICYCLE                   ,998619.69,446506.72,HIGHLAND AV N                 ,INSIDE                                                 ,TUCSON              ,N/A,     ,N/A,  ,At,9TH ST E                      ,        ,E ,9TH                                     ,ST  ,N ,HIGHLAND                                ,AV  ,DARK-LIGHTED                                           ,CLEAR                                                  ,                         ,NON-CONTROLLED ACCESS - INTERSECTION (WITHIN)          ,FOUR-WAY INTERSECTION                                  ,"2-WAY, NOT DIVIDED                                     ",SINGLE VEHICLE                                         ,                         ,TPD_TRAFFIC_INCIDENTS,\\central\data\Transportation\Traffic\Accident Data\2017\1703020595.pdf,,,,,
1014125.75,445466.0,26883,1505080179  ,175739,2,2015-05-08T00:00:00.000Z,1039,FRI,0,0,0,3104      ,3104-INJURY TRAFFIC ACCIDENT/BICYCLE                   ,1014125.75,445466,COLUMBUS BL S                 ,INSIDE                                                 ,TUCSON              ,N/A,     ,N/A,  ,At,CALLE DE MADRID E             ,        ,E ,CALLE DE MADRID                         ,    ,S ,COLUMBUS                                ,BL  ,DAYLIGHT                                               ,CLEAR                                                  ,                         ,NON-CONTROLLED ACCESS - INTERSECTION (WITHIN)          ,FOUR-WAY INTERSECTION                                  ,"2-WAY, NOT DIVIDED                                     ",SINGLE VEHICLE                                         ,                         ,TPD_TRAFFIC_INCIDENTS,,,,,,
1000742.0,451919.080052495002747,26904,1904030511  ,209728,2,2019-04-03T00:00:00.000Z,2025,WED,0,0,0,3104      ,3104-INJURY TRAFFIC ACCIDENT/BICYCLE                   ,1000742,451919.08,CAMPBELL AV                   ,INSIDE                                                 ,TUCSON              ,Approximately,UNK  ,Feet,S ,From,MABEL ST                      ,        ,N ,CAMPBELL                                ,AV  ,E ,MABEL                                   ,ST  ,DARK-LIGHTED                                           ,CLEAR                                                  ,                         ,NON-CONTROLLED ACCESS - INTERSECTION-RELATED           ,FOUR-WAY INTERSECTION                                  ,"2-WAY, DIVIDED, UNPROT (PAINTED > 4 FEET) MEDIAN       ",OTHER                                                  ,PEDALCYCLE               ,TPD_TRAFFIC_INCIDENTS,\\central\data\Transportation\Traffic\Accident Data\2019\1904030511.pdf,,,,,
982258.43996062874794,465662.12007874250412,26933,1811140400  ,206346,2,2018-11-14T00:00:00.000Z,1514,WED,0,0,1,3104      ,3104-INJURY TRAFFIC ACCIDENT/BICYCLE                   ,982258.44,465662.12,ROMERO RD N                   ,INSIDE                                                 ,TUCSON              ,Approximately,UNK  ,Feet,N ,From,SMOOT DR W                    ,        ,N ,ROMERO                                  ,RD  ,W ,SMOOT                                   ,DR  ,DAYLIGHT                                               ,CLEAR                                                  ,                         ,NON-CONTROLLED ACCESS - INTERSECTION-RELATED           ,T-INTERSECTION                                         ,"2-WAY, NOT DIVIDED WITH CONT LEFT TURN LANE            ",OTHER                                                  ,PEDALCYCLE               ,TPD_TRAFFIC_INCIDENTS,\\central\data\Transportation\Traffic\Accident Data\2018\1811140400.pdf,,,,,
1002113.259842518717051,450979.339895009994507,26937,1503040209  ,174463,2,2015-03-04T00:00:00.000Z,1145,WED,0,0,0,3104      ,3104-INJURY TRAFFIC ACCIDENT/BICYCLE                   ,1002113.26,450979.34,E SPEEDWAY BL                 ,INSIDE                                                 ,TUCSON              ,N/A,     ,N/A,  ,At,N PLUMER AV                   ,        ,N ,PLUMER                                  ,AV  ,E ,SPEEDWAY                                ,BL  ,DAYLIGHT                                               ,CLOUDY                                                 ,                         ,NON-CONTROLLED ACCESS - INTERSECTION (WITHIN)          ,T-INTERSECTION                                         ,"2-WAY, DIVIDED POSITIVE MEDIAN BARRIER                 ",SINGLE VEHICLE                                         ,                         ,TPD_TRAFFIC_INCIDENTS,,,,,,
1002113.259842518717051,450979.339895009994507,26941,1708280550  ,196037,2,2017-08-28T00:00:00.000Z,1738,MON,0,0,1,3104      ,3104-INJURY TRAFFIC ACCIDENT/BICYCLE                   ,1002113.26,450979.34,SPEEDWAY BL E                 ,INSIDE                                                 ,TUCSON              ,Approximately,UNK  ,Feet,W ,From,PLUMER AV N                   ,        ,N ,PLUMER                                  ,AV  ,E ,SPEEDWAY                                ,BL  ,DAYLIGHT                                               ,CLEAR                                                  ,                         ,NON-CONTROLLED ACCESS - INTERSECTION-RELATED           ,FOUR-WAY INTERSECTION                                  ,"2-WAY, DIVIDED, UNPROT (PAINTED > 4 FEET) MEDIAN       ",SINGLE VEHICLE                                         ,                         ,TPD_TRAFFIC_INCIDENTS,\\central\data\Transportation\Traffic\Accident Data\2017\1708280550.pdf,,,,,
981948.18996062874794,415801.910104990005493,26972,1708130245  ,195618,2,2017-08-13T00:00:00.000Z,1131,SUN,0,0,0,3104      ,3104-INJURY TRAFFIC ACCIDENT/BICYCLE                   ,981948.19,415801.91,OAK TREE DR S                 ,INSIDE                                                 ,TUCSON              ,Approximately,10   ,Feet,N ,From,RUE DU FLEUVE W               ,        ,S ,OAK TREE                                ,DR  ,W ,RUE DU FLEUVE                           ,    ,DAYLIGHT                                               ,CLEAR                                                  ,                         ,NOT JUNCTION RELATED                                   ,,"2-WAY, NOT DIVIDED WITH CONT LEFT TURN LANE            ",SINGLE VEHICLE                                         ,                         ,TPD_TRAFFIC_INCIDENTS,\\central\data\Transportation\Traffic\Accident Data\2017\1708130245.pdf,,,,,
1025323.06003937125206,451233.790026247501373,25021,1705040256  ,193357,2,2017-05-04T00:00:00.000Z,1145,THU,0,0,0,3104      ,3104-INJURY TRAFFIC ACCIDENT/BICYCLE                   ,1025323.06,451233.79,SPEEDWAY BL E                 ,,TUCSON              ,Approximately,200  ,Feet,E ,From,SONOITA AV N                  ,        ,N ,SONOITA                                 ,AV  ,E ,SPEEDWAY                                ,BL  ,DAYLIGHT                                               ,CLEAR                                                  ,                         ,NON-CONTROLLED ACCESS - DRIVEWAY                       ,FOUR-WAY INTERSECTION                                  ,"2-WAY, DIVIDED, UNPROT (PAINTED > 4 FEET) MEDIAN       ",SINGLE VEHICLE                                         ,                         ,TPD_TRAFFIC_INCIDENTS,\\central\data\Transportation\Traffic\Accident Data\2017\1705040256.pdf,,,,,
1009212.339895013719797,461614.660104990005493,25131,1612020307  ,189203,2,2016-12-02T00:00:00.000Z,1549,FRI,0,1,0,3114      ,3114-INJURY TRAF ACCIDENT/HIT & RUN/BICYCLE            ,1009212.34,461614.66,RICHEY BL N                   ,,TUCSON              ,Approximately,UNK  ,Feet,N ,From,FORT LOWELL RD E              ,        ,E ,FORT LOWELL                             ,RD  ,N ,RICHEY                                  ,BL  ,DAYLIGHT                                               ,CLEAR                                                  ,                         ,NON-CONTROLLED ACCESS - INTERSECTION-RELATED           ,T-INTERSECTION                                         ,"2-WAY, NOT DIVIDED                                     ",SINGLE VEHICLE                                         ,                         ,TPD_TRAFFIC_INCIDENTS,\\central\data\Transportation\Traffic\Accident Data\2016\1612020307.pdf,,,,,
998067.56003937125206,459455.089895009994507,25135,1709120115  ,196384,3,2017-09-12T00:00:00.000Z,0739,TUE,0,0,0,3104      ,3104-INJURY TRAFFIC ACCIDENT/BICYCLE                   ,998067.56,459455.09,MOUNTAIN AV N                 ,INSIDE                                                 ,TUCSON              ,N/A,     ,N/A,  ,At,ADELAIDE DR E                 ,        ,E ,ADELAIDE                                ,DR  ,N ,MOUNTAIN                                ,AV  ,DAYLIGHT                                               ,CLEAR                                                  ,                         ,NON-CONTROLLED ACCESS - INTERSECTION (WITHIN)          ,FOUR-WAY INTERSECTION                                  ,"2-WAY, NOT DIVIDED                                     ",SINGLE VEHICLE                                         ,                         ,TPD_TRAFFIC_INCIDENTS,\\central\data\Transportation\Traffic\Accident Data\2017\1709120115.pdf,,,,,
993021.589895013719797,440267.549868769943714,25190,1411220161  ,172284,2,2014-11-22T00:00:00.000Z,0630,SAT,0,0,1,3104      ,3104-INJURY TRAFFIC ACCIDENT/BICYCLE                   ,993021.59,440267.55,W 22ND ST                     ,INSIDE                                                 ,TUCSON              ,N/A,     ,N/A,  ,At,S RUSSELL AV                  ,        ,W ,22ND                                    ,ST  ,S ,RUSSELL                                 ,AV  ,DAWN                                                   ,CLEAR                                                  ,                         ,NON-CONTROLLED ACCESS - INTERSECTION (WITHIN)          ,T-INTERSECTION                                         ,"2-WAY, NOT DIVIDED                                     ",ANGLE (FRONT TO SIDE) (OTHER THAN LEFT TURN)           ,                         ,TPD_TRAFFIC_INCIDENTS,,,,,,
1009300.18996062874794,456314.200131230056286,25199,1410210440  ,171611,2,2014-10-21T00:00:00.000Z,1730,TUE,0,1,0,3114      ,3114-INJURY TRAF ACCIDENT/HIT & RUN/BICYCLE            ,1009300.19,456314.2,GRANT RD E                    ,INSIDE                                                 ,TUCSON              ,Approximately,25   ,Feet,W ,From,RICHEY BL N                   ,        ,E ,GRANT                                   ,RD  ,N ,RICHEY                                  ,BL  ,DAYLIGHT                                               ,CLEAR                                                  ,                         ,NON-CONTROLLED ACCESS - INTERSECTION-RELATED           ,FOUR-WAY INTERSECTION                                  ,"2-WAY, NOT DIVIDED WITH CONT LEFT TURN LANE            ","SIDESWIPE, SAME DIRECTION                              ",                         ,TPD_TRAFFIC_INCIDENTS,,,,,,
999943.56003937125206,447970.089895009994507,25244,1711210003  ,198188,2,2017-11-21T00:00:00.000Z,0733,TUE,0,0,0,3104      ,3104-INJURY TRAFFIC ACCIDENT/BICYCLE                   ,999943.56,447970.09,11-21-17                      ,INSIDE                                                 ,TUCSON              ,N/A,     ,N/A,  ,At,E. 6TH ST/N. WARREN AVE       ,        ,E ,6TH                                     ,ST  ,N ,WARREN                                  ,AV  ,DAYLIGHT                                               ,CLEAR                                                  ,                         ,CONTROLLED ACCESS - INTERSECTION (WITHIN)              ,FOUR-WAY INTERSECTION                                  ,"2-WAY, NOT DIVIDED                                     ",ANGLE (FRONT TO SIDE) (OTHER THAN LEFT TURN)           ,                         ,TPD_TRAFFIC_INCIDENTS,\\central\data\Transportation\Traffic\Accident Data\2017\1711210003.pdf,,,,,
1028439.720144357532263,440484.450131230056286,25285,1902130323  ,208515,2,2019-02-13T00:00:00.000Z,1302,WED,0,0,0,3204      ,3204-PROP DMG TRAF ACCIDENT/BICYCLE                    ,1028439.72,440484.45,22ND ST E                     ,INSIDE                                                 ,TUCSON              ,Approximately,50   ,Feet,W ,From,AMHERST DR S                  ,        ,E ,22ND                                    ,ST  ,S ,AMHERST                                 ,DR  ,DAYLIGHT                                               ,CLEAR                                                  ,                         ,NON-CONTROLLED ACCESS - INTERSECTION-RELATED           ,FOUR-WAY INTERSECTION                                  ,"2-WAY, DIVIDED, UNPROT (PAINTED > 4 FEET) MEDIAN       ",OTHER                                                  ,PEDALCYCLE               ,TPD_TRAFFIC_INCIDENTS,\\central\data\Transportation\Traffic\Accident Data\2019\1902130323.pdf,,,,,
1028439.720144357532263,440484.450131230056286,25287,1407190272  ,170019,2,2014-07-19T00:00:00.000Z,1253,SAT,0,0,0,3104      ,3104-INJURY TRAFFIC ACCIDENT/BICYCLE                   ,1028439.72,440484.45,22ND ST E                     ,INSIDE                                                 ,TUCSON              ,N/A,     ,N/A,  ,At,AMHERST DR S                  ,        ,E ,22ND                                    ,ST  ,S ,AMHERST                                 ,DR  ,DAYLIGHT                                               ,CLEAR                                                  ,                         ,NON-CONTROLLED ACCESS - INTERSECTION (WITHIN)          ,T-INTERSECTION                                         ,"2-WAY, NOT DIVIDED                                     ",ANGLE (FRONT TO SIDE) (OTHER THAN LEFT TURN)           ,                         ,TPD_TRAFFIC_INCIDENTS,,,,,,
1009915.75,458969.160104990005493,25306,1711210140  ,198191,2,2017-11-21T00:00:00.000Z,0817,TUE,0,0,1,3104      ,3104-INJURY TRAFFIC ACCIDENT/BICYCLE                   ,1009915.75,458969.16,GLENN ST E                    ,INSIDE                                                 ,TUCSON              ,N/A,     ,N/A,  ,At,DODGE BL N                    ,        ,N ,DODGE                                   ,BL  ,E ,GLENN                                   ,ST  ,DAYLIGHT                                               ,CLEAR                                                  ,                         ,NON-CONTROLLED ACCESS - INTERSECTION (WITHIN)          ,FOUR-WAY INTERSECTION                                  ,"2-WAY, NOT DIVIDED                                     ",OTHER                                                  ,PEDALCYCLE               ,TPD_TRAFFIC_INCIDENTS,\\central\data\Transportation\Traffic\Accident Data\2017\1711210140.pdf,,,,,
1016597.68996062874794,460366.049868769943714,25336,1610290264  ,188279,2,2016-10-29T00:00:00.000Z,1115,SAT,0,0,0,3402      ,3402-OTHER VEHICLE ACCIDENTS/BICYCLE ACCIDENTS         ,1016597.69,460366.05,N SWAN RD                     ,INSIDE                                                 ,TUCSON              ,N/A,     ,N/A,  ,At,E FORT LOWELL RD              ,        ,E ,FORT LOWELL                             ,RD  ,N ,SWAN                                    ,RD  ,DAYLIGHT                                               ,CLEAR                                                  ,                         ,NON-CONTROLLED ACCESS - INTERSECTION (WITHIN)          ,FOUR-WAY INTERSECTION                                  ,"2-WAY, NOT DIVIDED WITH CONT LEFT TURN LANE            ",SINGLE VEHICLE                                         ,                         ,TPD_TRAFFIC_INCIDENTS,\\central\data\Transportation\Traffic\Accident Data\2016\1610290264.pdf,,,,,
1005983.5,458888.62992125749588,25379,1507240388  ,177143,2,2015-07-24T00:00:00.000Z,1753,FRI,0,0,1,3104      ,3104-INJURY TRAFFIC ACCIDENT/BICYCLE                   ,1005983.5,458888.63,N COUNTRY CLUB RD             ,INSIDE                                                 ,TUCSON              ,Approximately,UNK  ,Feet,N ,From,E GLENN ST                    ,        ,N ,COUNTRY CLUB                            ,RD  ,E ,GLENN                                   ,ST  ,DAYLIGHT                                               ,CLOUDY                                                 ,                         ,NON-CONTROLLED ACCESS - DRIVEWAY                       ,FOUR-WAY INTERSECTION                                  ,"2-WAY, DIVIDED, UNPROT (PAINTED > 4 FEET) MEDIAN       ",SINGLE VEHICLE                                         ,                         ,TPD_TRAFFIC_INCIDENTS,,,,,,
1005983.5,458888.62992125749588,25382,1409050317  ,170831,2,2014-09-05T00:00:00.000Z,1555,FRI,0,1,0,3214      ,3214-PROP DMG TRAF ACCIDENT/HIT & RUN/BICYCLE          ,1005983.5,458888.63,COUNTRY CLUB RD N             ,INSIDE                                                 ,TUCSON              ,Approximately,100  ,Feet,N ,From,GLENN ST E                    ,        ,N ,COUNTRY CLUB                            ,RD  ,E ,GLENN                                   ,ST  ,DAYLIGHT                                               ,CLEAR                                                  ,                         ,NOT JUNCTION RELATED                                   ,,"2-WAY, NOT DIVIDED                                     ",ANGLE (FRONT TO SIDE) (OTHER THAN LEFT TURN)           ,                         ,TPD_TRAFFIC_INCIDENTS,,,,,,
997430.5,447926.5,25415,1710200489  ,197381,2,2017-10-20T00:00:00.000Z,1707,FRI,0,0,0,3104      ,3104-INJURY TRAFFIC ACCIDENT/BICYCLE                   ,997430.5,447926.5,E 6TH ST                      ,INSIDE                                                 ,TUCSON              ,N/A,     ,N/A,  ,At,N FREMONT AV                  ,        ,E ,6TH                                     ,ST  ,N ,FREMONT                                 ,AV  ,DAYLIGHT                                               ,CLEAR                                                  ,                         ,NON-CONTROLLED ACCESS - INTERSECTION (WITHIN)          ,T-INTERSECTION                                         ,"2-WAY, DIVIDED, UNPROT (PAINTED > 4 FEET) MEDIAN       ",SINGLE VEHICLE                                         ,                         ,TPD_TRAFFIC_INCIDENTS,\\central\data\Transportation\Traffic\Accident Data\2017\1710200489.pdf,,,,,
992654.37007873877883,449282.37992125749588,25416,1609210454  ,187218,2,2016-09-21T00:00:00.000Z,1740,WED,0,1,0,3214      ,3214-PROP DMG TRAF ACCIDENT/HIT & RUN/BICYCLE          ,992654.37,449282.38,UNIVERSITY BL E               ,INSIDE                                                 ,TUCSON              ,N/A,     ,N/A,  ,At,7TH AV N                      ,        ,N ,7TH                                     ,AV  ,E ,UNIVERSITY                              ,BL  ,DUSK                                                   ,CLEAR                                                  ,                         ,NON-CONTROLLED ACCESS - INTERSECTION (WITHIN)          ,FOUR-WAY INTERSECTION                                  ,"2-WAY, NOT DIVIDED WITH CONT LEFT TURN LANE            ",SINGLE VEHICLE                                         ,                         ,TPD_TRAFFIC_INCIDENTS,\\central\data\Transportation\Traffic\Accident Data\2016\1609210454.pdf,,,,,
997430.5,447926.5,25418,1810020370  ,205292,2,2018-10-02T00:00:00.000Z,1511,TUE,0,0,0,3104      ,3104-INJURY TRAFFIC ACCIDENT/BICYCLE                   ,997430.5,447926.5,6TH ST E                      ,INSIDE                                                 ,TUCSON              ,Approximately,UNK  ,Feet,W ,From,FREMONT AV N                  ,        ,E ,6TH                                     ,ST  ,N ,FREMONT                                 ,AV  ,DAYLIGHT                                               ,CLOUDY                                                 ,                         ,NON-CONTROLLED ACCESS - INTERSECTION-RELATED           ,T-INTERSECTION                                         ,"2-WAY, NOT DIVIDED WITH CONT LEFT TURN LANE            ",OTHER                                                  ,PEDALCYCLE               ,TPD_TRAFFIC_INCIDENTS,\\central\data\Transportation\Traffic\Accident Data\2018\1810020370.pdf,,,,,
992671.160104986280203,447858.529855646193027,25438,1812150261  ,207096,2,2018-12-15T00:00:00.000Z,1159,SAT,0,1,0,3214      ,3214-PROP DMG TRAF ACCIDENT/HIT & RUN/BICYCLE          ,992671.16,447858.53,6TH ST E                      ,INSIDE                                                 ,TUCSON              ,Approximately,15   ,Feet,E ,From,7TH AV N                      ,        ,E ,6TH                                     ,ST  ,N ,7TH                                     ,AV  ,DAYLIGHT                                               ,CLOUDY                                                 ,                         ,NON-CONTROLLED ACCESS - INTERSECTION-RELATED           ,FOUR-WAY INTERSECTION                                  ,"2-WAY, NOT DIVIDED                                     ",OTHER                                                  ,PEDALCYCLE               ,TPD_TRAFFIC_INCIDENTS,\\central\data\Transportation\Traffic\Accident Data\2018\1812150261.pdf,,,,,
1018577.470144357532263,453814.18996062874794,25475,1409060156  ,170836,2,2014-09-06T00:00:00.000Z,0640,SAT,0,0,0,3104      ,3104-INJURY TRAFFIC ACCIDENT/BICYCLE                   ,1018577.47,453814.19,PIMA ST E                     ,INSIDE                                                 ,TUCSON              ,Approximately,4    ,Feet,N ,From,SANTA ROSA AV N               ,        ,E ,PIMA                                    ,ST  ,N ,SANTA ROSA                              ,AV  ,DAYLIGHT                                               ,CLEAR                                                  ,                         ,NON-CONTROLLED ACCESS - INTERSECTION-RELATED           ,FOUR-WAY INTERSECTION                                  ,"2-WAY, NOT DIVIDED WITH CONT LEFT TURN LANE            ",SINGLE VEHICLE                                         ,                         ,TPD_TRAFFIC_INCIDENTS,,,,,,
1008553.040026247501373,461595.18996062874794,25504,1510070455  ,178798,2,2015-10-07T18:25:48.000Z,1745,WED,0,0,1,3104      ,3104-INJURY TRAFFIC ACCIDENT/BICYCLE                   ,1008553.04,461595.19,FORT LOWELL RD E              ,INSIDE                                                 ,TUCSON              ,N/A,     ,N/A,  ,At,PALO VERDE AV N               ,        ,E ,FORT LOWELL                             ,RD  ,N ,PALO VERDE                              ,AV  ,DAYLIGHT                                               ,CLEAR                                                  ,                         ,NON-CONTROLLED ACCESS - INTERSECTION (WITHIN)          ,T-INTERSECTION                                         ,"2-WAY, NOT DIVIDED WITH CONT LEFT TURN LANE            ",SINGLE VEHICLE                                         ,                         ,TPD_TRAFFIC_INCIDENTS,,,,,,
1009837.270013123750687,465525.770013123750687,25532,1408130128  ,170420,2,2014-08-13T00:00:00.000Z,0854,WED,0,0,1,3104      ,3104-INJURY TRAFFIC ACCIDENT/BICYCLE                   ,1009837.27,465525.77,DODGE BL N                    ,INSIDE                                                 ,TUCSON              ,Approximately,200  ,Feet,S ,From,RIVER RD E                    ,        ,N ,DODGE                                   ,BL  ,E ,RIVER                                   ,RD  ,DAYLIGHT                                               ,CLEAR                                                  ,                         ,NON-CONTROLLED ACCESS - INTERSECTION (WITHIN)          ,FOUR-WAY INTERSECTION                                  ,"2-WAY, NOT DIVIDED                                     ",ANGLE (FRONT TO SIDE) (OTHER THAN LEFT TURN)           ,                         ,TPD_TRAFFIC_INCIDENTS,,,,,,