X,Y,OBJECTID,acci_id,tamainid,numunits,AccidentDate,AccidentTime,DayOfWeek,WasFatal,WasHitAndRun,TransImmedMedCare,UCRCode,UCRDescription,CoordX,CoordY,Location,Inside_Outside,City,Accuracy,Distance,Units,Direction,From_At,IntersectingStreet,AddrNumber,AddrDirection,AddrStreetName,AddrStreetNameSuffix,CrossStreetDirection,CrossStreetName,CrossStreetSuffix,LightConditionDescription,WeatherDescription,WeatherOther,RelationDescription,IntersectionTypeDescription,RoadConfigurationDescription,MannerOfCrashDescription,MannerOfCrashOther,DATASOURCE,URL,F7Days,F28Days,COMPSTAT_28D,WEEKLY_7D,AccidentDateTime
993981.93996062874794,460748.43996062874794,25556,1408150098  ,170457,2,2014-08-15T00:00:00.000Z,0700,FRI,0,1,0,3114      ,3114-INJURY TRAF ACCIDENT/HIT & RUN/BICYCLE            ,993981.94,460748.44,DELANO ST E                   ,INSIDE                                                 ,TUCSON              ,N/A,     ,N/A,  ,At,GERONIMO AV N                 ,        ,E ,DELANO                                  ,ST  ,N ,GERONIMO                                ,AV  ,DAYLIGHT                                               ,CLOUDY                                                 ,                         ,NON-CONTROLLED ACCESS - INTERSECTION-RELATED           ,FOUR-WAY INTERSECTION                                  ,"2-WAY, NOT DIVIDED                                     ",ANGLE (FRONT TO SIDE) (OTHER THAN LEFT TURN)           ,                         ,TPD_TRAFFIC_INCIDENTS,,,,,,
1000035.75,427811.830052495002747,25563,1510290254  ,179321,2,2015-10-29T00:00:00.000Z,1328,THU,0,1,0,3114      ,3114-INJURY TRAF ACCIDENT/HIT & RUN/BICYCLE            ,1000035.75,427811.83,E BENSON HY                   ,INSIDE                                                 ,TUCSON              ,Approximately,1/2  ,Miles,E ,From,E APACHE PARK PL              ,        ,E ,APACHE PARK                             ,PL  ,E ,BENSON                                  ,HY  ,DAYLIGHT                                               ,CLEAR                                                  ,                         ,NOT JUNCTION RELATED                                   ,,"2-WAY, NOT DIVIDED WITH CONT LEFT TURN LANE            ",SINGLE VEHICLE                                         ,                         ,TPD_TRAFFIC_INCIDENTS,,,,,,
998642.0,444932.160104990005493,25570,1609120125  ,186957,2,2016-09-12T00:00:00.000Z,0755,MON,0,0,0,3104      ,3104-INJURY TRAFFIC ACCIDENT/BICYCLE                   ,998642,444932.16,HIGHLAND AV S                 ,INSIDE                                                 ,TUCSON              ,N/A,     ,N/A,  ,At,MILES ST E                    ,        ,S ,HIGHLAND                                ,AV  ,E ,MILES                                   ,ST  ,DAYLIGHT                                               ,CLEAR                                                  ,                         ,NON-CONTROLLED ACCESS - INTERSECTION (WITHIN)          ,FOUR-WAY INTERSECTION                                  ,"2-WAY, NOT DIVIDED                                     ",SINGLE VEHICLE                                         ,                         ,TPD_TRAFFIC_INCIDENTS,\\central\data\Transportation\Traffic\Accident Data\2016\1609120125.pdf,,,,,
1003361.56003937125206,457514.529855646193027,25597,1612040047  ,189248,2,2016-12-04T00:00:00.000Z,0141,SUN,0,1,0,3214      ,3214-PROP DMG TRAF ACCIDENT/HIT & RUN/BICYCLE          ,1003361.56,457514.53,TUCSON BL N                   ,,TUCSON              ,Approximately,UNK  ,Feet,N ,From,COPPER ST E                   ,        ,E ,COPPER                                  ,ST  ,N ,TUCSON                                  ,BL  ,DARK-NOT LIGHTED                                       ,CLEAR                                                  ,                         ,NOT JUNCTION RELATED                                   ,,"2-WAY, NOT DIVIDED                                     ",SINGLE VEHICLE                                         ,                         ,TPD_TRAFFIC_INCIDENTS,\\central\data\Transportation\Traffic\Accident Data\2016\1612040047.pdf,,,,,
1027307.06003937125206,456532.12992125749588,25639,1703230472  ,192192,2,2017-03-23T00:00:00.000Z,1816,THU,0,0,1,3104      ,3104-INJURY TRAFFIC ACCIDENT/BICYCLE                   ,1027307.06,456532.13,GRANT RD E                    ,INSIDE                                                 ,TUCSON              ,Approximately,.5   ,Miles,W ,From,WILMOT RD S                   ,        ,E ,GRANT                                   ,RD  ,N ,WILMOT                                  ,RD  ,DAYLIGHT                                               ,CLOUDY                                                 ,                         ,NOT JUNCTION RELATED                                   ,,"2-WAY, DIVIDED, UNPROT (PAINTED > 4 FEET) MEDIAN       ",SINGLE VEHICLE                                         ,                         ,TPD_TRAFFIC_INCIDENTS,\\central\data\Transportation\Traffic\Accident Data\2017\1703230472.pdf,,,,,
1027307.06003937125206,456532.12992125749588,25642,1609030288  ,186735,2,2016-09-03T00:00:00.000Z,1137,SAT,0,0,0,3104      ,3104-INJURY TRAFFIC ACCIDENT/BICYCLE                   ,1027307.06,456532.13,GRANT RD E                    ,INSIDE                                                 ,TUCSON              ,Approximately,1/4  ,Miles,W ,From,WILMOT RD N                   ,        ,E ,GRANT                                   ,RD  ,N ,WILMOT                                  ,RD  ,DAYLIGHT                                               ,CLEAR                                                  ,                         ,NOT JUNCTION RELATED                                   ,,"2-WAY, DIVIDED, UNPROT (PAINTED > 4 FEET) MEDIAN       ",SINGLE VEHICLE                                         ,                         ,TPD_TRAFFIC_INCIDENTS,\\central\data\Transportation\Traffic\Accident Data\2016\1609030288.pdf,,,,,
1022150.089895013719797,441196.470144353806973,25690,1507080234  ,176865,2,2015-07-08T00:00:00.000Z,1319,WED,0,0,0,3104      ,3104-INJURY TRAFFIC ACCIDENT/BICYCLE                   ,1022150.09,441196.47,E DOUGLAS ST                  ,INSIDE                                                 ,TUCSON              ,N/A,     ,N/A,  ,At,S CRAYCROFT RD                ,        ,S ,CRAYCROFT                               ,RD  ,E ,DOUGLAS                                 ,ST  ,DAYLIGHT                                               ,CLEAR                                                  ,                         ,NON-CONTROLLED ACCESS - INTERSECTION (WITHIN)          ,FOUR-WAY INTERSECTION                                  ,"2-WAY, DIVIDED, UNPROT (PAINTED > 4 FEET) MEDIAN       ",SINGLE VEHICLE                                         ,                         ,TPD_TRAFFIC_INCIDENTS,,,,,,
1000708.5,457495.720144353806973,25740,1604140529  ,183290,2,2016-04-14T00:00:00.000Z,2041,THU,0,1,0,3114      ,3114-INJURY TRAF ACCIDENT/HIT & RUN/BICYCLE            ,1000708.5,457495.72,N CAMPBELL AV                 ,INSIDE                                                 ,TUCSON              ,Approximately,5    ,Feet,N ,From,E COPPER ST                   ,        ,N ,CAMPBELL                                ,AV  ,E ,COPPER                                  ,ST  ,DARK-LIGHTED                                           ,CLEAR                                                  ,                         ,NON-CONTROLLED ACCESS - INTERSECTION-RELATED           ,FOUR-WAY INTERSECTION                                  ,"2-WAY, NOT DIVIDED WITH CONT LEFT TURN LANE            ",SINGLE VEHICLE                                         ,                         ,TPD_TRAFFIC_INCIDENTS,,,,,,
1016132.580052495002747,445818.950131230056286,25801,1612260432  ,189855,3,2016-12-26T00:00:00.000Z,1809,MON,0,0,0,3104      ,3104-INJURY TRAFFIC ACCIDENT/BICYCLE                   ,1016132.58,445818.95,BROADWAY BL E                 ,INSIDE                                                 ,TUCSON              ,N/A,     ,N/A,  ,At,VENICE AV S                   ,        ,E ,BROADWAY                                ,BL  ,S ,VENICE                                  ,AV  ,DARK-LIGHTED                                           ,CLEAR                                                  ,                         ,NON-CONTROLLED ACCESS - INTERSECTION (WITHIN)          ,FOUR-WAY INTERSECTION                                  ,"2-WAY, DIVIDED, UNPROT (PAINTED > 4 FEET) MEDIAN       ",SINGLE VEHICLE                                         ,                         ,TPD_TRAFFIC_INCIDENTS,\\central\data\Transportation\Traffic\Accident Data\2016\1612260432.pdf,,,,,
998018.87007873877883,465425.589895009994507,25809,1409030444  ,170796,2,2014-09-03T00:00:00.000Z,1757,WED,0,0,0,3104      ,3104-INJURY TRAFFIC ACCIDENT/BICYCLE                   ,998018.87,465425.59,N MOUNTAIN AV                 ,INSIDE                                                 ,TUCSON              ,N/A,     ,N/A,  ,At,E ALLEN RD                    ,        ,E ,ALLEN                                   ,RD  ,N ,MOUNTAIN                                ,AV  ,DAYLIGHT                                               ,CLEAR                                                  ,                         ,NON-CONTROLLED ACCESS - INTERSECTION (WITHIN)          ,FOUR-WAY INTERSECTION                                  ,"2-WAY, NOT DIVIDED                                     ","SIDESWIPE, SAME DIRECTION                              ",                         ,TPD_TRAFFIC_INCIDENTS,,,,,,
996779.43996062874794,451857.589895009994507,25836,1612030248  ,189223,2,2016-12-03T00:00:00.000Z,1035,SAT,0,0,0,3104      ,3104-INJURY TRAFFIC ACCIDENT/BICYCLE                   ,996779.44,451857.59,PARK AV N                     ,INSIDE                                                 ,TUCSON              ,Approximately,UNK  ,Feet,S ,From,MABEL ST E                    ,        ,E ,MABEL                                   ,ST  ,N ,PARK                                    ,AV  ,DAYLIGHT                                               ,CLEAR                                                  ,                         ,NON-CONTROLLED ACCESS - INTERSECTION-RELATED           ,FOUR-WAY INTERSECTION                                  ,"2-WAY, NOT DIVIDED                                     ",SINGLE VEHICLE                                         ,                         ,TPD_TRAFFIC_INCIDENTS,\\central\data\Transportation\Traffic\Accident Data\2016\1612030248.pdf,,,,,
1008041.81003937125206,451718.660104990005493,25854,1805230511  ,202553,2,2018-05-23T00:00:00.000Z,2007,WED,0,1,0,3114      ,3114-INJURY TRAF ACCIDENT/HIT & RUN/BICYCLE            ,1008041.81,451718.66,JONES BL N                    ,INSIDE                                                 ,TUCSON              ,Approximately,UNK  ,Feet,S ,From,BELLEVUE ST E                 ,        ,E ,BELLEVUE                                ,ST  ,N ,JONES                                   ,BL  ,DARK-NOT LIGHTED                                       ,CLEAR                                                  ,                         ,NOT JUNCTION RELATED                                   ,,"2-WAY, NOT DIVIDED                                     ",OTHER                                                  ,PEDALCYCLIST             ,TPD_TRAFFIC_INCIDENTS,\\central\data\Transportation\Traffic\Accident Data\2018\1805230511.pdf,,,,,
1016689.56003937125206,449194.839895009994507,25856,1602090558  ,181759,2,2016-02-09T00:00:00.000Z,2045,TUE,0,0,0,3204      ,3204-PROP DMG TRAF ACCIDENT/BICYCLE                    ,1016689.56,449194.84,SWAN RD N                     ,INSIDE                                                 ,TUCSON              ,Approximately,200  ,Feet,N ,From,4TH ST E                      ,        ,E ,4TH                                     ,ST  ,N ,SWAN                                    ,RD  ,DARK-LIGHTED                                           ,CLEAR                                                  ,                         ,NOT JUNCTION RELATED                                   ,,"2-WAY, DIVIDED, UNPROT (PAINTED > 4 FEET) MEDIAN       ",SINGLE VEHICLE                                         ,                         ,TPD_TRAFFIC_INCIDENTS,,,,,,
1048893.37007873877883,403357.06003937125206,25877,1409160355  ,170995,2,2014-09-16T00:00:00.000Z,1532,TUE,0,0,1,3104      ,3104-INJURY TRAFFIC ACCIDENT/BICYCLE                   ,1048893.37,403357.06,ESMOND LP E                   ,INSIDE                                                 ,TUCSON              ,Approximately,UNK  ,Feet,W ,From,VIA ELEMENTAL S               ,        ,E ,ESMOND                                  ,LP  ,S ,VIA ELEMENTAL                           ,    ,DAYLIGHT                                               ,RAIN                                                   ,                         ,NOT JUNCTION RELATED                                   ,,"2-WAY, NOT DIVIDED                                     ",SINGLE VEHICLE                                         ,                         ,TPD_TRAFFIC_INCIDENTS,,,,,,
998078.06003937125206,454850.06003937125206,25887,1605210549  ,184202,2,2016-05-21T00:00:00.000Z,2142,SAT,0,1,0,3114      ,3114-INJURY TRAF ACCIDENT/HIT & RUN/BICYCLE            ,998078.06,454850.06,N MOUNTAIN AV                 ,INSIDE                                                 ,TUCSON              ,N/A,     ,N/A,  ,At,E SENECA ST                   ,        ,N ,MOUNTAIN                                ,AV  ,E ,SENECA                                  ,ST  ,DARK-LIGHTED                                           ,CLEAR                                                  ,                         ,NON-CONTROLLED ACCESS - INTERSECTION (WITHIN)          ,FOUR-WAY INTERSECTION                                  ,"2-WAY, NOT DIVIDED                                     ",SINGLE VEHICLE                                         ,                         ,TPD_TRAFFIC_INCIDENTS,\\central\data\Transportation\Traffic\Accident Data\2016\1605210549.pdf,,,,,
998536.0,419136.779855646193027,25896,1802200392  ,200410,2,2018-02-20T00:00:00.000Z,1507,TUE,0,0,0,3104      ,3104-INJURY TRAFFIC ACCIDENT/BICYCLE                   ,998536,419136.78,RANDALL BL                    ,INSIDE                                                 ,TUCSON              ,Approximately,UNK  ,Feet,S ,From,DREXEL RD                     ,        ,E ,DREXEL                                  ,RD  ,S ,RANDALL                                 ,BL  ,DAYLIGHT                                               ,CLOUDY                                                 ,                         ,NON-CONTROLLED ACCESS - INTERSECTION-RELATED           ,T-INTERSECTION                                         ,"2-WAY, NOT DIVIDED                                     ",OTHER                                                  ,PEDALCYCLE               ,TPD_TRAFFIC_INCIDENTS,\\central\data\Transportation\Traffic\Accident Data\2018\1802200392.pdf,,,,,
997047.93996062874794,441749.31003937125206,25899,1410300098  ,171798,2,2014-10-30T00:00:00.000Z,0752,THU,0,1,0,3114      ,3114-INJURY TRAF ACCIDENT/HIT & RUN/BICYCLE            ,997047.94,441749.31,E 19TH ST                     ,INSIDE                                                 ,TUCSON              ,Approximately,50   ,Feet,W ,From,S PARK AV                     ,        ,E ,19TH                                    ,ST  ,S ,PARK                                    ,AV  ,DAYLIGHT                                               ,CLEAR                                                  ,                         ,NOT JUNCTION RELATED                                   ,,"2-WAY, NOT DIVIDED                                     ",ANGLE (FRONT TO SIDE) (OTHER THAN LEFT TURN)           ,                         ,TPD_TRAFFIC_INCIDENTS,,,,,,
993501.839895013719797,425100.81003937125206,25922,1507070338  ,176844,2,2015-07-07T00:00:00.000Z,1322,TUE,0,0,0,3104      ,3104-INJURY TRAFFIC ACCIDENT/BICYCLE                   ,993501.84,425100.81,6TH AV S                      ,INSIDE                                                 ,TUCSON              ,Approximately,60   ,Feet,N ,From,OKLAHOMA ST W                 ,        ,S ,6TH                                     ,AV  ,W ,OKLAHOMA                                ,ST  ,DAYLIGHT                                               ,CLEAR                                                  ,                         ,NOT JUNCTION RELATED                                   ,,"2-WAY, NOT DIVIDED WITH CONT LEFT TURN LANE            ",SINGLE VEHICLE                                         ,                         ,TPD_TRAFFIC_INCIDENTS,,,,,,
997239.12007873877883,452223.529855646193027,25934,1608250174  ,186481,2,2016-08-25T00:00:00.000Z,1028,THU,0,0,1,3104      ,3104-INJURY TRAFFIC ACCIDENT/BICYCLE                   ,997239.12,452223.53,DRACHMAN ST E                 ,INSIDE                                                 ,TUCSON              ,N/A,     ,N/A,  ,At,FREMONT AV N                  ,        ,E ,DRACHMAN                                ,ST  ,N ,FREMONT                                 ,AV  ,DAYLIGHT                                               ,CLEAR                                                  ,                         ,NON-CONTROLLED ACCESS - INTERSECTION (WITHIN)          ,FOUR-WAY INTERSECTION                                  ,"2-WAY, NOT DIVIDED                                     ",SINGLE VEHICLE                                         ,                         ,TPD_TRAFFIC_INCIDENTS,\\central\data\Transportation\Traffic\Accident Data\2016\1608250174.pdf,,,,,
996419.12007873877883,451381.62007874250412,25950,1504240007  ,175472,2,2015-04-24T11:55:07.000Z,0923,FRI,0,0,0,3204      ,3204-PROP DMG TRAF ACCIDENT/BICYCLE                    ,996419.12,451381.62,HELEN ST E                    ,INSIDE                                                 ,TUCSON              ,Approximately,50   ,Feet,E ,From,TYNDALL AV N                  ,        ,E ,HELEN                                   ,ST  ,N ,TYNDALL                                 ,AV  ,DAYLIGHT                                               ,CLOUDY                                                 ,                         ,CONTROLLED ACCESS - INTERSECTION-RELATED               ,FOUR-WAY INTERSECTION                                  ,"2-WAY, NOT DIVIDED                                     ",REAR END (FRONT TO REAR)                               ,                         ,TPD_TRAFFIC_INCIDENTS,,,,,,
1031806.18996062874794,439501.75,25963,1803280335  ,201262,2,2018-03-28T00:00:00.000Z,1421,WED,0,0,0,3104      ,3104-INJURY TRAFFIC ACCIDENT/BICYCLE                   ,1031806.19,439501.75,S AVENIDA VEGA                ,INSIDE                                                 ,TUCSON              ,N/A,     ,N/A,  ,At,E CALLE BETELGEUX             ,        ,S ,AVENIDA VEGA                            ,    ,E ,CALLE BETELGEUX                         ,    ,DAYLIGHT                                               ,CLEAR                                                  ,                         ,NON-CONTROLLED ACCESS - INTERSECTION (WITHIN)          ,T-INTERSECTION                                         ,"2-WAY, NOT DIVIDED                                     ",OTHER                                                  ,PEDALCYCLIST             ,TPD_TRAFFIC_INCIDENTS,\\central\data\Transportation\Traffic\Accident Data\2018\1803280335.pdf,,,,,
999217.589895013719797,441778.020013123750687,26014,1410130107  ,171457,2,2014-10-13T00:00:00.000Z,0859,MON,0,0,0,3104      ,3104-INJURY TRAFFIC ACCIDENT/BICYCLE                   ,999217.59,441778.02,E AVIATION PW RAMP S          ,INSIDE                                                 ,TUCSON              ,N/A,     ,N/A,  ,At,S KINO PW                     ,        ,E ,AVIATION PW RAMP                        ,    ,S ,KINO                                    ,PW  ,DAYLIGHT                                               ,CLEAR                                                  ,                         ,NON-CONTROLLED ACCESS - INTERSECTION-RELATED           ,INTER. AS PART OF INTERCHANGE                          ,"2-WAY, DIVIDED POSITIVE MEDIAN BARRIER                 ",LEFT TURN                                              ,                         ,TPD_TRAFFIC_INCIDENTS,,,,,,
1015956.06003937125206,451822.5,27020,1905290253  ,211007,2,2019-05-29T00:00:00.000Z,1017,WED,0,0,0,3204      ,3204-PROP DMG TRAF ACCIDENT/BICYCLE                    ,1015956.06,451822.5,BELLEVUE ST E                 ,INSIDE                                                 ,TUCSON              ,N/A,     ,N/A,  ,At,VENICE AV N                   ,        ,E ,BELLEVUE                                ,ST  ,N ,VENICE                                  ,AV  ,DAYLIGHT                                               ,CLEAR                                                  ,                         ,,FOUR-WAY INTERSECTION                                  ,"2-WAY, NOT DIVIDED                                     ",OTHER                                                  ,VEH FRONT TO BIKE SIDE   ,TPD_TRAFFIC_INCIDENTS,\\central\data\Transportation\Traffic\Accident Data\2019\1905290253.pdf,,,,,
1000702.62992126122117,463002.31003937125206,27100,1604270563  ,183605,2,2016-04-27T00:00:00.000Z,1924,WED,0,0,0,3104      ,3104-INJURY TRAFFIC ACCIDENT/BICYCLE                   ,1000702.63,463002.31,CAMPBELL AV N                 ,,TUCSON              ,Approximately,50   ,Feet,N ,From,RICHLAND DR N                 ,        ,N ,CAMPBELL                                ,AV  ,N ,RICHLAND                                ,DR  ,DARK-LIGHTED                                           ,CLEAR                                                  ,                         ,NOT JUNCTION RELATED                                   ,,"2-WAY, DIVIDED, UNPROT (PAINTED > 4 FEET) MEDIAN       ",SINGLE VEHICLE                                         ,                         ,TPD_TRAFFIC_INCIDENTS,\\central\data\Transportation\Traffic\Accident Data\2016\1604270563.pdf,,,,,
1032588.979986876249313,431082.31988188624382,27104,1508200102  ,177719,2,2015-08-20T00:00:00.000Z,0709,THU,0,0,1,3104      ,3104-INJURY TRAFFIC ACCIDENT/BICYCLE                   ,1032588.98,431082.32,MITCHELL FLYER RD E           ,INSIDE                                                 ,TUCSON              ,N/A,     ,N/A,  ,At,SPIRIT STEALTH DR S           ,        ,E ,MITCHELL FLYER                          ,RD  ,S ,SPIRIT STEALTH                          ,DR  ,DAYLIGHT                                               ,CLEAR                                                  ,                         ,NON-CONTROLLED ACCESS - INTERSECTION (WITHIN)          ,T-INTERSECTION                                         ,"2-WAY, NOT DIVIDED                                     ",SINGLE VEHICLE                                         ,                         ,TPD_TRAFFIC_INCIDENTS,,,,,,
996897.0,450361.160104990005493,27155,1609080005  ,186866,2,2016-09-08T00:00:00.000Z,1112,THU,0,0,0,3104      ,3104-INJURY TRAFFIC ACCIDENT/BICYCLE                   ,996897,450361.16,PARK AV N                     ,INSIDE                                                 ,TUCSON              ,Approximately,250  ,Feet,N ,At,1ST ST                        ,1010    ,N ,PARK                                    ,AV  ,  ,                                        ,    ,DAYLIGHT                                               ,CLEAR                                                  ,                         ,NOT JUNCTION RELATED                                   ,,"2-WAY, NOT DIVIDED                                     ","SIDESWIPE, SAME DIRECTION                              ",                         ,TPD_TRAFFIC_INCIDENTS,\\central\data\Transportation\Traffic\Accident Data\2016\1609080005.pdf,,,,,
997461.669947504997253,451527.640091866254807,27173,1509080001  ,178130,2,2015-09-08T05:49:48.000Z,0549,TUE,0,0,0,3402      ,3402-OTHER VEHICLE ACCIDENTS/BICYCLE ACCIDENTS         ,997461.67,451527.64,HELEN ST E                    ,OUTSIDE                                                ,TUCSON              ,Approximately,100  ,Feet,NE,From,FREMONT                       ,1121    ,E ,HELEN                                   ,ST  ,  ,                                        ,    ,DARK-LIGHTED                                           ,CLEAR                                                  ,                         ,NOT JUNCTION RELATED                                   ,,UNKNOWN                                                ,ANGLE (FRONT TO SIDE) (OTHER THAN LEFT TURN)           ,                         ,TPD_TRAFFIC_INCIDENTS,,,,,,
1030852.31003937125206,435886.410104990005493,27185,1902050687  ,208321,2,2019-02-05T00:00:00.000Z,1955,TUE,0,1,0,3114      ,3114-INJURY TRAF ACCIDENT/HIT & RUN/BICYCLE            ,1030852.31,435886.41,AVENIDA DEL SOL               ,INSIDE                                                 ,TUCSON              ,N/A,     ,N/A,  ,At,CALLE MERCURIO                ,        ,S ,AVENIDA DEL SOL                         ,    ,E ,CALLE MERCURIO                          ,    ,DUSK                                                   ,CLOUDY                                                 ,                         ,NON-CONTROLLED ACCESS - INTERSECTION (WITHIN)          ,T-INTERSECTION                                         ,"2-WAY, NOT DIVIDED                                     ",OTHER                                                  ,PEDALCIYCLE              ,TPD_TRAFFIC_INCIDENTS,\\central\data\Transportation\Traffic\Accident Data\2019\1902050687.pdf,,,,,
1054238.75,401638.779855646193027,27227,1607190390  ,185551,2,2016-07-19T00:00:00.000Z,1626,TUE,0,0,0,3104      ,3104-INJURY TRAFFIC ACCIDENT/BICYCLE                   ,1054238.75,401638.78,HOUGHTON RD S                 ,INSIDE                                                 ,TUCSON              ,N/A,     ,N/A,  ,At,JUMPING CHOLLA DR E           ,        ,S ,HOUGHTON                                ,RD  ,E ,JUMPING CHOLLA                          ,DR  ,DAYLIGHT                                               ,CLOUDY                                                 ,                         ,NON-CONTROLLED ACCESS - INTERSECTION (WITHIN)          ,T-INTERSECTION                                         ,"2-WAY, DIVIDED, UNPROT (PAINTED > 4 FEET) MEDIAN       ",SINGLE VEHICLE                                         ,                         ,TPD_TRAFFIC_INCIDENTS,\\central\data\Transportation\Traffic\Accident Data\2016\1607190390.pdf,,,,,
1054238.75,401638.779855646193027,27231,1609160270  ,187073,2,2016-09-16T00:00:00.000Z,1110,FRI,0,0,0,3104      ,3104-INJURY TRAFFIC ACCIDENT/BICYCLE                   ,1054238.75,401638.78,HOUGHTON RD S                 ,INSIDE                                                 ,TUCSON              ,Approximately,500  ,Feet,S ,From,JUMPING CHOLLA DR E           ,        ,S ,HOUGHTON                                ,RD  ,E ,JUMPING CHOLLA                          ,DR  ,DAYLIGHT                                               ,CLEAR                                                  ,                         ,NOT JUNCTION RELATED                                   ,,"2-WAY, NOT DIVIDED                                     ",SINGLE VEHICLE                                         ,                         ,TPD_TRAFFIC_INCIDENTS,\\central\data\Transportation\Traffic\Accident Data\2016\1609160270.pdf,,,,,
998105.299868766218424,453535.759842522442341,27247,1510010396  ,178650,2,2015-10-01T00:00:00.000Z,1743,THU,0,0,0,3204      ,3204-PROP DMG TRAF ACCIDENT/BICYCLE                    ,998105.3,453535.76,N MOUNTAIN AV                 ,INSIDE                                                 ,TUCSON              ,N/A,     ,N/A,  ,At,E CHAUNCEY LN                 ,        ,E ,CHAUNCEY                                ,LN  ,N ,MOUNTAIN                                ,AV  ,DUSK                                                   ,CLEAR                                                  ,                         ,NON-CONTROLLED ACCESS - INTERSECTION (WITHIN)          ,T-INTERSECTION                                         ,"2-WAY, NOT DIVIDED                                     ",SINGLE VEHICLE                                         ,                         ,TPD_TRAFFIC_INCIDENTS,,,,,,
1037957.43996062874794,457862.0,27274,1710150142  ,197222,2,2017-10-15T00:00:00.000Z,0910,SUN,0,0,1,3402      ,3402-OTHER VEHICLE ACCIDENTS/BICYCLE ACCIDENTS         ,1037957.44,457862,TANQUE VERDE RD E             ,INSIDE                                                 ,TUCSON              ,Approximately,UNK  ,Feet,E ,From,PANTANO RD N                  ,        ,N ,PANTANO                                 ,RD  ,E ,TANQUE VERDE                            ,RD  ,DAYLIGHT                                               ,CLEAR                                                  ,                         ,NOT JUNCTION RELATED                                   ,,"2-WAY, DIVIDED, UNPROT (PAINTED > 4 FEET) MEDIAN       ",OTHER                                                  ,BICYCLE ONLY             ,TPD_TRAFFIC_INCIDENTS,\\central\data\Transportation\Traffic\Accident Data\2017\1710150142.pdf,,,,,
1014002.62007873877883,449488.339895009994507,27278,1805210309  ,202500,2,2018-05-21T00:00:00.000Z,1200,MON,0,0,0,3104      ,3104-INJURY TRAFFIC ACCIDENT/BICYCLE                   ,1014002.62,449488.34,COLUMBUS BL N                 ,INSIDE                                                 ,TUCSON              ,N/A,     ,N/A,  ,At,TEXAS CI E                    ,        ,N ,COLUMBUS                                ,BL  ,E ,TEXAS                                   ,CI  ,DAYLIGHT                                               ,CLEAR                                                  ,                         ,NON-CONTROLLED ACCESS - DRIVEWAY                       ,T-INTERSECTION                                         ,"2-WAY, NOT DIVIDED WITH CONT LEFT TURN LANE            ",OTHER                                                  ,PEDALCYCLIST             ,TPD_TRAFFIC_INCIDENTS,\\central\data\Transportation\Traffic\Accident Data\2018\1805210309.pdf,,,,,
985571,456038,27327,1811160068  ,206399,2,2018-11-16T00:00:00.000Z,0609,FRI,0,0,0,3104      ,3104-INJURY TRAFFIC ACCIDENT/BICYCLE                   ,985571,456038,W GRANT RD W                  ,INSIDE                                                 ,TUCSON              ,Approximately,200  ,Feet,W ,From,E FRONTAGE RD                 ,1270    ,W ,GRANT                                   ,RD  ,  ,                                        ,    ,DUSK                                                   ,CLEAR                                                  ,                         ,NOT JUNCTION RELATED                                   ,,"2-WAY, DIVIDED, UNPROT (PAINTED > 4 FEET) MEDIAN       ",LEFT TURN                                              ,                         ,TPD_TRAFFIC_INCIDENTS,\\central\data\Transportation\Traffic\Accident Data\2018\1811160068.pdf,,,,,
989483.37007873877883,445322.18996062874794,27352,1512190097  ,180516,2,2015-12-19T00:00:00.000Z,0633,SAT,0,1,1,3114      ,3114-INJURY TRAF ACCIDENT/HIT & RUN/BICYCLE            ,989483.37,445322.19,CONGRESS ST W                 ,INSIDE                                                 ,TUCSON              ,Approximately,125  ,Feet,W ,From,FREEWAY N                     ,        ,W ,CONGRESS                                ,ST  ,N ,FREEWAY                                 ,    ,DARK-LIGHTED                                           ,CLEAR                                                  ,                         ,NOT JUNCTION RELATED                                   ,,"2-WAY, DIVIDED, UNPROT (PAINTED > 4 FEET) MEDIAN       ",SINGLE VEHICLE                                         ,                         ,TPD_TRAFFIC_INCIDENTS,,,,,,
996364.18996062874794,448808.12007874250412,27386,1611020009  ,188387,2,2016-11-02T00:00:00.000Z,1653,WED,0,0,0,3402      ,3402-OTHER VEHICLE ACCIDENTS/BICYCLE ACCIDENTS         ,996364.19,448808.12,EUCLID                        ,INSIDE                                                 ,TUCSON              ,N/A,     ,N/A,  ,At,5TH                           ,880     ,E ,4TH                                     ,ST  ,  ,                                        ,    ,DAYLIGHT                                               ,CLEAR                                                  ,                         ,CONTROLLED ACCESS - INTERSECTION (WITHIN)              ,T-INTERSECTION                                         ,"2-WAY, NOT DIVIDED                                     ",ANGLE (FRONT TO SIDE) (OTHER THAN LEFT TURN)           ,                         ,TPD_TRAFFIC_INCIDENTS,\\central\data\Transportation\Traffic\Accident Data\2016\1611020009.pdf,,,,,