X,Y,OBJECTID,acci_id,tamainid,numunits,AccidentDate,AccidentTime,DayOfWeek,WasFatal,WasHitAndRun,TransImmedMedCare,UCRCode,UCRDescription,CoordX,CoordY,Location,Inside_Outside,City,Accuracy,Distance,Units,Direction,From_At,IntersectingStreet,AddrNumber,AddrDirection,AddrStreetName,AddrStreetNameSuffix,CrossStreetDirection,CrossStreetName,CrossStreetSuffix,LightConditionDescription,WeatherDescription,WeatherOther,RelationDescription,IntersectionTypeDescription,RoadConfigurationDescription,MannerOfCrashDescription,MannerOfCrashOther,DATASOURCE,URL,F7Days,F28Days,COMPSTAT_28D,WEEKLY_7D,AccidentDateTime
990223.740157481282949,447826.770013123750687,27390,1801180551  ,198953,2,2018-01-18T00:00:00.000Z,1810,THU,0,1,0,3114      ,3114-INJURY TRAF ACCIDENT/HIT & RUN/BICYCLE            ,990223.74,447826.77,GRANADA AV N                  ,INSIDE                                                 ,TUCSON              ,N/A,     ,N/A,  ,At,SAINT MARYS RD W              ,        ,N ,GRANADA                                 ,AV  ,W ,SAINT MARYS                             ,RD  ,DUSK                                                   ,CLEAR                                                  ,                         ,NON-CONTROLLED ACCESS - INTERSECTION (WITHIN)          ,FOUR-WAY INTERSECTION                                  ,"2-WAY, NOT DIVIDED WITH CONT LEFT TURN LANE            ",OTHER                                                  ,PEDALCYCLIST             ,TPD_TRAFFIC_INCIDENTS,\\central\data\Transportation\Traffic\Accident Data\2018\1801180551.pdf,,,,,
993390.62992126122117,432348.43996062874794,27447,1511280310  ,180018,2,2015-11-28T00:00:00.000Z,1532,SAT,0,0,0,3104      ,3104-INJURY TRAFFIC ACCIDENT/BICYCLE                   ,993390.63,432348.44,6TH AV S                      ,INSIDE                                                 ,TUCSON              ,Approximately,80   ,Feet,N ,From,44TH ST W                     ,        ,W ,44TH                                    ,ST  ,S ,6TH                                     ,AV  ,DAYLIGHT                                               ,CLEAR                                                  ,                         ,NON-CONTROLLED ACCESS - DRIVEWAY                       ,T-INTERSECTION                                         ,"2-WAY, DIVIDED, UNPROT (PAINTED > 4 FEET) MEDIAN       ",SINGLE VEHICLE                                         ,                         ,TPD_TRAFFIC_INCIDENTS,,,,,,
983112.81988188996911,448924.299868769943714,27484,1605130282  ,183993,2,2016-05-13T00:00:00.000Z,1233,FRI,0,0,0,3104      ,3104-INJURY TRAFFIC ACCIDENT/BICYCLE                   ,983112.82,448924.3,SILVERBELL RD N               ,INSIDE                                                 ,TUCSON              ,N/A,     ,N/A,  ,At,SAN JOSE AV N                 ,        ,N ,SAN JOSE                                ,AV  ,N ,SILVERBELL                              ,RD  ,DAYLIGHT                                               ,CLEAR                                                  ,                         ,NON-CONTROLLED ACCESS - INTERSECTION (WITHIN)          ,T-INTERSECTION                                         ,"2-WAY, DIVIDED, UNPROT (PAINTED > 4 FEET) MEDIAN       ",SINGLE VEHICLE                                         ,                         ,TPD_TRAFFIC_INCIDENTS,\\central\data\Transportation\Traffic\Accident Data\2016\1605130282.pdf,,,,,
992517.62007873877883,470824.640091866254807,27495,1603120501  ,182479,2,2016-03-12T00:00:00.000Z,2241,SAT,0,0,0,3104      ,3104-INJURY TRAFFIC ACCIDENT/BICYCLE                   ,992517.62,470824.64,N STONE AV                    ,INSIDE                                                 ,TUCSON              ,N/A,     ,N/A,  ,At,E CROYDEN PARK RD             ,        ,E ,CROYDON PARK                            ,RD  ,N ,STONE                                   ,AV  ,DARK-LIGHTED                                           ,CLEAR                                                  ,                         ,NON-CONTROLLED ACCESS - INTERSECTION (WITHIN)          ,T-INTERSECTION                                         ,"2-WAY, DIVIDED, UNPROT (PAINTED > 4 FEET) MEDIAN       ",SINGLE VEHICLE                                         ,                         ,TPD_TRAFFIC_INCIDENTS,,,,,,
992804.140091862529516,445763.970144353806973,27505,1606200536  ,184871,2,2016-06-20T00:00:00.000Z,2149,MON,0,0,0,3204      ,3204-PROP DMG TRAF ACCIDENT/BICYCLE                    ,992804.14,445763.97,CONGRESS ST E                 ,INSIDE                                                 ,TUCSON              ,Approximately,100  ,Feet,E ,From,SCOTT AV N                    ,        ,E ,CONGRESS                                ,ST  ,N ,SCOTT                                   ,AV  ,DARK-LIGHTED                                           ,CLOUDY                                                 ,                         ,NOT JUNCTION RELATED                                   ,,ONE WAY TRAFFICWAY                                     ,SINGLE VEHICLE                                         ,                         ,TPD_TRAFFIC_INCIDENTS,\\central\data\Transportation\Traffic\Accident Data\2016\1606200536.pdf,,,,,
992804.140091862529516,445763.970144353806973,27511,1702040223  ,190836,2,2017-02-04T00:00:00.000Z,0856,SAT,0,0,1,3104      ,3104-INJURY TRAFFIC ACCIDENT/BICYCLE                   ,992804.14,445763.97,E CONGRESS ST                 ,INSIDE                                                 ,TUCSON              ,N/A,     ,N/A,  ,At,N SCOTT AV                    ,        ,E ,CONGRESS                                ,ST  ,N ,SCOTT                                   ,AV  ,DAYLIGHT                                               ,CLEAR                                                  ,                         ,NON-CONTROLLED ACCESS - INTERSECTION (WITHIN)          ,FOUR-WAY INTERSECTION                                  ,ONE WAY TRAFFICWAY                                     ,SINGLE VEHICLE                                         ,                         ,TPD_TRAFFIC_INCIDENTS,\\central\data\Transportation\Traffic\Accident Data\2017\1702040223.pdf,,,,,
1048572.87007873877883,439146.87007874250412,27519,1708300472  ,196084,2,2017-08-30T00:00:00.000Z,1551,WED,0,0,0,3104      ,3104-INJURY TRAFFIC ACCIDENT/BICYCLE                   ,1048572.87,439146.87,BRIANA LN E                   ,INSIDE                                                 ,TUCSON              ,Approximately,UNK  ,Feet,E ,From,HARRISON RD S                 ,        ,E ,BRIANA                                  ,LN  ,S ,HARRISON                                ,RD  ,DAYLIGHT                                               ,CLEAR                                                  ,                         ,NON-CONTROLLED ACCESS - INTERSECTION-RELATED           ,T-INTERSECTION                                         ,"2-WAY, NOT DIVIDED                                     ",SINGLE VEHICLE                                         ,                         ,TPD_TRAFFIC_INCIDENTS,\\central\data\Transportation\Traffic\Accident Data\2017\1708300472.pdf,,,,,
985061.279855642467737,439088.410104990005493,27564,1708220417  ,195885,2,2017-08-22T00:00:00.000Z,1541,TUE,0,0,0,3104      ,3104-INJURY TRAFFIC ACCIDENT/BICYCLE                   ,985061.28,439088.41,SAN RICARDO BL W              ,INSIDE                                                 ,TUCSON              ,Approximately,UNK  ,Feet,W ,From,MISSION RD S                  ,        ,S ,MISSION                                 ,RD  ,W ,SAN RICARDO                             ,BL  ,DAYLIGHT                                               ,CLEAR                                                  ,                         ,NON-CONTROLLED ACCESS - INTERSECTION-RELATED           ,T-INTERSECTION                                         ,"2-WAY, NOT DIVIDED                                     ",SINGLE VEHICLE                                         ,                         ,TPD_TRAFFIC_INCIDENTS,\\central\data\Transportation\Traffic\Accident Data\2017\1708220417.pdf,,,,,
998974.740157481282949,447944.919947504997253,27629,1608240021  ,186472,2,2016-08-24T00:00:00.000Z,1849,WED,0,0,0,3104      ,3104-INJURY TRAFFIC ACCIDENT/BICYCLE                   ,998974.74,447944.92,6TH ST E                      ,INSIDE                                                 ,TUCSON              ,Approximately,5    ,Feet,W ,At,STADIUM WY N                  ,        ,E ,6TH                                     ,ST  ,N ,STADIUM                                 ,WY  ,DUSK                                                   ,CLEAR                                                  ,                         ,NON-CONTROLLED ACCESS - INTERSECTION-RELATED           ,T-INTERSECTION                                         ,"2-WAY, NOT DIVIDED                                     ",ANGLE (FRONT TO SIDE) (OTHER THAN LEFT TURN)           ,                         ,TPD_TRAFFIC_INCIDENTS,\\central\data\Transportation\Traffic\Accident Data\2016\1608240021.pdf,,,,,
999368.75,464098.970144353806973,27692,1602240099  ,182067,2,2016-02-24T00:00:00.000Z,0735,WED,0,0,0,3104      ,3104-INJURY TRAFFIC ACCIDENT/BICYCLE                   ,999368.75,464098.97,CHERRY AV N                   ,INSIDE                                                 ,TUCSON              ,N/A,     ,N/A,  ,At,PRINCE RD E                   ,        ,N ,CHERRY                                  ,AV  ,E ,PRINCE                                  ,RD  ,DAYLIGHT                                               ,CLEAR                                                  ,                         ,NON-CONTROLLED ACCESS - INTERSECTION (WITHIN)          ,T-INTERSECTION                                         ,"2-WAY, NOT DIVIDED WITH CONT LEFT TURN LANE            ",SINGLE VEHICLE                                         ,                         ,TPD_TRAFFIC_INCIDENTS,,,,,,
1023072.5,445918.580052495002747,27727,1707200378  ,195059,2,2017-07-20T00:00:00.000Z,1354,THU,0,0,0,3104      ,3104-INJURY TRAFFIC ACCIDENT/BICYCLE                   ,1023072.5,445918.58,BROADWAY BL E                 ,INSIDE                                                 ,TUCSON              ,Approximately,150  ,Feet,W ,From,LEONORA AV N                  ,        ,E ,BROADWAY                                ,BL  ,N ,LEONORA                                 ,AV  ,DAYLIGHT                                               ,CLOUDY                                                 ,                         ,NON-CONTROLLED ACCESS - DRIVEWAY                       ,T-INTERSECTION                                         ,"2-WAY, DIVIDED, UNPROT (PAINTED > 4 FEET) MEDIAN       ",SINGLE VEHICLE                                         ,                         ,TPD_TRAFFIC_INCIDENTS,\\central\data\Transportation\Traffic\Accident Data\2017\1707200378.pdf,,,,,
991356.0,447224.06003937125206,27754,1603310448  ,182937,2,2016-03-31T00:00:00.000Z,1725,THU,0,0,0,3104      ,3104-INJURY TRAFFIC ACCIDENT/BICYCLE                   ,991356,447224.06,FRANKLIN ST W                 ,INSIDE                                                 ,TUCSON              ,Approximately,20   ,Feet,E ,From,COURT AV N                    ,        ,N ,COURT                                   ,AV  ,W ,FRANKLIN                                ,ST  ,DAYLIGHT                                               ,CLEAR                                                  ,                         ,NON-CONTROLLED ACCESS - INTERSECTION-RELATED           ,FOUR-WAY INTERSECTION                                  ,"2-WAY, NOT DIVIDED                                     ",SINGLE VEHICLE                                         ,                         ,TPD_TRAFFIC_INCIDENTS,,,,,,
993951.87007873877883,448568.529855646193027,27858,1605170540  ,184102,2,2016-05-17T00:00:00.000Z,2101,TUE,0,0,0,3402      ,3402-OTHER VEHICLE ACCIDENTS/BICYCLE ACCIDENTS         ,993951.87,448568.53,627 N 4TH AV                  ,INSIDE                                                 ,TUCSON              ,N/A,     ,N/A,  ,N/A,                              ,627     ,N ,4TH                                     ,AV  ,  ,                                        ,    ,DARK-LIGHTED                                           ,CLEAR                                                  ,                         ,NOT JUNCTION RELATED                                   ,,"2-WAY, DIVIDED POSITIVE MEDIAN BARRIER                 ",SINGLE VEHICLE                                         ,                         ,TPD_TRAFFIC_INCIDENTS,\\central\data\Transportation\Traffic\Accident Data\2016\1605170540.pdf,,,,,
992735.740157481282949,456089.350065618753433,27866,1606260012  ,184987,2,2016-06-26T00:00:00.000Z,0006,SUN,0,1,0,3114      ,3114-INJURY TRAF ACCIDENT/HIT & RUN/BICYCLE            ,992735.74,456089.35,E GRANT RD                    ,INSIDE                                                 ,TUCSON              ,N/A,     ,N/A,  ,At,N ESTRELLA AV                 ,        ,N ,ESTRELLA                                ,AV  ,E ,GRANT                                   ,RD  ,DARK-NOT LIGHTED                                       ,CLOUDY                                                 ,                         ,NON-CONTROLLED ACCESS - INTERSECTION (WITHIN)          ,FOUR-WAY INTERSECTION                                  ,"2-WAY, NOT DIVIDED WITH CONT LEFT TURN LANE            ",SINGLE VEHICLE                                         ,                         ,TPD_TRAFFIC_INCIDENTS,\\central\data\Transportation\Traffic\Accident Data\2016\1606260012.pdf,,,,,
992634.93996062874794,444034.87007874250412,27893,1802050475  ,200015,2,2018-02-05T00:00:00.000Z,1553,MON,0,0,0,3104      ,3104-INJURY TRAFFIC ACCIDENT/BICYCLE                   ,992634.94,444034.87,STONE AV                      ,INSIDE                                                 ,TUCSON              ,N/A,     ,N/A,  ,At,CUSHING ST                    ,        ,W ,CUSHING                                 ,ST  ,S ,STONE                                   ,AV  ,DAYLIGHT                                               ,CLEAR                                                  ,                         ,NON-CONTROLLED ACCESS - INTERSECTION (WITHIN)          ,FOUR-WAY INTERSECTION                                  ,"2-WAY, NOT DIVIDED WITH CONT LEFT TURN LANE            ",OTHER                                                  ,PEDALCYCLE               ,TPD_TRAFFIC_INCIDENTS,\\central\data\Transportation\Traffic\Accident Data\2018\1802050475.pdf,,,,,
1035911.720144357532263,451125.529855646193027,27918,1803110203  ,200851,2,2018-03-11T00:00:00.000Z,1038,SUN,0,0,1,3104      ,3104-INJURY TRAFFIC ACCIDENT/BICYCLE                   ,1035911.72,451125.53,SPEEDWAY BL E                 ,INSIDE                                                 ,TUCSON              ,Approximately,100  ,Feet,E ,From,FREMMING AV N                 ,        ,N ,FREMMING                                ,AV  ,E ,SPEEDWAY                                ,BL  ,DAYLIGHT                                               ,CLOUDY                                                 ,                         ,NOT JUNCTION RELATED                                   ,,"2-WAY, DIVIDED, UNPROT (PAINTED > 4 FEET) MEDIAN       ",OTHER                                                  ,PEDALCYCLIST             ,TPD_TRAFFIC_INCIDENTS,\\central\data\Transportation\Traffic\Accident Data\2018\1803110203.pdf,,,,,
1034255.93996062874794,438447.089895009994507,27928,1608100100  ,186090,2,2016-08-10T00:00:00.000Z,0705,WED,0,0,0,3104      ,3104-INJURY TRAFFIC ACCIDENT/BICYCLE                   ,1034255.94,438447.09,CALLE CUERNAVACA E            ,,TUCSON              ,N/A,     ,N/A,  ,At,MANANA GRANDE VISTA S         ,        ,E ,CALLE CUERNAVACA                        ,    ,S ,MANANA GRANDE VISTA                     ,    ,DAYLIGHT                                               ,OTHER                                                  ,OVERCAST                 ,NON-CONTROLLED ACCESS - INTERSECTION (WITHIN)          ,FOUR-WAY INTERSECTION                                  ,"2-WAY, NOT DIVIDED                                     ",SINGLE VEHICLE                                         ,                         ,TPD_TRAFFIC_INCIDENTS,\\central\data\Transportation\Traffic\Accident Data\2016\1608100100.pdf,,,,,
1008647.729986876249313,461597.589895009994507,27935,1608090387  ,186083,2,2016-08-09T00:00:00.000Z,1557,TUE,0,0,1,3104      ,3104-INJURY TRAFFIC ACCIDENT/BICYCLE                   ,1008647.73,461597.59,N PALO VERDE AV               ,INSIDE                                                 ,TUCSON              ,N/A,     ,N/A,  ,At,E FORT LOWELL RD              ,        ,E ,FORT LOWELL                             ,RD  ,N ,PALO VERDE                              ,AV  ,DAYLIGHT                                               ,CLEAR                                                  ,                         ,NON-CONTROLLED ACCESS - INTERSECTION (WITHIN)          ,T-INTERSECTION                                         ,"2-WAY, NOT DIVIDED                                     ",SINGLE VEHICLE                                         ,                         ,TPD_TRAFFIC_INCIDENTS,\\central\data\Transportation\Traffic\Accident Data\2016\1608090387.pdf,,,,,
1005970.93996062874794,462893.37007874250412,27945,1702050218  ,190876,2,2017-02-05T00:00:00.000Z,1031,SUN,0,0,0,3104      ,3104-INJURY TRAFFIC ACCIDENT/BICYCLE                   ,1005970.94,462893.37,COUNTRY CLUB RD N             ,INSIDE                                                 ,TUCSON              ,N/A,     ,N/A,  ,At,KLEINDALE RD E                ,        ,N ,COUNTRY CLUB                            ,RD  ,E ,KLEINDALE                               ,RD  ,DAYLIGHT                                               ,CLEAR                                                  ,                         ,NON-CONTROLLED ACCESS - INTERSECTION (WITHIN)          ,T-INTERSECTION                                         ,"2-WAY, NOT DIVIDED WITH CONT LEFT TURN LANE            ",ANGLE (FRONT TO SIDE) (OTHER THAN LEFT TURN)           ,                         ,TPD_TRAFFIC_INCIDENTS,\\central\data\Transportation\Traffic\Accident Data\2017\1702050218.pdf,,,,,
997931.18996062874794,416481.279855646193027,27975,1711160432  ,198080,2,2017-11-16T00:00:00.000Z,1641,THU,0,0,0,3104      ,3104-INJURY TRAFFIC ACCIDENT/BICYCLE                   ,997931.19,416481.28,JEANETTE BL S                 ,INSIDE                                                 ,TUCSON              ,Approximately,40   ,Feet,N ,From,BILBY RD E                    ,        ,E ,BILBY                                   ,RD  ,S ,JEANETTE                                ,BL  ,DUSK                                                   ,CLEAR                                                  ,                         ,NOT JUNCTION RELATED                                   ,,"2-WAY, NOT DIVIDED                                     ",OTHER                                                  ,PEDALCYCLE               ,TPD_TRAFFIC_INCIDENTS,\\central\data\Transportation\Traffic\Accident Data\2017\1711160432.pdf,,,,,
996794.81003937125206,450919.68996062874794,28015,1711090232  ,197880,2,2017-11-09T00:00:00.000Z,1049,THU,0,1,0,3114      ,3114-INJURY TRAF ACCIDENT/HIT & RUN/BICYCLE            ,996794.81,450919.69,SPEEDWAY BL E                 ,INSIDE                                                 ,TUCSON              ,Approximately,25   ,Feet,W ,From,PARK AV N                     ,        ,N ,PARK                                    ,AV  ,E ,SPEEDWAY                                ,BL  ,DAYLIGHT                                               ,CLEAR                                                  ,                         ,NON-CONTROLLED ACCESS - DRIVEWAY                       ,FOUR-WAY INTERSECTION                                  ,"2-WAY, DIVIDED, UNPROT (PAINTED > 4 FEET) MEDIAN       ",OTHER                                                  ,PEDALCYCLE               ,TPD_TRAFFIC_INCIDENTS,\\central\data\Transportation\Traffic\Accident Data\2017\1711090232.pdf,,,,,
1049812.62007873877883,445912.910104990005493,28020,1802150096  ,200269,2,2018-02-15T00:00:00.000Z,0727,THU,0,0,1,3104      ,3104-INJURY TRAFFIC ACCIDENT/BICYCLE                   ,1049812.62,445912.91,VOZACK LN                     ,INSIDE                                                 ,TUCSON              ,Approximately,UNK  ,Feet,S ,From,BROADWAY BL                   ,        ,E ,BROADWAY                                ,BL  ,S ,VOZACK                                  ,LN  ,DAYLIGHT                                               ,RAIN                                                   ,                         ,NON-CONTROLLED ACCESS - INTERSECTION (WITHIN)          ,T-INTERSECTION                                         ,"2-WAY, NOT DIVIDED                                     ",OTHER                                                  ,PEDALCYCLE               ,TPD_TRAFFIC_INCIDENTS,\\central\data\Transportation\Traffic\Accident Data\2018\1802150096.pdf,,,,,
1013342.68996062874794,450470.68996062874794,28024,1709140102  ,196443,2,2017-09-14T00:00:00.000Z,0702,THU,0,1,0,3114      ,3114-INJURY TRAF ACCIDENT/HIT & RUN/BICYCLE            ,1013342.69,450470.69,2ND ST E                      ,INSIDE                                                 ,TUCSON              ,N/A,     ,N/A,  ,At,BRYANT AV N                   ,        ,E ,2ND                                     ,ST  ,N ,BRYANT                                  ,AV  ,DAYLIGHT                                               ,CLEAR                                                  ,                         ,NON-CONTROLLED ACCESS - INTERSECTION (WITHIN)          ,T-INTERSECTION                                         ,"2-WAY, NOT DIVIDED                                     ",OTHER                                                  ,PEDALCYCLIST             ,TPD_TRAFFIC_INCIDENTS,\\central\data\Transportation\Traffic\Accident Data\2017\1709140102.pdf,,,,,
1006604.06003937125206,459561.0,28044,1701070401  ,190106,2,2017-01-07T00:00:00.000Z,1657,SAT,0,0,0,3104      ,3104-INJURY TRAFFIC ACCIDENT/BICYCLE                   ,1006604.06,459561,FLANWILL BL N                 ,INSIDE                                                 ,TUCSON              ,N/A,     ,N/A,  ,At,MONTE VISTA DR E              ,        ,N ,FLANWILL                                ,BL  ,E ,MONTE VISTA                             ,DR  ,DAYLIGHT                                               ,CLEAR                                                  ,                         ,NON-CONTROLLED ACCESS - INTERSECTION (WITHIN)          ,FOUR-WAY INTERSECTION                                  ,"2-WAY, NOT DIVIDED                                     ",ANGLE (FRONT TO SIDE) (OTHER THAN LEFT TURN)           ,                         ,TPD_TRAFFIC_INCIDENTS,\\central\data\Transportation\Traffic\Accident Data\2017\1701070401.pdf,,,,,
998464.87007873877883,454106.87992125749588,28060,1701200354  ,190412,2,2017-01-20T00:00:00.000Z,1458,FRI,0,0,0,3104      ,3104-INJURY TRAFFIC ACCIDENT/BICYCLE                   ,998464.87,454106.88,N HIGHLAND AV                 ,INSIDE                                                 ,TUCSON              ,N/A,     ,N/A,  ,At,E LINDEN ST                   ,        ,N ,HIGHLAND                                ,AV  ,E ,LINDEN                                  ,ST  ,DAYLIGHT                                               ,RAIN                                                   ,                         ,NON-CONTROLLED ACCESS - INTERSECTION (WITHIN)          ,FOUR-WAY INTERSECTION                                  ,"2-WAY, NOT DIVIDED                                     ",SINGLE VEHICLE                                         ,                         ,TPD_TRAFFIC_INCIDENTS,\\central\data\Transportation\Traffic\Accident Data\2017\1701200354.pdf,,,,,
983576.0,450277.18996062874794,28154,1711080607  ,197869,2,2017-11-08T00:00:00.000Z,1932,WED,0,0,0,3104      ,3104-INJURY TRAFFIC ACCIDENT/BICYCLE                   ,983576,450277.19,DELAWARE ST W                 ,INSIDE                                                 ,TUCSON              ,N/A,     ,N/A,  ,At,SEMINOLE AV N                 ,        ,W ,DELAWARE                                ,ST  ,N ,SEMINOLE                                ,AV  ,DARK-NOT LIGHTED                                       ,CLEAR                                                  ,                         ,NON-CONTROLLED ACCESS - INTERSECTION (WITHIN)          ,FOUR-WAY INTERSECTION                                  ,"2-WAY, NOT DIVIDED                                     ",OTHER                                                  ,PEDALCYCLIST             ,TPD_TRAFFIC_INCIDENTS,\\central\data\Transportation\Traffic\Accident Data\2017\1711080607.pdf,,,,,
998704,449189,28213,1710050019  ,197001,2,2017-10-05T00:00:00.000Z,2112,THU,0,0,0,3402      ,3402-OTHER VEHICLE ACCIDENTS/BICYCLE ACCIDENTS         ,998704,449189,UNIVERSITY                    ,,TUCSON              ,N/A,     ,N/A,  ,At,HIGHLAND                      ,744     ,N ,HIGHLAND                                ,AV  ,  ,                                        ,    ,DARK-LIGHTED                                           ,CLEAR                                                  ,                         ,NOT JUNCTION RELATED                                   ,,ONE WAY TRAFFICWAY                                     ,ANGLE (FRONT TO SIDE) (OTHER THAN LEFT TURN)           ,                         ,TPD_TRAFFIC_INCIDENTS,\\central\data\Transportation\Traffic\Accident Data\2017\1710050019.pdf,,,,,
999233.56988188996911,440582.12007874250412,28220,1801150444  ,199512,2,2018-01-15T00:00:00.000Z,1935,MON,0,0,0,3104      ,3104-INJURY TRAFFIC ACCIDENT/BICYCLE                   ,999233.57,440582.12,22ND ST EB OFF RAMP           ,,TUCSON              ,Approximately,UNK  ,Feet,N ,From,KINO PW SB ON RAMP            ,        ,E ,22ND ST EB OFF RAMP                     ,    ,N ,KINO PW NB ON RAMP                      ,    ,DARK-LIGHTED                                           ,CLEAR                                                  ,                         ,NON-CONTROLLED ACCESS - INTERSECTION-RELATED           ,T-INTERSECTION                                         ,"2-WAY, DIVIDED, UNPROT (PAINTED > 4 FEET) MEDIAN       ",LEFT TURN                                              ,                         ,TPD_TRAFFIC_INCIDENTS,\\central\data\Transportation\Traffic\Accident Data\2018\1801150444.pdf,,,,,
988699.81003937125206,424381.529855646193027,28278,1807140285  ,203527,2,2018-07-14T00:00:00.000Z,1135,SAT,0,0,0,3104      ,3104-INJURY TRAFFIC ACCIDENT/BICYCLE                   ,988699.81,424381.53,IRVINGTON RD                  ,INSIDE                                                 ,TUCSON              ,N/A,     ,N/A,  ,At,I19 NB EXIT 98 OFF RAMP       ,        ,N ,I19 NB EXIT 98 OFF RAMP                 ,    ,W ,IRVINGTON                               ,RD  ,DAYLIGHT                                               ,CLOUDY                                                 ,                         ,NON-CONTROLLED ACCESS - ENTRANCE/EXIT RAMP (REST AREAS),INTER. AS PART OF INTERCHANGE                          ,"2-WAY, DIVIDED, UNPROT (PAINTED > 4 FEET) MEDIAN       ",OTHER                                                  ,PEDALCYCLE               ,TPD_TRAFFIC_INCIDENTS,\\central\data\Transportation\Traffic\Accident Data\2018\1807140285.pdf,,,,,
1011206.169947504997253,461639.279855646193027,28314,1707260440  ,195202,2,2017-07-15T00:00:00.000Z,1500,SAT,0,1,1,3114      ,3114-INJURY TRAF ACCIDENT/HIT & RUN/BICYCLE            ,1011206.17,461639.28,N ALVERNON WY                 ,,TUCSON              ,Approximately,UNK  ,Feet,S ,From,E FORT LOWELL RD              ,        ,N ,ALVERNON                                ,WY  ,E ,FORT LOWELL                             ,RD  ,DAYLIGHT                                               ,CLEAR                                                  ,                         ,NON-CONTROLLED ACCESS - DRIVEWAY                       ,FOUR-WAY INTERSECTION                                  ,"2-WAY, NOT DIVIDED WITH CONT LEFT TURN LANE            ",SINGLE VEHICLE                                         ,                         ,TPD_TRAFFIC_INCIDENTS,\\central\data\Transportation\Traffic\Accident Data\2017\1707260440.pdf,,,,,
985366.25,454001.220144353806973,28357,1709250279  ,196737,2,2017-09-25T00:00:00.000Z,1135,MON,0,0,1,3104      ,3104-INJURY TRAFFIC ACCIDENT/BICYCLE                   ,985366.25,454001.22,RIVERVIEW BL W                ,INSIDE                                                 ,TUCSON              ,Approximately,500  ,Feet,E ,From,NAVAJO ST N                   ,        ,N ,NAVAJO                                  ,ST  ,W ,RIVERVIEW                               ,BL  ,DAYLIGHT                                               ,CLEAR                                                  ,                         ,NOT JUNCTION RELATED                                   ,,"2-WAY, NOT DIVIDED                                     ",SINGLE VEHICLE                                         ,                         ,TPD_TRAFFIC_INCIDENTS,\\central\data\Transportation\Traffic\Accident Data\2017\1709250279.pdf,,,,,
999047.93996062874794,448900.339895009994507,28358,1710100018  ,197121,2,2017-10-10T21:32:01.000Z,2049,TUE,0,0,0,3104      ,3104-INJURY TRAFFIC ACCIDENT/BICYCLE                   ,999047.94,448900.34,4TH ST E                      ,INSIDE                                                 ,TUCSON              ,Approximately,100  ,Feet,S ,From,VINE AV N                     ,        ,E ,4TH                                     ,ST  ,N ,VINE                                    ,AV  ,DARK-LIGHTED                                           ,CLEAR                                                  ,                         ,NOT JUNCTION RELATED                                   ,,"2-WAY, NOT DIVIDED                                     ",ANGLE (FRONT TO SIDE) (OTHER THAN LEFT TURN)           ,                         ,TPD_TRAFFIC_INCIDENTS,\\central\data\Transportation\Traffic\Accident Data\2017\1710100018.pdf,,,,,
0,0,28460,1712030012  ,198501,3,2017-12-03T21:49:33.000Z,1810,SUN,0,0,0,3104      ,3104-INJURY TRAFFIC ACCIDENT/BICYCLE                   ,0,0,HIGHLAND AVENUE               ,INSIDE                                                 ,TUCSON              ,Approximately,75   ,Feet,S ,From,E 4TH STREET                  ,        ,N ,HIGHLAND                                ,AVE ,E ,4TH STREET                              ,    ,DARK-LIGHTED                                           ,CLEAR                                                  ,                         ,NOT JUNCTION RELATED                                   ,,"2-WAY, NOT DIVIDED                                     ","SIDESWIPE, SAME DIRECTION                              ",                         ,TPD_TRAFFIC_INCIDENTS,\\central\data\Transportation\Traffic\Accident Data\2017\1712030012.pdf,,,,,
1012424,411709,28491,1710240481  ,197482,2,2017-10-24T00:00:00.000Z,1624,TUE,0,1,0,3114      ,3114-INJURY TRAF ACCIDENT/HIT & RUN/BICYCLE            ,1012424,411709,E AGATE KNOLL DR              ,INSIDE                                                 ,TUCSON              ,Approximately,50   ,Feet,E ,From,S COPPER BLOOM AV             ,        ,E ,AGATE KNOLL                             ,DR  ,S ,COPPER BLOOM                            ,AV  ,DAYLIGHT                                               ,CLEAR                                                  ,                         ,NON-CONTROLLED ACCESS - INTERSECTION-RELATED           ,T-INTERSECTION                                         ,"2-WAY, NOT DIVIDED                                     ",OTHER                                                  ,PEDALCYCLE               ,TPD_TRAFFIC_INCIDENTS,\\central\data\Transportation\Traffic\Accident Data\2017\1710240481.pdf,,,,,