X,Y,OBJECTID,acci_id,tamainid,numunits,AccidentDate,AccidentTime,DayOfWeek,WasFatal,WasHitAndRun,TransImmedMedCare,UCRCode,UCRDescription,CoordX,CoordY,Location,Inside_Outside,City,Accuracy,Distance,Units,Direction,From_At,IntersectingStreet,AddrNumber,AddrDirection,AddrStreetName,AddrStreetNameSuffix,CrossStreetDirection,CrossStreetName,CrossStreetSuffix,LightConditionDescription,WeatherDescription,WeatherOther,RelationDescription,IntersectionTypeDescription,RoadConfigurationDescription,MannerOfCrashDescription,MannerOfCrashOther,DATASOURCE,URL,F7Days,F28Days,COMPSTAT_28D,WEEKLY_7D,AccidentDateTime
0,0,28499,1801230082  ,199667,2,2018-01-23T00:00:00.000Z,0345,TUE,0,0,0,3104      ,3104-INJURY TRAFFIC ACCIDENT/BICYCLE                   ,0,0,GOLF LINKS RD                 ,INSIDE                                                 ,TUCSON              ,Approximately,UNK  ,Feet,E ,From,KOLB RD                       ,        ,E ,GOLF LINKS                              ,RD  ,S ,KOLB                                    ,RD  ,DARK-LIGHTED                                           ,CLEAR                                                  ,                         ,NON-CONTROLLED ACCESS - INTERSECTION-RELATED           ,FOUR-WAY INTERSECTION                                  ,"2-WAY, DIVIDED, UNPROT (PAINTED > 4 FEET) MEDIAN       ",OTHER                                                  ,PEDACYCLE                ,TPD_TRAFFIC_INCIDENTS,\\central\data\Transportation\Traffic\Accident Data\2018\1801230082.pdf,,,,,
1006495.5,449525.089895009994507,28513,1801240445  ,199717,2,2018-01-24T00:00:00.000Z,1641,WED,0,0,0,3104      ,3104-INJURY TRAFFIC ACCIDENT/BICYCLE                   ,1006495.5,449525.09,N ANDERSON BL                 ,INSIDE                                                 ,TUCSON              ,N/A,     ,N/A,  ,At,E 3RD ST                      ,        ,E ,3RD                                     ,ST  ,N ,ANDERSON                                ,BL  ,DAYLIGHT                                               ,CLEAR                                                  ,                         ,NON-CONTROLLED ACCESS - DRIVEWAY                       ,T-INTERSECTION                                         ,"2-WAY, NOT DIVIDED                                     ",OTHER                                                  ,PEDALCYCLE               ,TPD_TRAFFIC_INCIDENTS,\\central\data\Transportation\Traffic\Accident Data\2018\1801240445.pdf,,,,,
990140.899934384971857,458038.81003937125206,28538,1712030036  ,198488,2,2017-12-03T00:00:00.000Z,0051,SUN,0,0,0,3104      ,3104-INJURY TRAFFIC ACCIDENT/BICYCLE                   ,990140.9,458038.81,ORACLE RD                     ,,TUCSON              ,Approximately,30   ,Feet,N ,From,KELSO ST                      ,        ,W ,KELSO                                   ,ST  ,N ,ORACLE                                  ,RD  ,DARK-LIGHTED                                           ,CLOUDY                                                 ,                         ,NON-CONTROLLED ACCESS - INTERSECTION-RELATED           ,FOUR-WAY INTERSECTION                                  ,"2-WAY, DIVIDED, UNPROT (PAINTED > 4 FEET) MEDIAN       ",OTHER                                                  ,PEDALCYLCE               ,TPD_TRAFFIC_INCIDENTS,\\central\data\Transportation\Traffic\Accident Data\2017\1712030036.pdf,,,,,
990156.330052495002747,445428.589895009994507,28547,1805180454  ,202442,2,2018-05-18T00:00:00.000Z,1530,FRI,0,0,0,3204      ,3204-PROP DMG TRAF ACCIDENT/BICYCLE                    ,990156.33,445428.59,CONGRESS ST W                 ,INSIDE                                                 ,TUCSON              ,Approximately,150  ,Feet,E ,From,MANNING HOUSE WY              ,        ,W ,CONGRESS                                ,ST  ,  ,MANNING HOUSE                           ,WY  ,DAYLIGHT                                               ,CLEAR                                                  ,                         ,NON-CONTROLLED ACCESS - DRIVEWAY                       ,T-INTERSECTION                                         ,"2-WAY, NOT DIVIDED WITH CONT LEFT TURN LANE            ",OTHER                                                  ,PEDALCYCLIST             ,TPD_TRAFFIC_INCIDENTS,\\central\data\Transportation\Traffic\Accident Data\2018\1805180454.pdf,,,,,
1015516.06003937125206,438213.529855646193027,28622,1806120466  ,202905,2,2018-06-12T00:00:00.000Z,1850,TUE,0,1,1,3114      ,3114-INJURY TRAF ACCIDENT/HIT & RUN/BICYCLE            ,1015516.06,438213.53,BELVEDERE AV                  ,INSIDE                                                 ,TUCSON              ,N/A,     ,N/A,  ,At,28TH ST                       ,        ,E ,28TH                                    ,ST  ,S ,BELVEDERE                               ,AV  ,DAYLIGHT                                               ,CLEAR                                                  ,                         ,NON-CONTROLLED ACCESS - INTERSECTION (WITHIN)          ,FOUR-WAY INTERSECTION                                  ,"2-WAY, NOT DIVIDED                                     ",OTHER                                                  ,PEDALCYCLE               ,TPD_TRAFFIC_INCIDENTS,\\central\data\Transportation\Traffic\Accident Data\2018\1806120466.pdf,,,,,
990048.25,466575.910104990005493,28650,1807060118  ,203376,2,2018-07-06T00:00:00.000Z,0833,FRI,0,0,0,3204      ,3204-PROP DMG TRAF ACCIDENT/BICYCLE                    ,990048.25,466575.91,W ROGER RD                    ,INSIDE                                                 ,TUCSON              ,Approximately,UNK  ,Feet,S ,From,N ORACLE RD                   ,        ,N ,ORACLE                                  ,RD  ,W ,ROGER                                   ,RD  ,DAYLIGHT                                               ,CLEAR                                                  ,                         ,NON-CONTROLLED ACCESS - DRIVEWAY                       ,T-INTERSECTION                                         ,"2-WAY, DIVIDED, UNPROT (PAINTED > 4 FEET) MEDIAN       ",OTHER                                                  ,PEDALCYCLE               ,TPD_TRAFFIC_INCIDENTS,\\central\data\Transportation\Traffic\Accident Data\2018\1807060118.pdf,,,,,
992364.93996062874794,445731.720144353806973,28653,1809220644  ,205044,2,2018-09-22T00:00:00.000Z,1745,SAT,0,1,0,3114      ,3114-INJURY TRAF ACCIDENT/HIT & RUN/BICYCLE            ,992364.94,445731.72,CONGRESS ST E                 ,INSIDE                                                 ,TUCSON              ,Approximately,15   ,Feet,E ,From,STONE AV S                    ,        ,E ,CONGRESS                                ,ST  ,S ,STONE                                   ,AV  ,DAYLIGHT                                               ,CLEAR                                                  ,                         ,NON-CONTROLLED ACCESS - INTERSECTION-RELATED           ,FOUR-WAY INTERSECTION                                  ,ONE WAY TRAFFICWAY                                     ,OTHER                                                  ,PEDALCYCLE               ,TPD_TRAFFIC_INCIDENTS,\\central\data\Transportation\Traffic\Accident Data\2018\1809220644.pdf,,,,,
0,0,28731,1812030595  ,206813,2,2018-12-03T00:00:00.000Z,2122,MON,0,0,0,3104      ,3104-INJURY TRAFFIC ACCIDENT/BICYCLE                   ,0,0,SARNOFF DR S                  ,INSIDE                                                 ,TUCSON              ,N/A,     ,N/A,  ,At,STELLA RD E                   ,        ,S ,SARNOFF                                 ,DR  ,E ,STELLA                                  ,RD  ,DARK-LIGHTED                                           ,CLEAR                                                  ,                         ,NON-CONTROLLED ACCESS - INTERSECTION (WITHIN)          ,FOUR-WAY INTERSECTION                                  ,"2-WAY, NOT DIVIDED                                     ",OTHER                                                  ,PEDALCYCLE               ,TPD_TRAFFIC_INCIDENTS,\\central\data\Transportation\Traffic\Accident Data\2018\1812030595.pdf,,,,,
993488.56003937125206,441693.910104990005493,28817,1906170102  ,211442,2,2019-06-17T00:00:00.000Z,0632,MON,0,1,0,3214      ,3214-PROP DMG TRAF ACCIDENT/HIT & RUN/BICYCLE          ,993488.56,441693.91,19TH ST E                     ,OUTSIDE                                                ,TUCSON              ,Approximately,40   ,Feet,E ,From,ARIZONA AV                    ,        ,E ,19TH                                    ,ST  ,S ,ARIZONA                                 ,AV  ,DAYLIGHT                                               ,CLEAR                                                  ,                         ,NOT JUNCTION RELATED                                   ,,"2-WAY, NOT DIVIDED                                     ",UNKNOWN                                                ,                         ,TPD_TRAFFIC_INCIDENTS,\\central\data\Transportation\Traffic\Accident Data\2019\1906170102.pdf,,,,,
1011564.540026247501373,437763.990157477557659,28860,1909080029  ,213406,2,2019-09-08T00:00:00.000Z,0214,SUN,0,1,0,3114      ,3114-INJURY TRAF ACCIDENT/HIT & RUN/BICYCLE            ,1011564.54,437763.99,E 29TH ST                     ,INSIDE                                                 ,TUCSON              ,Approximately,400  ,Feet,E ,From,S ALVERNON WY                 ,        ,E ,29TH                                    ,ST  ,S ,ALVERNON                                ,WY  ,DARK-LIGHTED                                           ,RAIN                                                   ,                         ,NOT JUNCTION RELATED                                   ,,"2-WAY, NOT DIVIDED                                     ",,PEDALCYCLE               ,TPD_TRAFFIC_INCIDENTS,\\central\data\Transportation\Traffic\Accident Data\2019\1909080029.pdf,,,,,
992517.62007873877883,470824.640091866254807,29138,1912200058  ,216127,2,2019-12-20T00:00:00.000Z,0904,FRI,0,0,0,3104      ,3104-INJURY TRAFFIC ACCIDENT/BICYCLE                   ,992517.62,470824.64,STONE AV                      ,INSIDE                                                 ,TUCSON              ,Approximately,50   ,Feet,N ,From,CROYDON PARK RD               ,        ,E ,CROYDON PARK                            ,RD  ,N ,STONE                                   ,AV  ,DAYLIGHT                                               ,CLEAR                                                  ,                         ,NON-CONTROLLED ACCESS - INTERSECTION-RELATED           ,T-INTERSECTION                                         ,"2-WAY, DIVIDED, UNPROT (PAINTED > 4 FEET) MEDIAN       ",,PEDALCYCLE               ,TPD_TRAFFIC_INCIDENTS,\\central\data\Transportation\Traffic\Accident Data\2019\1912200058.pdf,,,,,
1011335.62007873877883,453757.419947504997253,29244,1910160237  ,214428,2,2019-10-16T00:00:00.000Z,1828,WED,0,0,0,3104      ,3104-INJURY TRAFFIC ACCIDENT/BICYCLE                   ,1011335.62,453757.42,PIMA ST                       ,INSIDE                                                 ,TUCSON              ,N/A,     ,N/A,  ,At,ALVERNON WY                   ,        ,N ,ALVERNON                                ,WY  ,E ,PIMA                                    ,ST  ,DARK-LIGHTED                                           ,CLEAR                                                  ,                         ,,FOUR-WAY INTERSECTION                                  ,"2-WAY, NOT DIVIDED WITH CONT LEFT TURN LANE            ",,PEDALCYCLE               ,TPD_TRAFFIC_INCIDENTS,\\central\data\Transportation\Traffic\Accident Data\2019\1910160237.pdf,,,,,
1039270.779855642467737,445849.339895009994507,29316,1908300080  ,213226,2,2019-08-30T00:00:00.000Z,0912,FRI,0,0,0,3104      ,3104-INJURY TRAFFIC ACCIDENT/BICYCLE                   ,1039270.78,445849.34,E BROADWAY BL                 ,INSIDE                                                 ,TUCSON              ,Approximately,500  ,Feet,E ,From,N MAGUIRE AV                  ,        ,E ,BROADWAY                                ,BL  ,N ,MAGUIRE                                 ,AV  ,DAYLIGHT                                               ,CLEAR                                                  ,                         ,NOT JUNCTION RELATED                                   ,,"2-WAY, DIVIDED, UNPROT (PAINTED > 4 FEET) MEDIAN       ",ANGLE (FRONT TO SIDE) (OTHER THAN LEFT TURN)           ,                         ,TPD_TRAFFIC_INCIDENTS,\\central\data\Transportation\Traffic\Accident Data\2019\1908300080.pdf,,,,,
1033838.68996062874794,445812.390091866254807,29500,1911170121  ,215314,2,2019-11-17T00:00:00.000Z,1138,SUN,0,1,0,3214      ,3214-PROP DMG TRAF ACCIDENT/HIT & RUN/BICYCLE          ,1033838.69,445812.39,MONTEGO DR                    ,INSIDE                                                 ,TUCSON              ,N/A,     ,N/A,  ,At,BROADWAY BL                   ,        ,E ,BROADWAY                                ,BL  ,N ,MONTEGO                                 ,DR  ,DAYLIGHT                                               ,CLEAR                                                  ,                         ,,FOUR-WAY INTERSECTION                                  ,"2-WAY, NOT DIVIDED                                     ",,PEDALCYCLE               ,TPD_TRAFFIC_INCIDENTS,\\central\data\Transportation\Traffic\Accident Data\2019\1911170121.pdf,,,,,
1009915.75,458969.160104990005493,29573,1908300240  ,213242,2,2019-08-30T00:00:00.000Z,1918,FRI,0,0,1,3104      ,3104-INJURY TRAFFIC ACCIDENT/BICYCLE                   ,1009915.75,458969.16,GLENN ST                      ,INSIDE                                                 ,TUCSON              ,N/A,     ,N/A,  ,At,DODGE BL                      ,        ,N ,DODGE                                   ,BL  ,E ,GLENN                                   ,ST  ,DARK-LIGHTED                                           ,CLEAR                                                  ,                         ,,FOUR-WAY INTERSECTION                                  ,"2-WAY, NOT DIVIDED                                     ",,PEDALCYCLE               ,TPD_TRAFFIC_INCIDENTS,\\central\data\Transportation\Traffic\Accident Data\2019\1908300240.pdf,,,,,
985241.12007873877883,429661.68996062874794,29699,1909190046  ,213659,2,2019-09-19T00:00:00.000Z,0552,THU,0,0,0,3204      ,3204-PROP DMG TRAF ACCIDENT/BICYCLE                    ,985241.12,429661.69,W AJO WY                      ,INSIDE                                                 ,TUCSON              ,Approximately,UNK  ,Feet,S ,From,S HOLIDAY AISLE BL            ,        ,W ,AJO                                     ,WY  ,S ,HOLIDAY ISLE                            ,BL  ,DAYLIGHT                                               ,CLEAR                                                  ,                         ,NON-CONTROLLED ACCESS - INTERSECTION-RELATED           ,T-INTERSECTION                                         ,"2-WAY, NOT DIVIDED WITH CONT LEFT TURN LANE            ",,PEDALCYCLE               ,TPD_TRAFFIC_INCIDENTS,\\central\data\Transportation\Traffic\Accident Data\2019\1909190046.pdf,,,,,
995924.540026247501373,419102.649934381246567,29801,1909300236  ,213989,2,2019-09-30T00:00:00.000Z,1823,MON,0,0,1,3114      ,3114-INJURY TRAF ACCIDENT/HIT & RUN/BICYCLE            ,995924.54,419102.65,E DREXEL RD                   ,,TUCSON              ,N/A,     ,N/A,  ,At,S 1ST AV                      ,        ,S ,1ST                                     ,AV  ,E ,DREXEL                                  ,RD  ,DUSK                                                   ,CLEAR                                                  ,                         ,,T-INTERSECTION                                         ,"2-WAY, NOT DIVIDED                                     ",LEFT TURN                                              ,                         ,TPD_TRAFFIC_INCIDENTS,\\central\data\Transportation\Traffic\Accident Data\2019\1909300236.pdf,,,,,
1041878.18996062874794,435278.910104990005493,29896,1909150190  ,213589,2,2019-09-15T00:00:00.000Z,1936,SUN,0,0,0,3104      ,3104-INJURY TRAFFIC ACCIDENT/BICYCLE                   ,1041878.19,435278.91,CAMINO SECO S                 ,INSIDE                                                 ,TUCSON              ,Approximately,UNK  ,Feet,S ,From,GOLF LINKS RD E               ,        ,S ,CAMINO SECO                             ,    ,E ,GOLF LINKS                              ,RD  ,DARK-LIGHTED                                           ,CLEAR                                                  ,                         ,NON-CONTROLLED ACCESS - INTERSECTION-RELATED           ,T-INTERSECTION                                         ,"2-WAY, NOT DIVIDED                                     ",,PEDALCYCLE               ,TPD_TRAFFIC_INCIDENTS,\\central\data\Transportation\Traffic\Accident Data\2019\1909150190.pdf,,,,,
991731.220144357532263,429017.279855646193027,29915,1910040117  ,214102,2,2019-10-04T00:00:00.000Z,1150,FRI,0,0,0,3104      ,3104-INJURY TRAFFIC ACCIDENT/BICYCLE                   ,991731.22,429017.28,LINCOLN ST                    ,INSIDE                                                 ,TUCSON              ,N/A,     ,N/A,  ,At,LIBERTY AV                    ,        ,S ,LIBERTY                                 ,AV  ,W ,LINCOLN                                 ,ST  ,DAYLIGHT                                               ,CLEAR                                                  ,                         ,,TRAFFIC CIRCLE                                         ,"2-WAY, NOT DIVIDED                                     ",,PEDALCYCLE               ,TPD_TRAFFIC_INCIDENTS,\\central\data\Transportation\Traffic\Accident Data\2019\1910040117.pdf,,,,,
993408.779855642467737,431033.419947504997253,29923,1910250066  ,214664,2,2019-10-25T00:00:00.000Z,0922,FRI,0,0,0,3104      ,3104-INJURY TRAFFIC ACCIDENT/BICYCLE                   ,993408.78,431033.42,VETERANS BL E                 ,INSIDE                                                 ,TUCSON              ,Approximately,UNK  ,Feet,E ,From,6TH AV S                      ,        ,S ,6TH                                     ,AV  ,W ,VETERANS                                ,BL  ,DAYLIGHT                                               ,CLEAR                                                  ,                         ,NON-CONTROLLED ACCESS - INTERSECTION-RELATED           ,FOUR-WAY INTERSECTION                                  ,ONE WAY TRAFFICWAY                                     ,,PEDALCYCLE               ,TPD_TRAFFIC_INCIDENTS,\\central\data\Transportation\Traffic\Accident Data\2019\1910250066.pdf,,,,,
1034630.220144357532263,445814.62007874250412,29951,1910010141  ,214004,2,2019-10-01T00:00:00.000Z,1243,TUE,1,0,0,3004      ,3004-FATAL TRAFFIC ACCIDENT/BICYCLE                    ,1034630.22,445814.62,BROADWAY BL E                 ,INSIDE                                                 ,TUCSON              ,Approximately,UNK  ,Feet,W ,From,AVENIDA DE LA VISTA N         ,        ,N ,AVENIDA DE LA VISTA                     ,    ,E ,BROADWAY                                ,BL  ,DAYLIGHT                                               ,CLEAR                                                  ,                         ,NON-CONTROLLED ACCESS - INTERSECTION-RELATED           ,FOUR-WAY INTERSECTION                                  ,"2-WAY, DIVIDED, UNPROT (PAINTED > 4 FEET) MEDIAN       ",,PEDALCYCLE               ,TPD_TRAFFIC_INCIDENTS,\\central\data\Transportation\Traffic\Accident Data\2019\1910010141.pdf,,,,,
989332.709973752498627,413639.149934381246567,29968,1908270151  ,213160,2,2019-08-27T00:00:00.000Z,1249,TUE,0,1,0,3114      ,3114-INJURY TRAF ACCIDENT/HIT & RUN/BICYCLE            ,989332.71,413639.15,W VALENCIA RD                 ,INSIDE                                                 ,TUCSON              ,Approximately,UNK  ,Feet,N ,From,S SANTA CLARA RD              ,        ,S ,SANTA CLARA                             ,AV  ,W ,VALENCIA                                ,RD  ,DAYLIGHT                                               ,CLEAR                                                  ,                         ,NON-CONTROLLED ACCESS - INTERSECTION-RELATED           ,FOUR-WAY INTERSECTION                                  ,"2-WAY, NOT DIVIDED                                     ",,PEDALCYCLE               ,TPD_TRAFFIC_INCIDENTS,\\central\data\Transportation\Traffic\Accident Data\2019\1908270151.pdf,,,,,
1019466.18996062874794,444576.31003937125206,30025,1910220159  ,214577,2,2019-10-22T00:00:00.000Z,1509,TUE,0,0,0,3104      ,3104-INJURY TRAFFIC ACCIDENT/BICYCLE                   ,1019466.19,444576.31,S ROSEMONT BL                 ,INSIDE                                                 ,TUCSON              ,Approximately,5    ,Feet,S ,From,E SCARLETT ST                 ,        ,S ,ROSEMONT                                ,BL  ,E ,SCARLETT                                ,ST  ,DAYLIGHT                                               ,CLEAR                                                  ,                         ,NON-CONTROLLED ACCESS - INTERSECTION-RELATED           ,T-INTERSECTION                                         ,"2-WAY, NOT DIVIDED                                     ",,PEDALCYCLE               ,TPD_TRAFFIC_INCIDENTS,\\central\data\Transportation\Traffic\Accident Data\2019\1910220159.pdf,,,,,
1035840.93996062874794,456649.080052495002747,30130,1910250220  ,214687,2,2019-10-25T00:00:00.000Z,1756,FRI,0,0,1,3104      ,3104-INJURY TRAFFIC ACCIDENT/BICYCLE                   ,1035840.94,456649.08,E TANQUE VERDE RD             ,INSIDE                                                 ,TUCSON              ,Approximately,UNK  ,Feet,E ,From,N DOS HOMBRES RD              ,        ,N ,DOS HOMBRES                             ,RD  ,E ,TANQUE VERDE                            ,RD  ,DUSK                                                   ,CLEAR                                                  ,                         ,NON-CONTROLLED ACCESS - INTERSECTION-RELATED           ,FOUR-WAY INTERSECTION                                  ,"2-WAY, DIVIDED, UNPROT (PAINTED > 4 FEET) MEDIAN       ",LEFT TURN                                              ,                         ,TPD_TRAFFIC_INCIDENTS,\\central\data\Transportation\Traffic\Accident Data\2019\1910250220.pdf,,,,,
1011327.12007873877883,452427.93996062874794,30201,1910260121  ,214701,2,2019-10-26T00:00:00.000Z,1045,SAT,0,0,0,3104      ,3104-INJURY TRAFFIC ACCIDENT/BICYCLE                   ,1011327.12,452427.94,N ALVERNON WY                 ,INSIDE                                                 ,TUCSON              ,Approximately,UNK  ,Feet,S ,From,E FAIRMOUNT ST                ,        ,N ,ALVERNON                                ,WY  ,E ,FAIRMOUNT                               ,ST  ,DAYLIGHT                                               ,CLEAR                                                  ,                         ,NON-CONTROLLED ACCESS - INTERSECTION-RELATED           ,FOUR-WAY INTERSECTION                                  ,"2-WAY, NOT DIVIDED WITH CONT LEFT TURN LANE            ",REAR END (FRONT TO REAR)                               ,                         ,TPD_TRAFFIC_INCIDENTS,\\central\data\Transportation\Traffic\Accident Data\2019\1910260121.pdf,,,,,
999303.910104986280203,424485.87007874250412,30224,1909260187  ,213872,2,2019-09-26T00:00:00.000Z,1515,THU,0,0,0,3104      ,3104-INJURY TRAFFIC ACCIDENT/BICYCLE                   ,999303.91,424485.87,IRVINGTON RD E                ,INSIDE                                                 ,TUCSON              ,Approximately,UNK  ,Feet,N ,From,CALLE DE LA FAENA S           ,        ,S ,CALLE DE LA FAENA                       ,    ,E ,IRVINGTON                               ,RD  ,DAYLIGHT                                               ,CLOUDY                                                 ,                         ,NON-CONTROLLED ACCESS - INTERSECTION-RELATED           ,T-INTERSECTION                                         ,"2-WAY, NOT DIVIDED WITH CONT LEFT TURN LANE            ",ANGLE (FRONT TO SIDE) (OTHER THAN LEFT TURN)           ,                         ,TPD_TRAFFIC_INCIDENTS,\\central\data\Transportation\Traffic\Accident Data\2019\1909260187.pdf,,,,,
991135.37007873877883,422410.589895009994507,30332,1910270099  ,214726,2,2019-10-27T00:00:00.000Z,1157,SUN,0,0,0,3104      ,3104-INJURY TRAFFIC ACCIDENT/BICYCLE                   ,991135.37,422410.59,S 11TH AV                     ,INSIDE                                                 ,TUCSON              ,N/A,     ,N/A,  ,At,W UTAH ST                     ,        ,S ,11TH                                    ,AV  ,W ,UTAH                                    ,ST  ,DAYLIGHT                                               ,CLEAR                                                  ,                         ,,T-INTERSECTION                                         ,"2-WAY, NOT DIVIDED                                     ",LEFT TURN                                              ,                         ,TPD_TRAFFIC_INCIDENTS,\\central\data\Transportation\Traffic\Accident Data\2019\1910270099.pdf,,,,,
1002584.31003937125206,449421.81003937125206,30343,1912120185  ,216254,2,2019-12-12T00:00:00.000Z,1608,THU,0,0,0,3104      ,3104-INJURY TRAFFIC ACCIDENT/BICYCLE                   ,1002584.31,449421.81,3RD ST E                      ,INSIDE                                                 ,TUCSON              ,Approximately,UNK  ,Feet,S ,From,WILSON AV N                   ,        ,E ,3RD                                     ,ST  ,N ,WILSON                                  ,AV  ,DAYLIGHT                                               ,CLEAR                                                  ,                         ,NON-CONTROLLED ACCESS - INTERSECTION-RELATED           ,T-INTERSECTION                                         ,"2-WAY, NOT DIVIDED                                     ",ANGLE (FRONT TO SIDE) (OTHER THAN LEFT TURN)           ,                         ,TPD_TRAFFIC_INCIDENTS,\\central\data\Transportation\Traffic\Accident Data\2019\1912120185.pdf,,,,,
995965.37007873877883,450287.779855646193027,30428,1710040173  ,196946,2,2017-10-04T00:00:00.000Z,1052,WED,0,0,0,3104      ,3104-INJURY TRAFFIC ACCIDENT/BICYCLE                   ,995965.37,450287.78,EUCLID AV N                   ,INSIDE                                                 ,TUCSON              ,Approximately,UNK  ,Feet,S ,From,1ST ST E                      ,        ,E ,1ST                                     ,ST  ,N ,EUCLID                                  ,AV  ,DAYLIGHT                                               ,CLEAR                                                  ,                         ,NON-CONTROLLED ACCESS - INTERSECTION-RELATED           ,FOUR-WAY INTERSECTION                                  ,"2-WAY, NOT DIVIDED WITH CONT LEFT TURN LANE            ",SINGLE VEHICLE                                         ,                         ,TPD_TRAFFIC_INCIDENTS,\\central\data\Transportation\Traffic\Accident Data\2017\1710040173.pdf,,,,,
1011564.540026247501373,437763.990157477557659,30453,1707260351  ,195200,2,2017-07-26T00:00:00.000Z,1429,WED,0,0,0,3104      ,3104-INJURY TRAFFIC ACCIDENT/BICYCLE                   ,1011564.54,437763.99,ALVERNON WY S                 ,INSIDE                                                 ,TUCSON              ,N/A,     ,N/A,  ,At,29TH ST E                     ,        ,E ,29TH                                    ,ST  ,S ,ALVERNON                                ,WY  ,DAYLIGHT                                               ,CLEAR                                                  ,                         ,NON-CONTROLLED ACCESS - INTERSECTION (WITHIN)          ,FOUR-WAY INTERSECTION                                  ,"2-WAY, DIVIDED, UNPROT (PAINTED > 4 FEET) MEDIAN       ",SINGLE VEHICLE                                         ,                         ,TPD_TRAFFIC_INCIDENTS,\\central\data\Transportation\Traffic\Accident Data\2017\1707260351.pdf,,,,,
1006175.5,445738.970144353806973,30470,1506160268  ,176473,2,2015-06-16T00:00:00.000Z,1331,TUE,0,0,1,3104      ,3104-INJURY TRAFFIC ACCIDENT/BICYCLE                   ,1006175.5,445738.97,COUNTRY CLUB RD N             ,INSIDE                                                 ,TUCSON              ,Approximately,5    ,Feet,S ,From,BROADWAY BL E                 ,        ,E ,BROADWAY                                ,BL  ,N ,COUNTRY CLUB                            ,RD  ,DAYLIGHT                                               ,CLEAR                                                  ,                         ,NON-CONTROLLED ACCESS - INTERSECTION-RELATED           ,FOUR-WAY INTERSECTION                                  ,"2-WAY, NOT DIVIDED WITH CONT LEFT TURN LANE            ",SINGLE VEHICLE                                         ,                         ,TPD_TRAFFIC_INCIDENTS,,,,,,
1001179.62007873877883,424500.0,30539,1802030493  ,199980,2,2018-02-03T00:00:00.000Z,1952,SAT,0,1,0,3214      ,3214-PROP DMG TRAF ACCIDENT/HIT & RUN/BICYCLE          ,1001179.62,424500,CAMPBELL AV                   ,INSIDE                                                 ,TUCSON              ,Approximately,UNK  ,Feet,E ,From,IRVINGTON RD                  ,        ,S ,CAMPBELL                                ,AV  ,E ,IRVINGTON                               ,RD  ,DARK-LIGHTED                                           ,CLEAR                                                  ,                         ,NON-CONTROLLED ACCESS - INTERSECTION-RELATED           ,FOUR-WAY INTERSECTION                                  ,"2-WAY, NOT DIVIDED WITH CONT LEFT TURN LANE            ",OTHER                                                  ,PEDALCYCLE               ,TPD_TRAFFIC_INCIDENTS,\\central\data\Transportation\Traffic\Accident Data\2018\1802030493.pdf,,,,,
1037902.87007873877883,451143.490157477557659,30555,1310030443  ,164863,2,2013-10-03T00:00:00.000Z,1802,THU,0,0,0,3104      ,3104-INJURY TRAFFIC ACCIDENT/BICYCLE                   ,1037902.87,451143.49,E SPEEDWAY BL                 ,INSIDE                                                 ,TUCSON              ,Approximately,150  ,Feet,E ,From,N PANTANO RD                  ,        ,N ,PANTANO                                 ,RD  ,E ,SPEEDWAY                                ,BL  ,DAYLIGHT                                               ,CLEAR                                                  ,                         ,NON-CONTROLLED ACCESS - DRIVEWAY                       ,,"2-WAY, DIVIDED POSITIVE MEDIAN BARRIER                 ",ANGLE (FRONT TO SIDE) (OTHER THAN LEFT TURN)           ,                         ,TPD_TRAFFIC_INCIDENTS,,,,,,
996731.62007873877883,458758.839895009994507,30593,1608240416  ,186464,2,2016-08-24T00:00:00.000Z,1536,WED,0,1,0,3114      ,3114-INJURY TRAF ACCIDENT/HIT & RUN/BICYCLE            ,996731.62,458758.84,GLENN ST E                    ,INSIDE                                                 ,TUCSON              ,N/A,     ,N/A,  ,At,PARK AV N                     ,        ,E ,GLENN                                   ,ST  ,N ,PARK                                    ,AV  ,DAYLIGHT                                               ,CLEAR                                                  ,                         ,NON-CONTROLLED ACCESS - INTERSECTION (WITHIN)          ,FOUR-WAY INTERSECTION                                  ,"2-WAY, NOT DIVIDED WITH CONT LEFT TURN LANE            ",SINGLE VEHICLE                                         ,                         ,TPD_TRAFFIC_INCIDENTS,\\central\data\Transportation\Traffic\Accident Data\2016\1608240416.pdf,,,,,
1009957.779855642467737,456330.729986876249313,30621,1707210438  ,195098,3,2017-07-21T00:00:00.000Z,1706,FRI,0,0,0,3104      ,3104-INJURY TRAFFIC ACCIDENT/BICYCLE                   ,1009957.78,456330.73,E GRANT RD                    ,INSIDE                                                 ,TUCSON              ,Approximately,500  ,Feet,E ,From,N DODGE BL                    ,        ,N ,DODGE                                   ,BL  ,E ,GRANT                                   ,RD  ,DAYLIGHT                                               ,CLOUDY                                                 ,                         ,NON-CONTROLLED ACCESS - DRIVEWAY                       ,FOUR-WAY INTERSECTION                                  ,"2-WAY, NOT DIVIDED WITH CONT LEFT TURN LANE            ",REAR END (FRONT TO REAR)                               ,                         ,TPD_TRAFFIC_INCIDENTS,\\central\data\Transportation\Traffic\Accident Data\2017\1707210438.pdf,,,,,