X,Y,OBJECTID,acci_id,tamainid,numunits,AccidentDate,AccidentTime,DayOfWeek,WasFatal,WasHitAndRun,TransImmedMedCare,UCRCode,UCRDescription,CoordX,CoordY,Location,Inside_Outside,City,Accuracy,Distance,Units,Direction,From_At,IntersectingStreet,AddrNumber,AddrDirection,AddrStreetName,AddrStreetNameSuffix,CrossStreetDirection,CrossStreetName,CrossStreetSuffix,LightConditionDescription,WeatherDescription,WeatherOther,RelationDescription,IntersectionTypeDescription,RoadConfigurationDescription,MannerOfCrashDescription,MannerOfCrashOther,DATASOURCE,URL,F7Days,F28Days,COMPSTAT_28D,WEEKLY_7D,AccidentDateTime
995955.62007873877883,450911.589895009994507,32604,1707230319  ,195143,2,2017-07-23T00:00:00.000Z,1409,SUN,0,1,0,3214      ,3214-PROP DMG TRAF ACCIDENT/HIT & RUN/BICYCLE          ,995955.62,450911.59,E SPEEDWAY BL                 ,INSIDE                                                 ,TUCSON              ,Approximately,10   ,Feet,W ,From,N EUCLID AV                   ,        ,N ,EUCLID                                  ,AV  ,E ,SPEEDWAY                                ,BL  ,DAYLIGHT                                               ,CLEAR                                                  ,                         ,NON-CONTROLLED ACCESS - INTERSECTION-RELATED           ,FOUR-WAY INTERSECTION                                  ,"2-WAY, DIVIDED, UNPROT (PAINTED > 4 FEET) MEDIAN       ",SINGLE VEHICLE                                         ,                         ,TPD_TRAFFIC_INCIDENTS,\\central\data\Transportation\Traffic\Accident Data\2017\1707230319.pdf,,,,,
995955.62007873877883,450911.589895009994507,32623,1208300273  ,157992,2,2012-08-30T00:00:00.000Z,2126,THU,0,0,0,3204      ,3204-PROP DMG TRAF ACCIDENT/BICYCLE                    ,995955.62,450911.59,E SPEEDWAY BL                 ,INSIDE                                                 ,TUCSON              ,N/A,     ,N/A,  ,At,N EUCLID AV                   ,        ,N ,EUCLID                                  ,AV  ,E ,SPEEDWAY                                ,BL  ,DARK-LIGHTED                                           ,CLEAR                                                  ,                         ,NOT JUNCTION RELATED                                   ,FOUR-WAY INTERSECTION                                  ,"2-WAY, DIVIDED POSITIVE MEDIAN BARRIER                 ",ANGLE (FRONT TO SIDE) (OTHER THAN LEFT TURN)           ,                         ,TPD_TRAFFIC_INCIDENTS,,,,,,
1029800.81003937125206,455633.31003937125206,32639,1501220318  ,173601,2,2015-01-22T00:00:00.000Z,1603,THU,0,0,0,3204      ,3204-PROP DMG TRAF ACCIDENT/BICYCLE                    ,1029800.81,455633.31,E TANQUE VERDE RD             ,INSIDE                                                 ,TUCSON              ,Approximately,UNK  ,Feet,W ,From,E GRANT RD                    ,        ,E ,GRANT                                   ,RD  ,E ,TANQUE VERDE                            ,RD  ,DAYLIGHT                                               ,CLEAR                                                  ,                         ,NON-CONTROLLED ACCESS - DRIVEWAY                       ,FOUR-WAY INTERSECTION                                  ,"2-WAY, DIVIDED, UNPROT (PAINTED > 4 FEET) MEDIAN       ",SINGLE VEHICLE                                         ,                         ,TPD_TRAFFIC_INCIDENTS,,,,,,
1014178.779855642467737,440516.62992125749588,32677,1210070219  ,158430,2,2012-10-07T00:00:00.000Z,1901,SUN,0,0,0,3104      ,3104-INJURY TRAFFIC ACCIDENT/BICYCLE                   ,1014178.78,440516.63,22ND ST E                     ,INSIDE                                                 ,TUCSON              ,Approximately,0    ,Feet,  ,At,COLUMBUS BL S                 ,        ,E ,22ND                                    ,ST  ,S ,COLUMBUS                                ,BL  ,DARK-LIGHTED                                           ,CLEAR                                                  ,                         ,NOT JUNCTION RELATED                                   ,,ONE WAY TRAFFICWAY                                     ,"SIDESWIPE, SAME DIRECTION                              ",                         ,TPD_TRAFFIC_INCIDENTS,,,,,,
1011482.580052495002747,440502.68996062874794,32692,1301250588  ,160064,2,2013-01-25T00:00:00.000Z,1221,FRI,0,0,1,3104      ,3104-INJURY TRAFFIC ACCIDENT/BICYCLE                   ,1011482.58,440502.69,E 22ND                        ,INSIDE                                                 ,TUCSON              ,Approximately,200  ,Feet,E ,From,ALVERNON                      ,        ,E ,22ND                                    ,ST  ,S ,ALVERNON                                ,WY  ,DARK-LIGHTED                                           ,CLEAR                                                  ,                         ,NOT JUNCTION RELATED                                   ,,"2-WAY, DIVIDED POSITIVE MEDIAN BARRIER                 ",ANGLE (FRONT TO SIDE) (OTHER THAN LEFT TURN)           ,                         ,TPD_TRAFFIC_INCIDENTS,,,,,,
1011482.580052495002747,440502.68996062874794,32710,1904220555  ,210173,2,2019-04-22T00:00:00.000Z,1923,MON,0,0,0,3104      ,3104-INJURY TRAFFIC ACCIDENT/BICYCLE                   ,1011482.58,440502.69,22ND ST                       ,INSIDE                                                 ,TUCSON              ,Approximately,UNK  ,Feet,E ,From,ALVERNON WY                   ,        ,E ,22ND                                    ,ST  ,S ,ALVERNON                                ,WY  ,DARK-LIGHTED                                           ,CLEAR                                                  ,                         ,NON-CONTROLLED ACCESS - INTERSECTION-RELATED           ,FOUR-WAY INTERSECTION                                  ,"2-WAY, DIVIDED, UNPROT (PAINTED > 4 FEET) MEDIAN       ",OTHER                                                  ,PEDALCYCLE               ,TPD_TRAFFIC_INCIDENTS,\\central\data\Transportation\Traffic\Accident Data\2019\1904220555.pdf,,,,,
1011293.589895013719797,456363.589895009994507,32739,1609090206  ,186899,2,2016-09-09T14:57:13.000Z,1120,FRI,0,0,1,3104      ,3104-INJURY TRAFFIC ACCIDENT/BICYCLE                   ,1011293.59,456363.59,ALVERNON WY N                 ,INSIDE                                                 ,TUCSON              ,Approximately,40   ,Feet,S ,From,GRANT RD E                    ,        ,N ,ALVERNON                                ,WY  ,E ,GRANT                                   ,RD  ,DAYLIGHT                                               ,CLEAR                                                  ,                         ,NOT JUNCTION RELATED                                   ,,"2-WAY, NOT DIVIDED WITH CONT LEFT TURN LANE            ",SINGLE VEHICLE                                         ,                         ,TPD_TRAFFIC_INCIDENTS,\\central\data\Transportation\Traffic\Accident Data\2016\1609090206.pdf,,,,,
1011293.589895013719797,456363.589895009994507,32742,1507290249  ,177223,2,2015-07-29T00:00:00.000Z,1214,WED,0,0,1,3104      ,3104-INJURY TRAFFIC ACCIDENT/BICYCLE                   ,1011293.59,456363.59,GRANT RD E                    ,INSIDE                                                 ,TUCSON              ,Approximately,100  ,Feet,W ,From,ALVERNON WY N                 ,        ,N ,ALVERNON                                ,WY  ,E ,GRANT                                   ,RD  ,DAYLIGHT                                               ,CLOUDY                                                 ,                         ,NON-CONTROLLED ACCESS - DRIVEWAY                       ,FOUR-WAY INTERSECTION                                  ,"2-WAY, NOT DIVIDED WITH CONT LEFT TURN LANE            ",SINGLE VEHICLE                                         ,                         ,TPD_TRAFFIC_INCIDENTS,,,,,,
1011293.589895013719797,456363.589895009994507,32743,1508030335  ,177357,2,2015-08-03T00:00:00.000Z,1745,MON,0,0,0,3204      ,3204-PROP DMG TRAF ACCIDENT/BICYCLE                    ,1011293.59,456363.59,GRANT RD E                    ,INSIDE                                                 ,TUCSON              ,Approximately,40   ,Feet,W ,From,ALVERNON WY N                 ,        ,N ,ALVERNON                                ,WY  ,E ,GRANT                                   ,RD  ,DAYLIGHT                                               ,CLEAR                                                  ,                         ,NON-CONTROLLED ACCESS - DRIVEWAY                       ,FOUR-WAY INTERSECTION                                  ,"2-WAY, NOT DIVIDED WITH CONT LEFT TURN LANE            ",SINGLE VEHICLE                                         ,                         ,TPD_TRAFFIC_INCIDENTS,,,,,,
1011431.609908137470484,445797.87007874250412,32840,1309190104  ,164556,2,2013-09-19T00:00:00.000Z,0748,THU,0,0,0,3104      ,3104-INJURY TRAFFIC ACCIDENT/BICYCLE                   ,1011431.61,445797.87,E BROADWAY BL                 ,INSIDE                                                 ,TUCSON              ,N/A,     ,N/A,  ,At,N ALVERNON WY                 ,        ,N ,ALVERNON                                ,WY  ,E ,BROADWAY                                ,BL  ,DAYLIGHT                                               ,CLEAR                                                  ,                         ,NON-CONTROLLED ACCESS - INTERSECTION (WITHIN)          ,FOUR-WAY INTERSECTION                                  ,"2-WAY, DIVIDED POSITIVE MEDIAN BARRIER                 ","SIDESWIPE, SAME DIRECTION                              ",                         ,TPD_TRAFFIC_INCIDENTS,,,,,,
1011431.609908137470484,445797.87007874250412,32842,1306270097  ,162900,2,2013-06-27T00:00:00.000Z,0649,THU,0,0,0,3104      ,3104-INJURY TRAFFIC ACCIDENT/BICYCLE                   ,1011431.61,445797.87,E BROADWAY BL                 ,INSIDE                                                 ,TUCSON              ,N/A,     ,N/A,  ,At,N ALVERNON WY                 ,        ,N ,ALVERNON                                ,WY  ,E ,BROADWAY                                ,BL  ,DAYLIGHT                                               ,CLEAR                                                  ,                         ,NON-CONTROLLED ACCESS - INTERSECTION (WITHIN)          ,FOUR-WAY INTERSECTION                                  ,"2-WAY, NOT DIVIDED WITH CONT LEFT TURN LANE            ",LEFT TURN                                              ,                         ,TPD_TRAFFIC_INCIDENTS,,,,,,
995295.459973752498627,472486.470144353806973,32855,1401110320  ,166701,2,2014-01-11T00:00:00.000Z,1551,SAT,0,0,0,3104      ,3104-INJURY TRAFFIC ACCIDENT/BICYCLE                   ,995295.46,472486.47,N 1ST AV                      ,INSIDE                                                 ,TUCSON              ,Approximately,100  ,Feet,N ,From,E RIVER RD                    ,        ,N ,1ST                                     ,AV  ,E ,RIVER                                   ,RD  ,DAYLIGHT                                               ,CLEAR                                                  ,                         ,NOT JUNCTION RELATED                                   ,FOUR-WAY INTERSECTION                                  ,"2-WAY, DIVIDED, UNPROT (PAINTED > 4 FEET) MEDIAN       ",REAR END (FRONT TO REAR)                               ,                         ,TPD_TRAFFIC_INCIDENTS,,,,,,
990078.270013123750687,463934.229986876249313,32896,1903200254  ,209378,2,2019-03-20T00:00:00.000Z,1158,WED,0,0,0,3104      ,3104-INJURY TRAFFIC ACCIDENT/BICYCLE                   ,990078.27,463934.23,W PRINCE RD                   ,INSIDE                                                 ,TUCSON              ,Approximately,125  ,Feet,E ,From,ORACLE RD                     ,        ,N ,ORACLE                                  ,RD  ,W ,PRINCE                                  ,RD  ,DAYLIGHT                                               ,CLEAR                                                  ,                         ,NON-CONTROLLED ACCESS - INTERSECTION-RELATED           ,FOUR-WAY INTERSECTION                                  ,"2-WAY, NOT DIVIDED WITH CONT LEFT TURN LANE            ",OTHER                                                  ,PEDALCYCLE               ,TPD_TRAFFIC_INCIDENTS,\\central\data\Transportation\Traffic\Accident Data\2019\1903200254.pdf,,,,,
990078.270013123750687,463934.229986876249313,32904,1305270368  ,162286,2,2013-05-27T00:00:00.000Z,1549,MON,0,0,0,3104      ,3104-INJURY TRAFFIC ACCIDENT/BICYCLE                   ,990078.27,463934.23,W PRINCE RD                   ,INSIDE                                                 ,TUCSON              ,N/A,     ,N/A,  ,At,N ORACLE RD                   ,        ,N ,ORACLE                                  ,RD  ,W ,PRINCE                                  ,RD  ,DAYLIGHT                                               ,CLEAR                                                  ,                         ,NON-CONTROLLED ACCESS - INTERSECTION (WITHIN)          ,FOUR-WAY INTERSECTION                                  ,"2-WAY, NOT DIVIDED WITH CONT LEFT TURN LANE            ",ANGLE (FRONT TO SIDE) (OTHER THAN LEFT TURN)           ,                         ,TPD_TRAFFIC_INCIDENTS,,,,,,
990032.330052495002747,467886.720144353806973,32913,1403120187  ,167852,2,2014-03-12T00:00:00.000Z,1153,WED,0,0,0,3204      ,3204-PROP DMG TRAF ACCIDENT/BICYCLE                    ,990032.33,467886.72,N ORACLE RD                   ,INSIDE                                                 ,TUCSON              ,Approximately,300  ,Feet,S ,From,W LIMBERLOST DR               ,        ,W ,LIMBERLOST                              ,DR  ,N ,ORACLE                                  ,RD  ,DAYLIGHT                                               ,CLEAR                                                  ,                         ,NOT JUNCTION RELATED                                   ,,"2-WAY, DIVIDED, UNPROT (PAINTED > 4 FEET) MEDIAN       ",SINGLE VEHICLE                                         ,                         ,TPD_TRAFFIC_INCIDENTS,,,,,,
993660.75,445499.660104990005493,32948,1809230195  ,205062,2,2018-09-23T00:00:00.000Z,0906,SUN,0,0,0,3104      ,3104-INJURY TRAFFIC ACCIDENT/BICYCLE                   ,993660.75,445499.66,BROADWAY BL                   ,INSIDE                                                 ,TUCSON              ,N/A,     ,N/A,  ,At,5TH AV                        ,        ,S ,5TH                                     ,AV  ,E ,BROADWAY                                ,BL  ,DAYLIGHT                                               ,CLEAR                                                  ,                         ,NON-CONTROLLED ACCESS - INTERSECTION (WITHIN)          ,FOUR-WAY INTERSECTION                                  ,ONE WAY TRAFFICWAY                                     ,OTHER                                                  ,PEDALCYCLE               ,TPD_TRAFFIC_INCIDENTS,\\central\data\Transportation\Traffic\Accident Data\2018\1809230195.pdf,,,,,
1027516.509842518717051,435241.43996062874794,32958,1303130488  ,160856,2,2013-03-13T00:00:00.000Z,1610,WED,0,0,0,3104      ,3104-INJURY TRAFFIC ACCIDENT/BICYCLE                   ,1027516.51,435241.44,E GOLF LINKS RD               ,INSIDE                                                 ,TUCSON              ,N/A,     ,N/A,  ,At,S WILMOT RD                   ,        ,E ,GOLF LINKS                              ,RD  ,S ,WILMOT                                  ,RD  ,DAYLIGHT                                               ,CLEAR                                                  ,                         ,NON-CONTROLLED ACCESS - INTERSECTION (WITHIN)          ,FOUR-WAY INTERSECTION                                  ,"2-WAY, DIVIDED POSITIVE MEDIAN BARRIER                 ",OTHER                                                  ,PEDALCYCLIST             ,TPD_TRAFFIC_INCIDENTS,,,,,,
1027516.509842518717051,435241.43996062874794,32959,1303080668  ,160790,2,2013-03-08T00:00:00.000Z,2135,FRI,0,0,1,3104      ,3104-INJURY TRAFFIC ACCIDENT/BICYCLE                   ,1027516.51,435241.44,E GOLF LINKS RD               ,INSIDE                                                 ,TUCSON              ,N/A,     ,N/A,  ,At,S WILMOT RD                   ,        ,E ,GOLF LINKS                              ,RD  ,S ,WILMOT                                  ,RD  ,DARK-LIGHTED                                           ,CLEAR                                                  ,                         ,NON-CONTROLLED ACCESS - INTERSECTION (WITHIN)          ,FOUR-WAY INTERSECTION                                  ,"2-WAY, DIVIDED POSITIVE MEDIAN BARRIER                 ",OTHER                                                  ,RIGHT TURN               ,TPD_TRAFFIC_INCIDENTS,,,,,,
1003341.87007873877883,462819.43996062874794,32974,1612150157  ,189547,2,2016-12-15T00:00:00.000Z,0933,THU,0,0,0,3104      ,3104-INJURY TRAFFIC ACCIDENT/BICYCLE                   ,1003341.87,462819.44,N TUCSON BL                   ,INSIDE                                                 ,TUCSON              ,N/A,     ,N/A,  ,At,E KLEINDALE RD                ,        ,E ,KLEINDALE                               ,RD  ,N ,TUCSON                                  ,BL  ,DAYLIGHT                                               ,CLEAR                                                  ,                         ,NON-CONTROLLED ACCESS - INTERSECTION (WITHIN)          ,T-INTERSECTION                                         ,"2-WAY, DIVIDED, UNPROT (PAINTED > 4 FEET) MEDIAN       ",SINGLE VEHICLE                                         ,                         ,TPD_TRAFFIC_INCIDENTS,\\central\data\Transportation\Traffic\Accident Data\2016\1612150157.pdf,,,,,
995927.87007873877883,452569.839895009994507,31026,1303200445  ,160965,2,2013-03-20T00:00:00.000Z,1724,WED,0,0,0,3104      ,3104-INJURY TRAFFIC ACCIDENT/BICYCLE                   ,995927.87,452569.84,N EUCLID AV                   ,INSIDE                                                 ,TUCSON              ,N/A,     ,N/A,  ,At,E ADAMS ST                    ,        ,E ,ADAMS                                   ,ST  ,N ,EUCLID                                  ,AV  ,DAYLIGHT                                               ,CLEAR                                                  ,                         ,NON-CONTROLLED ACCESS - INTERSECTION (WITHIN)          ,FOUR-WAY INTERSECTION                                  ,"2-WAY, NOT DIVIDED                                     ",ANGLE (FRONT TO SIDE) (OTHER THAN LEFT TURN)           ,                         ,TPD_TRAFFIC_INCIDENTS,,,,,,
1011398.5,449131.75,31074,1506190143  ,176519,2,2015-06-19T00:00:00.000Z,0832,FRI,0,0,0,3104      ,3104-INJURY TRAFFIC ACCIDENT/BICYCLE                   ,1011398.5,449131.75,N ALVERNON WY                 ,INSIDE                                                 ,TUCSON              ,N/A,     ,N/A,  ,At,E 4TH ST                      ,        ,E ,4TH                                     ,ST  ,N ,ALVERNON                                ,WY  ,DAYLIGHT                                               ,CLEAR                                                  ,                         ,NON-CONTROLLED ACCESS - INTERSECTION (WITHIN)          ,T-INTERSECTION                                         ,"2-WAY, DIVIDED, UNPROT (PAINTED > 4 FEET) MEDIAN       ",SINGLE VEHICLE                                         ,                         ,TPD_TRAFFIC_INCIDENTS,,,,,,
998005.56003937125206,466727.589895009994507,31090,1312110102  ,166165,2,2013-12-11T00:00:00.000Z,0850,WED,0,0,0,3204      ,3204-PROP DMG TRAF ACCIDENT/BICYCLE                    ,998005.56,466727.59,N MOUNTAIN                    ,INSIDE                                                 ,TUCSON              ,N/A,     ,N/A,  ,At,E ROGER                       ,        ,N ,MOUNTAIN                                ,AV  ,E ,ROGER                                   ,RD  ,DAYLIGHT                                               ,CLEAR                                                  ,                         ,NON-CONTROLLED ACCESS - INTERSECTION (WITHIN)          ,FOUR-WAY INTERSECTION                                  ,"2-WAY, NOT DIVIDED                                     ",ANGLE (FRONT TO SIDE) (OTHER THAN LEFT TURN)           ,                         ,TPD_TRAFFIC_INCIDENTS,,,,,,
990628.890091862529516,413742.740157477557659,31152,1712210408  ,198972,2,2017-12-21T00:00:00.000Z,1532,THU,0,0,1,3104      ,3104-INJURY TRAFFIC ACCIDENT/BICYCLE                   ,990628.89,413742.74,W VALENCIA RD                 ,INSIDE                                                 ,TUCSON              ,Approximately,200  ,Feet,E ,From,S 12TH AV                     ,        ,S ,12TH                                    ,AV  ,W ,VALENCIA                                ,RD  ,DAYLIGHT                                               ,CLEAR                                                  ,                         ,NON-CONTROLLED ACCESS - DRIVEWAY                       ,FOUR-WAY INTERSECTION                                  ,"2-WAY, DIVIDED, UNPROT (PAINTED > 4 FEET) MEDIAN       ",OTHER                                                  ,PEDACYCLE                ,TPD_TRAFFIC_INCIDENTS,\\central\data\Transportation\Traffic\Accident Data\2017\1712210408.pdf,,,,,
1016636.62007873877883,451173.209973752498627,31162,1210170182  ,158581,2,2012-10-17T00:00:00.000Z,1516,WED,0,1,0,3114      ,3114-INJURY TRAF ACCIDENT/HIT & RUN/BICYCLE            ,1016636.62,451173.21,SPEEDWAY BL E                 ,INSIDE                                                 ,TUCSON              ,N/A,     ,N/A,  ,At,SWAN RD N                     ,        ,E ,SPEEDWAY                                ,BL  ,N ,SWAN                                    ,RD  ,DAYLIGHT                                               ,CLEAR                                                  ,                         ,NON-CONTROLLED ACCESS - INTERSECTION (WITHIN)          ,FOUR-WAY INTERSECTION                                  ,"2-WAY, DIVIDED POSITIVE MEDIAN BARRIER                 ",ANGLE (FRONT TO SIDE) (OTHER THAN LEFT TURN)           ,                         ,TPD_TRAFFIC_INCIDENTS,,,,,,
1027410.529855642467737,445843.229986876249313,31168,1211100305  ,158920,2,2012-11-10T00:00:00.000Z,2310,SAT,0,0,0,3104      ,3104-INJURY TRAFFIC ACCIDENT/BICYCLE                   ,1027410.53,445843.23,E BROADWAY BLVD               ,INSIDE                                                 ,TUCSON              ,N/A,     ,N/A,  ,At,S WILMOT RD                   ,        ,E ,BROADWAY                                ,BL  ,N ,WILMOT                                  ,RD  ,DARK-LIGHTED                                           ,CLOUDY                                                 ,                         ,NON-CONTROLLED ACCESS - INTERSECTION-RELATED           ,FOUR-WAY INTERSECTION                                  ,"2-WAY, DIVIDED POSITIVE MEDIAN BARRIER                 ",LEFT TURN                                              ,                         ,TPD_TRAFFIC_INCIDENTS,,,,,,
1027410.529855642467737,445843.229986876249313,31172,1310290445  ,165352,2,2013-10-29T00:00:00.000Z,1630,TUE,0,0,0,3104      ,3104-INJURY TRAFFIC ACCIDENT/BICYCLE                   ,1027410.53,445843.23,S WILMOT RD                   ,INSIDE                                                 ,TUCSON              ,Approximately,300  ,Feet,S ,From,E BROADWAY BL                 ,        ,E ,BROADWAY                                ,BL  ,N ,WILMOT                                  ,RD  ,DAYLIGHT                                               ,CLEAR                                                  ,                         ,NOT JUNCTION RELATED                                   ,T-INTERSECTION                                         ,"2-WAY, DIVIDED POSITIVE MEDIAN BARRIER                 ",ANGLE (FRONT TO SIDE) (OTHER THAN LEFT TURN)           ,                         ,TPD_TRAFFIC_INCIDENTS,,,,,,
1045858.520013123750687,441819.31003937125206,31224,1309180090  ,164533,2,2013-09-18T00:00:00.000Z,0729,WED,0,0,1,3104      ,3104-INJURY TRAFFIC ACCIDENT/BICYCLE                   ,1045858.52,441819.31,E OLD SPANISH TR              ,INSIDE                                                 ,TUCSON              ,N/A,     ,N/A,  ,At,S GOLLOB RD                   ,        ,S ,GOLLOB                                  ,RD  ,E ,OLD SPANISH                             ,TR  ,DAYLIGHT                                               ,CLEAR                                                  ,                         ,NON-CONTROLLED ACCESS - INTERSECTION (WITHIN)          ,FOUR-WAY INTERSECTION                                  ,"2-WAY, DIVIDED POSITIVE MEDIAN BARRIER                 ",ANGLE (FRONT TO SIDE) (OTHER THAN LEFT TURN)           ,                         ,TPD_TRAFFIC_INCIDENTS,,,,,,
998051.5,457474.339895009994507,31242,1212010177  ,159223,2,2012-12-01T00:00:00.000Z,0537,SAT,0,0,1,3114      ,3114-INJURY TRAF ACCIDENT/HIT & RUN/BICYCLE            ,998051.5,457474.34,N MOUNTAIN AVE                ,INSIDE                                                 ,TUCSON              ,N/A,     ,N/A,  ,At,E COPPER ST                   ,        ,E ,COPPER                                  ,ST  ,N ,MOUNTAIN                                ,AV  ,DARK-LIGHTED                                           ,CLEAR                                                  ,                         ,NON-CONTROLLED ACCESS - INTERSECTION (WITHIN)          ,FOUR-WAY INTERSECTION                                  ,"2-WAY, NOT DIVIDED                                     ","SIDESWIPE, SAME DIRECTION                              ",                         ,TPD_TRAFFIC_INCIDENTS,,,,,,
999474.12007873877883,450139.87007874250412,31250,1311190014  ,165769,2,2013-11-19T00:00:00.000Z,2328,TUE,0,0,0,3204      ,3204-PROP DMG TRAF ACCIDENT/BICYCLE                    ,999474.12,450139.87,CHERRY ST                     ,INSIDE                                                 ,TUCSON              ,Approximately,50   ,Feet,N ,From,2ND STREET                    ,        ,E ,2ND                                     ,ST  ,N ,CHERRY                                  ,AV  ,DARK-LIGHTED                                           ,CLEAR                                                  ,                         ,NON-CONTROLLED ACCESS - ALLEY-ACCESS-RELATED           ,UNKNOWN                                                ,"2-WAY, DIVIDED, UNPROT (PAINTED > 4 FEET) MEDIAN       ",ANGLE (FRONT TO SIDE) (OTHER THAN LEFT TURN)           ,                         ,TPD_TRAFFIC_INCIDENTS,,,,,,
1053874.87007873877883,436899.25,31260,1301250375  ,160058,2,2013-01-25T00:00:00.000Z,1428,FRI,0,0,0,3104      ,3104-INJURY TRAFFIC ACCIDENT/BICYCLE                   ,1053874.87,436899.25,E OLD SPANISH TRAIL           ,INSIDE                                                 ,TUCSON              ,N/A,     ,N/A,  ,At,S HOUGHTON                    ,        ,S ,HOUGHTON                                ,RD  ,E ,OLD SPANISH                             ,TR  ,DAYLIGHT                                               ,CLOUDY                                                 ,                         ,NON-CONTROLLED ACCESS - INTERSECTION (WITHIN)          ,FOUR-WAY INTERSECTION                                  ,"2-WAY, NOT DIVIDED WITH CONT LEFT TURN LANE            ",LEFT TURN                                              ,                         ,TPD_TRAFFIC_INCIDENTS,,,,,,
1002035.56003937125206,461460.5,31267,1811020178  ,205986,2,2018-11-02T00:00:00.000Z,0846,FRI,0,0,0,3104      ,3104-INJURY TRAFFIC ACCIDENT/BICYCLE                   ,1002035.56,461460.5,WILSON AV                     ,INSIDE                                                 ,TUCSON              ,Approximately,UNK  ,Feet,S ,From,FORT LOWELL RD                ,        ,E ,FORT LOWELL                             ,RD  ,N ,WILSON                                  ,AV  ,DAYLIGHT                                               ,CLEAR                                                  ,                         ,NOT JUNCTION RELATED                                   ,,"2-WAY, NOT DIVIDED                                     ",OTHER                                                  ,PEDALCYCLE               ,TPD_TRAFFIC_INCIDENTS,\\central\data\Transportation\Traffic\Accident Data\2018\1811020178.pdf,,,,,
1037055.209973752498627,440541.149934381246567,31315,1406040105  ,169319,2,2014-06-04T00:00:00.000Z,0652,WED,0,0,0,3104      ,3104-INJURY TRAFFIC ACCIDENT/BICYCLE                   ,1037055.21,440541.15,E 22ND ST                     ,INSIDE                                                 ,TUCSON              ,N/A,     ,N/A,  ,At,S PANTANO RD                  ,        ,E ,22ND                                    ,ST  ,S ,PANTANO                                 ,RD  ,DAYLIGHT                                               ,CLEAR                                                  ,                         ,NON-CONTROLLED ACCESS - INTERSECTION (WITHIN)          ,FOUR-WAY INTERSECTION                                  ,"2-WAY, DIVIDED POSITIVE MEDIAN BARRIER                 ",LEFT TURN                                              ,                         ,TPD_TRAFFIC_INCIDENTS,,,,,,
990048.25,466575.910104990005493,31329,1603040464  ,182306,2,2016-03-04T00:00:00.000Z,1824,FRI,0,0,0,3104      ,3104-INJURY TRAFFIC ACCIDENT/BICYCLE                   ,990048.25,466575.91,ORACLE RD N                   ,INSIDE                                                 ,TUCSON              ,Approximately,150  ,Feet,S ,From,ROGER RD W                    ,        ,N ,ORACLE                                  ,RD  ,W ,ROGER                                   ,RD  ,DUSK                                                   ,CLEAR                                                  ,                         ,NON-CONTROLLED ACCESS - DRIVEWAY                       ,FOUR-WAY INTERSECTION                                  ,"2-WAY, DIVIDED, UNPROT (PAINTED > 4 FEET) MEDIAN       ",SINGLE VEHICLE                                         ,                         ,TPD_TRAFFIC_INCIDENTS,,,,,,
995381.06003937125206,462532.890091866254807,31362,1601270534  ,181405,2,2016-01-27T00:00:00.000Z,1912,WED,0,1,1,3114      ,3114-INJURY TRAF ACCIDENT/HIT & RUN/BICYCLE            ,995381.06,462532.89,FREEMAN PL E                  ,INSIDE                                                 ,TUCSON              ,N/A,     ,N/A,  ,At,1ST AV N                      ,        ,N ,1ST                                     ,AV  ,E ,FREEMAN                                 ,PL  ,DARK-NOT LIGHTED                                       ,CLEAR                                                  ,                         ,NON-CONTROLLED ACCESS - INTERSECTION (WITHIN)          ,FOUR-WAY INTERSECTION                                  ,"2-WAY, NOT DIVIDED                                     ",SINGLE VEHICLE                                         ,                         ,TPD_TRAFFIC_INCIDENTS,,,,,,
1014203.62007873877883,437893.859908133745193,31406,1706270088  ,194514,2,2017-06-27T00:00:00.000Z,0622,TUE,0,1,0,3114      ,3114-INJURY TRAF ACCIDENT/HIT & RUN/BICYCLE            ,1014203.62,437893.86,29TH ST E                     ,INSIDE                                                 ,TUCSON              ,Approximately,100  ,Feet,W ,From,COLUMBUS BL S                 ,        ,E ,29TH                                    ,ST  ,S ,COLUMBUS                                ,BL  ,DAYLIGHT                                               ,CLEAR                                                  ,                         ,NON-CONTROLLED ACCESS - DRIVEWAY                       ,FOUR-WAY INTERSECTION                                  ,"2-WAY, NOT DIVIDED WITH CONT LEFT TURN LANE            ",SINGLE VEHICLE                                         ,                         ,TPD_TRAFFIC_INCIDENTS,\\central\data\Transportation\Traffic\Accident Data\2017\1706270088.pdf,,,,,