X,Y,OBJECTID,acci_id,tamainid,numunits,AccidentDate,AccidentTime,DayOfWeek,WasFatal,WasHitAndRun,TransImmedMedCare,UCRCode,UCRDescription,CoordX,CoordY,Location,Inside_Outside,City,Accuracy,Distance,Units,Direction,From_At,IntersectingStreet,AddrNumber,AddrDirection,AddrStreetName,AddrStreetNameSuffix,CrossStreetDirection,CrossStreetName,CrossStreetSuffix,LightConditionDescription,WeatherDescription,WeatherOther,RelationDescription,IntersectionTypeDescription,RoadConfigurationDescription,MannerOfCrashDescription,MannerOfCrashOther,DATASOURCE,URL,F7Days,F28Days,COMPSTAT_28D,WEEKLY_7D,AccidentDateTime
998606.25,447939.62007874250412,31424,1812120332  ,207011,2,2018-12-12T00:00:00.000Z,1313,WED,0,0,0,3204      ,3204-PROP DMG TRAF ACCIDENT/BICYCLE                    ,998606.25,447939.62,6TH ST E                      ,INSIDE                                                 ,TUCSON              ,N/A,     ,N/A,  ,At,HIGHLAND AV N                 ,        ,E ,6TH                                     ,ST  ,N ,HIGHLAND                                ,AV  ,DAYLIGHT                                               ,CLEAR                                                  ,                         ,NON-CONTROLLED ACCESS - INTERSECTION (WITHIN)          ,FOUR-WAY INTERSECTION                                  ,"2-WAY, NOT DIVIDED WITH CONT LEFT TURN LANE            ",OTHER                                                  ,PEDALCYCLE               ,TPD_TRAFFIC_INCIDENTS,\\central\data\Transportation\Traffic\Accident Data\2018\1812120332.pdf,,,,,
998606.25,447939.62007874250412,31427,1408240141  ,170620,2,2014-08-24T00:00:00.000Z,0651,SUN,0,0,0,3104      ,3104-INJURY TRAFFIC ACCIDENT/BICYCLE                   ,998606.25,447939.62,E 6TH ST                      ,INSIDE                                                 ,TUCSON              ,N/A,     ,N/A,  ,At,N HIGHLAND AV                 ,        ,E ,6TH                                     ,ST  ,N ,HIGHLAND                                ,AV  ,DAYLIGHT                                               ,CLEAR                                                  ,                         ,NON-CONTROLLED ACCESS - INTERSECTION (WITHIN)          ,FOUR-WAY INTERSECTION                                  ,"2-WAY, NOT DIVIDED                                     ",LEFT TURN                                              ,                         ,TPD_TRAFFIC_INCIDENTS,,,,,,
987504.359908137470484,459937.25,31446,1212060331  ,159282,2,2012-12-06T00:00:00.000Z,1403,THU,0,1,1,3114      ,3114-INJURY TRAF ACCIDENT/HIT & RUN/BICYCLE            ,987504.36,459937.25,MIRACLE MILE                  ,INSIDE                                                 ,TUCSON              ,Approximately,100  ,Feet,E ,From,FAIRVIEW                      ,        ,N ,FAIRVIEW                                ,AV  ,W ,MIRACLE MILE                            ,    ,DAYLIGHT                                               ,CLEAR                                                  ,                         ,NOT JUNCTION RELATED                                   ,,"2-WAY, DIVIDED POSITIVE MEDIAN BARRIER                 ","SIDESWIPE, SAME DIRECTION                              ",                         ,TPD_TRAFFIC_INCIDENTS,,,,,,
993281.390091862529516,413788.799868769943714,31456,1410280451  ,171774,2,2014-10-28T00:00:00.000Z,1852,TUE,0,0,0,3104      ,3104-INJURY TRAFFIC ACCIDENT/BICYCLE                   ,993281.39,413788.8,S MISSIONDALE RD              ,INSIDE                                                 ,TUCSON              ,N/A,     ,N/A,  ,At,W VALENCIA RD                 ,        ,S ,MISSIONDALE                             ,RD  ,W ,VALENCIA                                ,RD  ,DARK-LIGHTED                                           ,CLEAR                                                  ,                         ,NON-CONTROLLED ACCESS - UNKNOWN NON-INTERCHANGE        ,UNKNOWN                                                ,"2-WAY, DIVIDED POSITIVE MEDIAN BARRIER                 ",SINGLE VEHICLE                                         ,                         ,TPD_TRAFFIC_INCIDENTS,,,,,,
977196.25,446727.0,31458,1211020270  ,158797,2,2012-11-02T00:00:00.000Z,1856,FRI,0,0,1,3104      ,3104-INJURY TRAFFIC ACCIDENT/BICYCLE                   ,977196.25,446727,ANKLAM RD W                   ,INSIDE                                                 ,TUCSON              ,N/A,     ,N/A,  ,At,GREASEWOOD RD N               ,        ,W ,ANKLAM                                  ,RD  ,N ,GREASEWOOD                              ,RD  ,DARK-LIGHTED                                           ,CLEAR                                                  ,                         ,CONTROLLED ACCESS - INTERSECTION-RELATED               ,FOUR-WAY INTERSECTION                                  ,"2-WAY, DIVIDED, UNPROT (PAINTED > 4 FEET) MEDIAN       ",LEFT TURN                                              ,                         ,TPD_TRAFFIC_INCIDENTS,,,,,,
977196.25,446727.0,31463,1903080406  ,209087,2,2019-03-08T00:00:00.000Z,1520,FRI,0,0,0,3204      ,3204-PROP DMG TRAF ACCIDENT/BICYCLE                    ,977196.25,446727,ANKLAM RD                     ,INSIDE                                                 ,TUCSON              ,Approximately,5    ,Feet,E ,From,GREASEWOOD RD                 ,        ,W ,ANKLAM                                  ,RD  ,N ,GREASEWOOD                              ,RD  ,DAYLIGHT                                               ,CLEAR                                                  ,                         ,NON-CONTROLLED ACCESS - INTERSECTION-RELATED           ,FOUR-WAY INTERSECTION                                  ,"2-WAY, NOT DIVIDED                                     ",OTHER                                                  ,PEDALCYCLE               ,TPD_TRAFFIC_INCIDENTS,\\central\data\Transportation\Traffic\Accident Data\2019\1903080406.pdf,,,,,
1014018.029855642467737,448469.169947504997253,31472,1301240590  ,160031,2,2013-01-24T00:00:00.000Z,1156,THU,0,1,0,3114      ,3114-INJURY TRAF ACCIDENT/HIT & RUN/BICYCLE            ,1014018.03,448469.17,N COLUMBUS BL                 ,INSIDE                                                 ,TUCSON              ,N/A,     ,N/A,  ,At,E 5TH ST                      ,        ,E ,5TH                                     ,ST  ,N ,COLUMBUS                                ,BL  ,DAYLIGHT                                               ,CLEAR                                                  ,                         ,CONTROLLED ACCESS - INTERSECTION (WITHIN)              ,FOUR-WAY INTERSECTION                                  ,"2-WAY, NOT DIVIDED WITH CONT LEFT TURN LANE            ",REAR END (FRONT TO REAR)                               ,                         ,TPD_TRAFFIC_INCIDENTS,,,,,,
1000733.06003937125206,452639.75,31507,1612110201  ,189450,2,2016-12-11T00:00:00.000Z,1055,SUN,0,0,1,3104      ,3104-INJURY TRAFFIC ACCIDENT/BICYCLE                   ,1000733.06,452639.75,CAMPBELL AV N                 ,INSIDE                                                 ,TUCSON              ,N/A,     ,N/A,  ,At,ADAMS ST E                    ,        ,E ,ADAMS                                   ,ST  ,N ,CAMPBELL                                ,AV  ,DAYLIGHT                                               ,CLEAR                                                  ,                         ,NON-CONTROLLED ACCESS - INTERSECTION (WITHIN)          ,FOUR-WAY INTERSECTION                                  ,"2-WAY, DIVIDED, UNPROT (PAINTED > 4 FEET) MEDIAN       ",SINGLE VEHICLE                                         ,                         ,TPD_TRAFFIC_INCIDENTS,\\central\data\Transportation\Traffic\Accident Data\2016\1612110201.pdf,,,,,
1000733.06003937125206,452639.75,31512,1601280428  ,181458,2,2016-01-28T00:00:00.000Z,1759,THU,0,0,0,3204      ,3204-PROP DMG TRAF ACCIDENT/BICYCLE                    ,1000733.06,452639.75,CAMPBELL AV N                 ,INSIDE                                                 ,TUCSON              ,N/A,     ,N/A,  ,At,ADAMS ST E                    ,        ,E ,ADAMS                                   ,ST  ,N ,CAMPBELL                                ,AV  ,DUSK                                                   ,CLEAR                                                  ,                         ,NON-CONTROLLED ACCESS - DRIVEWAY                       ,T-INTERSECTION                                         ,"2-WAY, DIVIDED, UNPROT (PAINTED > 4 FEET) MEDIAN       ",SINGLE VEHICLE                                         ,                         ,TPD_TRAFFIC_INCIDENTS,,,,,,
1006067.81003937125206,437146.339895009994507,31610,1210180194  ,158596,2,2012-10-18T00:00:00.000Z,1510,THU,0,0,0,3114      ,3114-INJURY TRAF ACCIDENT/HIT & RUN/BICYCLE            ,1006067.81,437146.34,E AVIATION                    ,INSIDE                                                 ,TUCSON              ,N/A,     ,N/A,  ,At,S COUNTRY CLUB                ,        ,E ,AVIATION                                ,PW  ,S ,COUNTRY CLUB                            ,RD  ,DAYLIGHT                                               ,CLEAR                                                  ,                         ,NON-CONTROLLED ACCESS - INTERSECTION (WITHIN)          ,T-INTERSECTION                                         ,UNKNOWN                                                ,ANGLE (FRONT TO SIDE) (OTHER THAN LEFT TURN)           ,                         ,TPD_TRAFFIC_INCIDENTS,,,,,,
1022096.12007873877883,444215.089895009994507,31640,1311040118  ,165459,2,2013-11-04T00:00:00.000Z,0850,MON,0,0,0,3104      ,3104-INJURY TRAFFIC ACCIDENT/BICYCLE                   ,1022096.12,444215.09,S CRAYCROFT RD                ,INSIDE                                                 ,TUCSON              ,N/A,     ,N/A,  ,At,E 14TH ST                     ,        ,E ,14TH                                    ,ST  ,S ,CRAYCROFT                               ,RD  ,DAYLIGHT                                               ,CLEAR                                                  ,                         ,CONTROLLED ACCESS - INTERSECTION (WITHIN)              ,FOUR-WAY INTERSECTION                                  ,"2-WAY, DIVIDED, UNPROT (PAINTED > 4 FEET) MEDIAN       ",ANGLE (FRONT TO SIDE) (OTHER THAN LEFT TURN)           ,                         ,TPD_TRAFFIC_INCIDENTS,,,,,,
1000432.0,445641.890091866254807,31651,1303240230  ,160999,2,2013-03-24T00:00:00.000Z,0925,SUN,0,0,0,3104      ,3104-INJURY TRAFFIC ACCIDENT/BICYCLE                   ,1000432,445641.89,E BROADWAY BL                 ,INSIDE                                                 ,TUCSON              ,N/A,     ,N/A,  ,At,N MARTIN AV                   ,        ,E ,BROADWAY                                ,BL  ,N ,MARTIN                                  ,AV  ,DAYLIGHT                                               ,CLEAR                                                  ,                         ,NON-CONTROLLED ACCESS - INTERSECTION-RELATED           ,T-INTERSECTION                                         ,"2-WAY, DIVIDED, UNPROT (PAINTED > 4 FEET) MEDIAN       ",ANGLE (FRONT TO SIDE) (OTHER THAN LEFT TURN)           ,                         ,TPD_TRAFFIC_INCIDENTS,,,,,,
1004639.31003937125206,464176.37007874250412,31658,1502140423  ,174079,2,2015-02-14T00:00:00.000Z,1935,SAT,0,0,0,3104      ,3104-INJURY TRAFFIC ACCIDENT/BICYCLE                   ,1004639.31,464176.37,N CACTUS BL                   ,INSIDE                                                 ,TUCSON              ,N/A,     ,N/A,  ,At,E PRINCE RD                   ,        ,N ,CACTUS                                  ,BL  ,E ,PRINCE                                  ,RD  ,DARK-NOT LIGHTED                                       ,CLEAR                                                  ,                         ,NON-CONTROLLED ACCESS - INTERSECTION (WITHIN)          ,FOUR-WAY INTERSECTION                                  ,"2-WAY, NOT DIVIDED WITH CONT LEFT TURN LANE            ",SINGLE VEHICLE                                         ,                         ,TPD_TRAFFIC_INCIDENTS,,,,,,
1037922.31003937125206,449282.56003937125206,31665,1401250315  ,166976,2,2014-01-25T00:00:00.000Z,1533,SAT,0,0,0,3104      ,3104-INJURY TRAFFIC ACCIDENT/BICYCLE                   ,1037922.31,449282.56,N PANTANO RD                  ,INSIDE                                                 ,TUCSON              ,N/A,     ,N/A,  ,At,E COLETTE CI                  ,        ,E ,COLETTE                                 ,CI  ,N ,PANTANO                                 ,RD  ,DAYLIGHT                                               ,CLEAR                                                  ,                         ,CONTROLLED ACCESS - INTERSECTION (WITHIN)              ,T-INTERSECTION                                         ,"2-WAY, NOT DIVIDED WITH CONT LEFT TURN LANE            ",ANGLE (FRONT TO SIDE) (OTHER THAN LEFT TURN)           ,                         ,TPD_TRAFFIC_INCIDENTS,,,,,,
1035354.950131233781576,440536.229986876249313,31679,1705230293  ,193841,2,2017-05-23T00:00:00.000Z,1308,TUE,0,0,0,3104      ,3104-INJURY TRAFFIC ACCIDENT/BICYCLE                   ,1035354.95,440536.23,E 22 ST                       ,INSIDE                                                 ,TUCSON              ,Approximately,200  ,Feet,E ,From,S PRUDENCE RD                 ,        ,E ,22ND                                    ,ST  ,S ,PRUDENCE                                ,RD  ,DAYLIGHT                                               ,CLEAR                                                  ,                         ,NON-CONTROLLED ACCESS - DRIVEWAY                       ,FOUR-WAY INTERSECTION                                  ,"2-WAY, DIVIDED, UNPROT (PAINTED > 4 FEET) MEDIAN       ",SINGLE VEHICLE                                         ,                         ,TPD_TRAFFIC_INCIDENTS,\\central\data\Transportation\Traffic\Accident Data\2017\1705230293.pdf,,,,,
992065.279855642467737,456082.279855646193027,31702,1508140320  ,177592,2,2015-08-14T00:00:00.000Z,1513,FRI,0,0,0,3104      ,3104-INJURY TRAFFIC ACCIDENT/BICYCLE                   ,992065.28,456082.28,GRANT RD E                    ,INSIDE                                                 ,TUCSON              ,Approximately,5    ,Feet,E ,From,STONE AV N                    ,        ,E ,GRANT                                   ,RD  ,N ,STONE                                   ,AV  ,DAYLIGHT                                               ,CLEAR                                                  ,                         ,NOT JUNCTION RELATED                                   ,,"2-WAY, NOT DIVIDED WITH CONT LEFT TURN LANE            ",SINGLE VEHICLE                                         ,                         ,TPD_TRAFFIC_INCIDENTS,,,,,,
1016628.31003937125206,451831.479986876249313,31716,1310230345  ,165239,2,2013-10-23T00:00:00.000Z,1417,WED,0,0,1,3104      ,3104-INJURY TRAFFIC ACCIDENT/BICYCLE                   ,1016628.31,451831.48,N SWAN RD                     ,INSIDE                                                 ,TUCSON              ,N/A,     ,N/A,  ,At,E BELLEVUE ST                 ,        ,E ,BELLEVUE                                ,ST  ,N ,SWAN                                    ,RD  ,DAYLIGHT                                               ,CLEAR                                                  ,                         ,NON-CONTROLLED ACCESS - INTERSECTION (WITHIN)          ,T-INTERSECTION                                         ,"2-WAY, DIVIDED, UNPROT (PAINTED > 4 FEET) MEDIAN       ",ANGLE (FRONT TO SIDE) (OTHER THAN LEFT TURN)           ,                         ,TPD_TRAFFIC_INCIDENTS,,,,,,
991196.279855642467737,450843.390091866254807,31728,1710200143  ,197357,2,2017-10-20T00:00:00.000Z,0744,FRI,0,1,1,3114      ,3114-INJURY TRAF ACCIDENT/HIT & RUN/BICYCLE            ,991196.28,450843.39,W SPEEDWAY BL                 ,INSIDE                                                 ,TUCSON              ,Approximately,10   ,Miles,W ,From,N 10TH AV                     ,        ,N ,10TH                                    ,AV  ,W ,SPEEDWAY                                ,BL  ,DAYLIGHT                                               ,CLEAR                                                  ,                         ,NON-CONTROLLED ACCESS - INTERSECTION-RELATED           ,FOUR-WAY INTERSECTION                                  ,"2-WAY, DIVIDED, UNPROT (PAINTED > 4 FEET) MEDIAN       ",OTHER                                                  ,PEDALCYCLE               ,TPD_TRAFFIC_INCIDENTS,\\central\data\Transportation\Traffic\Accident Data\2017\1710200143.pdf,,,,,
998118.25,452238.25,31734,1209120005  ,158140,2,2012-09-12T00:00:00.000Z,0745,WED,0,0,1,3104      ,3104-INJURY TRAFFIC ACCIDENT/BICYCLE                   ,998118.25,452238.25,DRACHMAN                      ,INSIDE                                                 ,TUCSON              ,N/A,     ,N/A,  ,At,MOUNTAIN AVE                  ,        ,E ,DRACHMAN                                ,ST  ,N ,MOUNTAIN                                ,AV  ,DAYLIGHT                                               ,CLOUDY                                                 ,                         ,NON-CONTROLLED ACCESS - INTERSECTION (WITHIN)          ,FOUR-WAY INTERSECTION                                  ,"2-WAY, NOT DIVIDED                                     ",ANGLE (FRONT TO SIDE) (OTHER THAN LEFT TURN)           ,                         ,TPD_TRAFFIC_INCIDENTS,,,,,,
995324.0,466672.62007874250412,31746,1208300226  ,157994,2,2012-08-30T00:00:00.000Z,1747,THU,0,0,0,3104      ,3104-INJURY TRAFFIC ACCIDENT/BICYCLE                   ,995324,466672.62,N 1 ST                        ,INSIDE                                                 ,TUCSON              ,N/A,     ,N/A,  ,At,E ROGER                       ,        ,N ,1ST                                     ,AV  ,E ,ROGER                                   ,RD  ,DAYLIGHT                                               ,CLEAR                                                  ,                         ,NON-CONTROLLED ACCESS - INTERSECTION-RELATED           ,FOUR-WAY INTERSECTION                                  ,"2-WAY, NOT DIVIDED WITH CONT LEFT TURN LANE            ",ANGLE (FRONT TO SIDE) (OTHER THAN LEFT TURN)           ,                         ,TPD_TRAFFIC_INCIDENTS,,,,,,
995324.0,466672.62007874250412,31747,1208030055  ,157414,2,2012-08-03T00:00:00.000Z,0601,FRI,0,0,0,3104      ,3104-INJURY TRAFFIC ACCIDENT/BICYCLE                   ,995324,466672.62,N 1ST AV                      ,INSIDE                                                 ,TUCSON              ,N/A,     ,N/A,  ,At,E ROGER RD                    ,        ,N ,1ST                                     ,AV  ,E ,ROGER                                   ,RD  ,DAYLIGHT                                               ,CLEAR                                                  ,                         ,NON-CONTROLLED ACCESS - INTERSECTION (WITHIN)          ,FOUR-WAY INTERSECTION                                  ,"2-WAY, NOT DIVIDED WITH CONT LEFT TURN LANE            ",LEFT TURN                                              ,                         ,TPD_TRAFFIC_INCIDENTS,,,,,,
1009844.56003937125206,461626.859908133745193,31787,1304180216  ,161385,2,2013-04-18T00:00:00.000Z,1159,THU,0,1,0,3114      ,3114-INJURY TRAF ACCIDENT/HIT & RUN/BICYCLE            ,1009844.56,461626.86,E FORT LOWELL RD              ,INSIDE                                                 ,TUCSON              ,N/A,     ,N/A,  ,At,N DODGE BL                    ,        ,N ,DODGE                                   ,BL  ,E ,FORT LOWELL                             ,RD  ,DAYLIGHT                                               ,CLEAR                                                  ,                         ,NON-CONTROLLED ACCESS - INTERSECTION (WITHIN)          ,FOUR-WAY INTERSECTION                                  ,ONE WAY TRAFFICWAY                                     ,ANGLE (FRONT TO SIDE) (OTHER THAN LEFT TURN)           ,                         ,TPD_TRAFFIC_INCIDENTS,,,,,,
1014636.25,451804.06003937125206,31788,1407160063  ,169965,2,2014-07-16T00:00:00.000Z,0300,WED,0,0,0,3204      ,3204-PROP DMG TRAF ACCIDENT/BICYCLE                    ,1014636.25,451804.06,E BELLEVUE ST                 ,INSIDE                                                 ,TUCSON              ,N/A,     ,N/A,  ,At,N CATALINA AV                 ,        ,E ,BELLEVUE                                ,ST  ,N ,CATALINA                                ,AV  ,DARK-LIGHTED                                           ,CLEAR                                                  ,                         ,CONTROLLED ACCESS - INTERSECTION (WITHIN)              ,FOUR-WAY INTERSECTION                                  ,"2-WAY, NOT DIVIDED                                     ",REAR END (FRONT TO REAR)                               ,                         ,TPD_TRAFFIC_INCIDENTS,,,,,,
992020.299868766218424,445695.740157477557659,31815,1807270400  ,203800,2,2018-07-27T00:00:00.000Z,1807,FRI,0,0,1,3104      ,3104-INJURY TRAFFIC ACCIDENT/BICYCLE                   ,992020.3,445695.74,E CONGRESS ST                 ,INSIDE                                                 ,TUCSON              ,N/A,     ,N/A,  ,At,N CHURCH AV                   ,        ,N ,CHURCH                                  ,AV  ,N ,CONGRESS                                ,ST  ,DAYLIGHT                                               ,CLEAR                                                  ,                         ,NON-CONTROLLED ACCESS - INTERSECTION (WITHIN)          ,FOUR-WAY INTERSECTION                                  ,ONE WAY TRAFFICWAY                                     ,OTHER                                                  ,PEDALCYCLE               ,TPD_TRAFFIC_INCIDENTS,\\central\data\Transportation\Traffic\Accident Data\2018\1807270400.pdf,,,,,
1016772.520013123750687,445822.140091866254807,31886,1706020632  ,194047,2,2017-06-02T00:00:00.000Z,2324,FRI,0,1,0,3114      ,3114-INJURY TRAF ACCIDENT/HIT & RUN/BICYCLE            ,1016772.52,445822.14,SWAN RD N                     ,INSIDE                                                 ,TUCSON              ,N/A,     ,N/A,  ,At,BROADWAY BL E                 ,        ,E ,BROADWAY                                ,BL  ,N ,SWAN                                    ,RD  ,DARK-LIGHTED                                           ,CLEAR                                                  ,                         ,NON-CONTROLLED ACCESS - INTERSECTION (WITHIN)          ,FOUR-WAY INTERSECTION                                  ,"2-WAY, DIVIDED, UNPROT (PAINTED > 4 FEET) MEDIAN       ",SINGLE VEHICLE                                         ,                         ,TPD_TRAFFIC_INCIDENTS,\\central\data\Transportation\Traffic\Accident Data\2017\1706020632.pdf,,,,,
990222.229986876249313,447804.43996062874794,31911,1302080151  ,160299,2,2013-02-08T00:00:00.000Z,0756,FRI,0,0,1,3104      ,3104-INJURY TRAFFIC ACCIDENT/BICYCLE                   ,990222.23,447804.44,N GRANADA AV                  ,INSIDE                                                 ,TUCSON              ,Approximately,50   ,Feet,S ,From,W SAINT MARYS RD              ,        ,N ,GRANADA                                 ,AV  ,W ,SAINT MARYS                             ,RD  ,DAYLIGHT                                               ,CLEAR                                                  ,                         ,NOT JUNCTION RELATED                                   ,FOUR-WAY INTERSECTION                                  ,"2-WAY, DIVIDED, UNPROT (PAINTED > 4 FEET) MEDIAN       ",OTHER                                                  ,VEHICLE/BIKE             ,TPD_TRAFFIC_INCIDENTS,,,,,,
1000665.56003937125206,466777.089895009994507,31947,1208100154  ,157563,2,2012-08-10T00:00:00.000Z,1333,FRI,0,0,1,3104      ,3104-INJURY TRAFFIC ACCIDENT/BICYCLE                   ,1000665.56,466777.09,N CAMPBELL AV                 ,INSIDE                                                 ,TUCSON              ,N/A,     ,N/A,  ,At,E ROGER RD                    ,        ,N ,CAMPBELL                                ,AV  ,E ,ROGER                                   ,RD  ,DAYLIGHT                                               ,CLEAR                                                  ,                         ,NON-CONTROLLED ACCESS - INTERSECTION (WITHIN)          ,FOUR-WAY INTERSECTION                                  ,"2-WAY, DIVIDED, UNPROT (PAINTED > 4 FEET) MEDIAN       ",SINGLE VEHICLE                                         ,                         ,TPD_TRAFFIC_INCIDENTS,,,,,,
990628.890091862529516,413742.740157477557659,31979,1507060350  ,176832,2,2015-07-06T00:00:00.000Z,1742,MON,0,0,0,3104      ,3104-INJURY TRAFFIC ACCIDENT/BICYCLE                   ,990628.89,413742.74,W VALENCIA RD                 ,INSIDE                                                 ,TUCSON              ,Approximately,UNK  ,Feet,E ,From,S 12TH AV                     ,        ,S ,12TH                                    ,AV  ,W ,VALENCIA                                ,RD  ,DAYLIGHT                                               ,CLEAR                                                  ,                         ,NON-CONTROLLED ACCESS - DRIVEWAY                       ,FOUR-WAY INTERSECTION                                  ,"2-WAY, DIVIDED, UNPROT (PAINTED > 4 FEET) MEDIAN       ",SINGLE VEHICLE                                         ,                         ,TPD_TRAFFIC_INCIDENTS,,,,,,
1000760.669947504997253,450970.169947504997253,31989,1508240585  ,177842,2,2015-08-24T00:00:00.000Z,2334,MON,0,0,1,3104      ,3104-INJURY TRAFFIC ACCIDENT/BICYCLE                   ,1000760.67,450970.17,CAMPBELL AV N                 ,INSIDE                                                 ,TUCSON              ,N/A,     ,N/A,  ,At,SPEEDWAY BL E                 ,        ,N ,CAMPBELL                                ,AV  ,E ,SPEEDWAY                                ,BL  ,DARK-LIGHTED                                           ,RAIN                                                   ,                         ,NON-CONTROLLED ACCESS - INTERSECTION (WITHIN)          ,FOUR-WAY INTERSECTION                                  ,"2-WAY, DIVIDED, UNPROT (PAINTED > 4 FEET) MEDIAN       ",SINGLE VEHICLE                                         ,                         ,TPD_TRAFFIC_INCIDENTS,,,,,,
1000760.669947504997253,450970.169947504997253,32002,1711230114  ,198244,2,2017-11-23T00:00:00.000Z,0653,THU,0,0,0,3104      ,3104-INJURY TRAFFIC ACCIDENT/BICYCLE                   ,1000760.67,450970.17,N CAMPBELL AV                 ,INSIDE                                                 ,TUCSON              ,N/A,     ,N/A,  ,At,E SPEEDWAY BL                 ,        ,N ,CAMPBELL                                ,AV  ,E ,SPEEDWAY                                ,BL  ,DAYLIGHT                                               ,CLEAR                                                  ,                         ,NON-CONTROLLED ACCESS - INTERSECTION (WITHIN)          ,FOUR-WAY INTERSECTION                                  ,"2-WAY, DIVIDED, UNPROT (PAINTED > 4 FEET) MEDIAN       ",OTHER                                                  ,PEDALCYCLIST             ,TPD_TRAFFIC_INCIDENTS,\\central\data\Transportation\Traffic\Accident Data\2017\1711230114.pdf,,,,,
1000760.669947504997253,450970.169947504997253,32006,1708030113  ,195366,2,2017-08-03T00:00:00.000Z,0611,THU,0,0,0,3104      ,3104-INJURY TRAFFIC ACCIDENT/BICYCLE                   ,1000760.67,450970.17,CAMPBELL AV N                 ,,TUCSON              ,Approximately,UNK  ,Feet,N ,From,SPEEDWAY BL E                 ,        ,N ,CAMPBELL                                ,AV  ,E ,SPEEDWAY                                ,BL  ,DAYLIGHT                                               ,CLEAR                                                  ,                         ,NON-CONTROLLED ACCESS - INTERSECTION-RELATED           ,FOUR-WAY INTERSECTION                                  ,"2-WAY, DIVIDED, UNPROT (PAINTED > 4 FEET) MEDIAN       ",SINGLE VEHICLE                                         ,                         ,TPD_TRAFFIC_INCIDENTS,\\central\data\Transportation\Traffic\Accident Data\2017\1708030113.pdf,,,,,
1000760.669947504997253,450970.169947504997253,32016,1801190306  ,199585,2,2018-01-19T00:00:00.000Z,1322,FRI,0,0,0,3104      ,3104-INJURY TRAFFIC ACCIDENT/BICYCLE                   ,1000760.67,450970.17,E SPEEDWAY BL                 ,INSIDE                                                 ,TUCSON              ,Approximately,50   ,Feet,W ,From,N CAMPBELL AV                 ,        ,N ,CAMPBELL                                ,AV  ,E ,SPEEDWAY                                ,BL  ,DAYLIGHT                                               ,CLEAR                                                  ,                         ,NON-CONTROLLED ACCESS - DRIVEWAY                       ,FOUR-WAY INTERSECTION                                  ,"2-WAY, DIVIDED, UNPROT (PAINTED > 4 FEET) MEDIAN       ",OTHER                                                  ,PEDALCYCLIST             ,TPD_TRAFFIC_INCIDENTS,\\central\data\Transportation\Traffic\Accident Data\2018\1801190306.pdf,,,,,
1021924.299868766218424,456488.12992125749588,33018,1211240235  ,159081,2,2012-11-24T00:00:00.000Z,1302,SAT,0,0,0,3104      ,3104-INJURY TRAFFIC ACCIDENT/BICYCLE                   ,1021924.3,456488.13,E GRANT RD                    ,INSIDE                                                 ,TUCSON              ,Approximately,     ,N/A,  ,At,N CRAYCROFT RD                ,        ,N ,CRAYCROFT                               ,RD  ,E ,GRANT                                   ,RD  ,DAYLIGHT                                               ,CLEAR                                                  ,                         ,NON-CONTROLLED ACCESS - INTERSECTION-RELATED           ,FOUR-WAY INTERSECTION                                  ,"2-WAY, DIVIDED POSITIVE MEDIAN BARRIER                 ",ANGLE (FRONT TO SIDE) (OTHER THAN LEFT TURN)           ,                         ,TPD_TRAFFIC_INCIDENTS,,,,,,
992022.81003937125206,458731.450131230056286,33043,1304240540  ,161538,2,2013-04-24T00:00:00.000Z,1920,WED,0,0,0,3104      ,3104-INJURY TRAFFIC ACCIDENT/BICYCLE                   ,992022.81,458731.45,N STONE AV                    ,INSIDE                                                 ,TUCSON              ,N/A,     ,N/A,  ,At,E GLENN ST                    ,        ,E ,GLENN                                   ,ST  ,N ,STONE                                   ,AV  ,DARK-LIGHTED                                           ,CLEAR                                                  ,                         ,NON-CONTROLLED ACCESS - INTERSECTION (WITHIN)          ,FOUR-WAY INTERSECTION                                  ,"2-WAY, NOT DIVIDED WITH CONT LEFT TURN LANE            ",ANGLE (FRONT TO SIDE) (OTHER THAN LEFT TURN)           ,                         ,TPD_TRAFFIC_INCIDENTS,,,,,,
995427.06003937125206,458783.470144353806973,33047,1210100109  ,158470,2,2012-10-10T00:00:00.000Z,1032,WED,1,0,0,3004      ,3004-FATAL TRAFFIC ACCIDENT/BICYCLE                    ,995427.06,458783.47,N 1ST AV                      ,INSIDE                                                 ,TUCSON              ,N/A,     ,N/A,  ,At,E GLENN ST                    ,        ,N ,1ST                                     ,AV  ,E ,GLENN                                   ,ST  ,DAYLIGHT                                               ,CLEAR                                                  ,                         ,NON-CONTROLLED ACCESS - INTERSECTION (WITHIN)          ,FOUR-WAY INTERSECTION                                  ,"2-WAY, NOT DIVIDED WITH CONT LEFT TURN LANE            ",SINGLE VEHICLE                                         ,                         ,TPD_TRAFFIC_INCIDENTS,,,,,,
1022160.0,440561.399934381246567,33075,1405120135  ,168917,2,2014-05-12T00:00:00.000Z,0918,MON,0,0,0,3104      ,3104-INJURY TRAFFIC ACCIDENT/BICYCLE                   ,1022160,440561.4,E 22ND ST                     ,INSIDE                                                 ,TUCSON              ,N/A,     ,N/A,  ,At,S CRAYCROFT RD                ,        ,E ,22ND                                    ,ST  ,S ,CRAYCROFT                               ,RD  ,DAYLIGHT                                               ,CLEAR                                                  ,                         ,NON-CONTROLLED ACCESS - INTERSECTION (WITHIN)          ,FOUR-WAY INTERSECTION                                  ,"2-WAY, DIVIDED POSITIVE MEDIAN BARRIER                 ",ANGLE (FRONT TO SIDE) (OTHER THAN LEFT TURN)           ,                         ,TPD_TRAFFIC_INCIDENTS,,,,,,