X,Y,OBJECTID,acci_id,tamainid,numunits,AccidentDate,AccidentTime,DayOfWeek,WasFatal,WasHitAndRun,TransImmedMedCare,UCRCode,UCRDescription,CoordX,CoordY,Location,Inside_Outside,City,Accuracy,Distance,Units,Direction,From_At,IntersectingStreet,AddrNumber,AddrDirection,AddrStreetName,AddrStreetNameSuffix,CrossStreetDirection,CrossStreetName,CrossStreetSuffix,LightConditionDescription,WeatherDescription,WeatherOther,RelationDescription,IntersectionTypeDescription,RoadConfigurationDescription,MannerOfCrashDescription,MannerOfCrashOther,DATASOURCE,URL,F7Days,F28Days,COMPSTAT_28D,WEEKLY_7D,AccidentDateTime
991316.220144357532263,461318.640091866254807,33105,1905130125  ,210657,2,2019-05-13T00:00:00.000Z,0706,MON,0,0,0,3104      ,3104-INJURY TRAFFIC ACCIDENT/BICYCLE                   ,991316.22,461318.64,FORT LOWELL RD                ,INSIDE                                                 ,TUCSON              ,Measured,20   ,Feet,W ,From,N CASTRO AV                   ,        ,N ,CASTRO                                  ,AV  ,W ,FORT LOWELL                             ,RD  ,DAYLIGHT                                               ,CLEAR                                                  ,                         ,NON-CONTROLLED ACCESS - INTERSECTION-RELATED           ,T-INTERSECTION                                         ,"2-WAY, NOT DIVIDED WITH CONT LEFT TURN LANE            ",,PEDALCYCLE               ,TPD_TRAFFIC_INCIDENTS,\\central\data\Transportation\Traffic\Accident Data\2019\1905130125.pdf,,,,,
1000808.169947504997253,445653.12007874250412,33156,1307030227  ,163027,2,2013-07-03T00:00:00.000Z,1732,WED,1,0,0,3004      ,3004-FATAL TRAFFIC ACCIDENT/BICYCLE                    ,1000808.17,445653.12,E BROADWAY BL                 ,INSIDE                                                 ,TUCSON              ,N/A,     ,N/A,  ,At,N CAMPBELL AV                 ,        ,E ,BROADWAY                                ,BL  ,N ,CAMPBELL                                ,AV  ,DAYLIGHT                                               ,CLEAR                                                  ,                         ,NON-CONTROLLED ACCESS - INTERSECTION (WITHIN)          ,FOUR-WAY INTERSECTION                                  ,,ANGLE (FRONT TO SIDE) (OTHER THAN LEFT TURN)           ,                         ,TPD_TRAFFIC_INCIDENTS,,,,,,
1000808.169947504997253,445653.12007874250412,33166,1504130011  ,175278,2,2015-04-13T00:00:00.000Z,2039,MON,0,0,0,3104      ,3104-INJURY TRAFFIC ACCIDENT/BICYCLE                   ,1000808.17,445653.12,N CAMPELL AV                  ,INSIDE                                                 ,TUCSON              ,N/A,     ,N/A,  ,At,E BROADYWAY BL                ,        ,E ,BROADWAY                                ,BL  ,N ,CAMPBELL                                ,AV  ,DARK-LIGHTED                                           ,CLEAR                                                  ,                         ,NON-CONTROLLED ACCESS - INTERSECTION (WITHIN)          ,FOUR-WAY INTERSECTION                                  ,"2-WAY, DIVIDED POSITIVE MEDIAN BARRIER                 ",ANGLE (FRONT TO SIDE) (OTHER THAN LEFT TURN)           ,                         ,TPD_TRAFFIC_INCIDENTS,,,,,,
1001143.779855642467737,426538.649934381246567,33201,1405230193  ,169113,2,2014-05-23T00:00:00.000Z,1118,FRI,0,1,0,3114      ,3114-INJURY TRAF ACCIDENT/HIT & RUN/BICYCLE            ,1001143.78,426538.65,S CAMPBELL AV                 ,INSIDE                                                 ,TUCSON              ,Approximately,200  ,Feet,S ,From,E BENSON HY                   ,        ,E ,BENSON                                  ,HY  ,S ,CAMPBELL                                ,AV  ,DAYLIGHT                                               ,CLEAR                                                  ,                         ,NOT JUNCTION RELATED                                   ,,"2-WAY, DIVIDED POSITIVE MEDIAN BARRIER                 ",ANGLE (FRONT TO SIDE) (OTHER THAN LEFT TURN)           ,                         ,TPD_TRAFFIC_INCIDENTS,,,,,,
999475.18996062874794,450938.520013123750687,33212,1906120006  ,211332,2,2019-06-12T00:00:00.000Z,0846,WED,0,0,0,3204      ,3204-PROP DMG TRAF ACCIDENT/BICYCLE                    ,999475.19,450938.52,SPEEDWAY BLVD                 ,INSIDE                                                 ,TUCSON              ,N/A,     ,N/A,  ,At,CHERRY AVE                    ,        ,N ,CHERRY                                  ,AV  ,E ,SPEEDWAY                                ,BL  ,DAYLIGHT                                               ,CLEAR                                                  ,                         ,NON-CONTROLLED ACCESS - INTERSECTION (WITHIN)          ,FOUR-WAY INTERSECTION                                  ,"2-WAY, DIVIDED POSITIVE MEDIAN BARRIER                 ",ANGLE (FRONT TO SIDE) (OTHER THAN LEFT TURN)           ,                         ,TPD_TRAFFIC_INCIDENTS,\\central\data\Transportation\Traffic\Accident Data\2019\1906120006.pdf,,,,,
1032594.339895013719797,451093.0,33266,1807300333  ,203853,2,2018-07-30T00:00:00.000Z,1254,MON,0,0,0,3104      ,3104-INJURY TRAFFIC ACCIDENT/BICYCLE                   ,1032594.34,451093,KOLB RD                       ,INSIDE                                                 ,TUCSON              ,Approximately,300  ,Feet,S ,From,SPEEDWAY BL                   ,        ,N ,KOLB                                    ,RD  ,E ,SPEEDWAY                                ,BL  ,DAYLIGHT                                               ,CLOUDY                                                 ,                         ,NOT JUNCTION RELATED                                   ,,"2-WAY, DIVIDED, UNPROT (PAINTED > 4 FEET) MEDIAN       ",OTHER                                                  ,PEDALCYCLE               ,TPD_TRAFFIC_INCIDENTS,\\central\data\Transportation\Traffic\Accident Data\2018\1807300333.pdf,,,,,
1032594.339895013719797,451093.0,33279,1502280232  ,174362,2,2015-02-28T00:00:00.000Z,1224,SAT,0,0,1,3104      ,3104-INJURY TRAFFIC ACCIDENT/BICYCLE                   ,1032594.34,451093,E SPEEDWAY BL                 ,INSIDE                                                 ,TUCSON              ,Approximately,250  ,Feet,E ,From,N KOLB RD                     ,        ,N ,KOLB                                    ,RD  ,E ,SPEEDWAY                                ,BL  ,DAYLIGHT                                               ,CLOUDY                                                 ,                         ,NOT JUNCTION RELATED                                   ,,"2-WAY, DIVIDED POSITIVE MEDIAN BARRIER                 ",SINGLE VEHICLE                                         ,                         ,TPD_TRAFFIC_INCIDENTS,,,,,,
988224.37007873877883,450731.220144353806973,33325,1903040541  ,208988,2,2019-03-04T00:00:00.000Z,1953,MON,0,1,0,3114      ,3114-INJURY TRAF ACCIDENT/HIT & RUN/BICYCLE            ,988224.37,450731.22,I10 FRONTAGE RD W             ,INSIDE                                                 ,TUCSON              ,Approximately,UNK  ,Feet,S ,From,W SPEEDWAY BL                 ,        ,E ,I10 FRONTAGE                            ,RD  ,W ,SPEEDWAY                                ,BL  ,DARK-LIGHTED                                           ,CLEAR                                                  ,                         ,NON-CONTROLLED ACCESS - FRONTAGE ROAD                  ,FOUR-WAY INTERSECTION                                  ,ONE WAY TRAFFICWAY                                     ,OTHER                                                  ,PEDALCYCLE               ,TPD_TRAFFIC_INCIDENTS,\\central\data\Transportation\Traffic\Accident Data\2019\1903040541.pdf,,,,,
1021886.479986876249313,453855.649934381246567,33366,1310190217  ,165147,2,2013-10-19T00:00:00.000Z,1124,SAT,0,0,1,3104      ,3104-INJURY TRAFFIC ACCIDENT/BICYCLE                   ,1021886.48,453855.65,E PIMA ST                     ,INSIDE                                                 ,TUCSON              ,Approximately,100  ,Feet,E ,From,N CRAYCROFT RD                ,        ,N ,CRAYCROFT                               ,RD  ,E ,PIMA                                    ,ST  ,DAYLIGHT                                               ,CLEAR                                                  ,                         ,CONTROLLED ACCESS - THRU ROADWAY                       ,UNKNOWN                                                ,"2-WAY, DIVIDED, UNPROT (PAINTED > 4 FEET) MEDIAN       ",ANGLE (FRONT TO SIDE) (OTHER THAN LEFT TURN)           ,                         ,TPD_TRAFFIC_INCIDENTS,,,,,,
1021886.479986876249313,453855.649934381246567,33371,1212020251  ,159202,2,2012-12-02T00:00:00.000Z,1251,SUN,0,0,0,3104      ,3104-INJURY TRAFFIC ACCIDENT/BICYCLE                   ,1021886.48,453855.65,E PIMA ST                     ,INSIDE                                                 ,TUCSON              ,Approximately,2    ,Feet,E ,At,N CRAYCROFT RD                ,        ,N ,CRAYCROFT                               ,RD  ,E ,PIMA                                    ,ST  ,DAYLIGHT                                               ,CLEAR                                                  ,                         ,NON-CONTROLLED ACCESS - INTERSECTION (WITHIN)          ,FOUR-WAY INTERSECTION                                  ,"2-WAY, NOT DIVIDED                                     ",ANGLE (FRONT TO SIDE) (OTHER THAN LEFT TURN)           ,                         ,TPD_TRAFFIC_INCIDENTS,,,,,,
1044512.43996062874794,459413.779855646193027,33373,1312130246  ,166225,2,2013-12-13T00:00:00.000Z,1123,FRI,0,0,0,3204      ,3204-PROP DMG TRAF ACCIDENT/BICYCLE                    ,1044512.44,459413.78,E TANQUE VERDE RD             ,INSIDE                                                 ,TUCSON              ,Approximately,100  ,Feet,E ,At,N BEAR CANYON RD              ,        ,N ,BEAR CANYON                             ,RD  ,E ,TANQUE VERDE                            ,RD  ,DAYLIGHT                                               ,CLEAR                                                  ,                         ,NOT JUNCTION RELATED                                   ,UNKNOWN                                                ,"2-WAY, DIVIDED POSITIVE MEDIAN BARRIER                 ",ANGLE (FRONT TO SIDE) (OTHER THAN LEFT TURN)           ,                         ,TPD_TRAFFIC_INCIDENTS,,,,,,
1027360.609908137470484,451127.87007874250412,33470,1209200065  ,158234,2,2012-09-20T00:00:00.000Z,0839,THU,0,0,0,3104      ,3104-INJURY TRAFFIC ACCIDENT/BICYCLE                   ,1027360.61,451127.87,N WILMOT RD                   ,INSIDE                                                 ,TUCSON              ,N/A,     ,N/A,  ,At,E SPEEDWAY BL                 ,        ,E ,SPEEDWAY                                ,BL  ,N ,WILMOT                                  ,RD  ,DAYLIGHT                                               ,CLOUDY                                                 ,                         ,NON-CONTROLLED ACCESS - INTERSECTION-RELATED           ,FOUR-WAY INTERSECTION                                  ,"2-WAY, DIVIDED POSITIVE MEDIAN BARRIER                 ",REAR END (FRONT TO REAR)                               ,                         ,TPD_TRAFFIC_INCIDENTS,,,,,,
1013990.660104986280203,451136.330052495002747,33516,1308090154  ,163708,2,2013-08-09T00:00:00.000Z,0832,FRI,0,0,0,3104      ,3104-INJURY TRAFFIC ACCIDENT/BICYCLE                   ,1013990.66,451136.33,E SPEEDWAY BL                 ,INSIDE                                                 ,TUCSON              ,Approximately,100  ,Feet,W ,From,N COLUMBUS BL                 ,        ,N ,COLUMBUS                                ,BL  ,E ,SPEEDWAY                                ,BL  ,DAYLIGHT                                               ,CLEAR                                                  ,                         ,NON-CONTROLLED ACCESS - INTERSECTION-RELATED           ,FOUR-WAY INTERSECTION                                  ,"2-WAY, DIVIDED POSITIVE MEDIAN BARRIER                 ","SIDESWIPE, SAME DIRECTION                              ",                         ,TPD_TRAFFIC_INCIDENTS,,,,,,
994138.18996062874794,445507.75,33551,1308120129  ,163760,2,2013-08-12T00:00:00.000Z,0733,MON,0,0,0,3104      ,3104-INJURY TRAFFIC ACCIDENT/BICYCLE                   ,994138.19,445507.75,E BROADWAY BL                 ,INSIDE                                                 ,TUCSON              ,N/A,     ,N/A,  ,At,S 4TH AV                      ,        ,S ,4TH                                     ,AV  ,E ,BROADWAY                                ,BL  ,DAYLIGHT                                               ,CLEAR                                                  ,                         ,NON-CONTROLLED ACCESS - INTERSECTION (WITHIN)          ,T-INTERSECTION                                         ,ONE WAY TRAFFICWAY                                     ,ANGLE (FRONT TO SIDE) (OTHER THAN LEFT TURN)           ,                         ,TPD_TRAFFIC_INCIDENTS,,,,,,
992150.160104986280203,450839.270013123750687,33564,1404230275  ,168593,2,2014-04-23T00:00:00.000Z,1435,WED,0,0,0,3104      ,3104-INJURY TRAFFIC ACCIDENT/BICYCLE                   ,992150.16,450839.27,N STONE AV                    ,INSIDE                                                 ,TUCSON              ,N/A,     ,N/A,  ,At,E SPEEDWAY BL                 ,        ,E ,SPEEDWAY                                ,BL  ,N ,STONE                                   ,AV  ,DAYLIGHT                                               ,CLEAR                                                  ,                         ,NON-CONTROLLED ACCESS - INTERSECTION (WITHIN)          ,FOUR-WAY INTERSECTION                                  ,"2-WAY, NOT DIVIDED WITH CONT LEFT TURN LANE            ",ANGLE (FRONT TO SIDE) (OTHER THAN LEFT TURN)           ,                         ,TPD_TRAFFIC_INCIDENTS,,,,,,
998147.720144357532263,450915.700131230056286,33591,1408230245  ,170601,2,2014-08-23T00:00:00.000Z,1202,SAT,0,0,0,3104      ,3104-INJURY TRAFFIC ACCIDENT/BICYCLE                   ,998147.72,450915.7,E SPEEDWAY BL                 ,INSIDE                                                 ,TUCSON              ,N/A,     ,N/A,  ,At,N MOUNTAIN AV                 ,        ,N ,MOUNTAIN                                ,AV  ,E ,SPEEDWAY                                ,BL  ,DAYLIGHT                                               ,CLEAR                                                  ,                         ,NON-CONTROLLED ACCESS - INTERSECTION-RELATED           ,FOUR-WAY INTERSECTION                                  ,"2-WAY, DIVIDED, UNPROT (PAINTED > 4 FEET) MEDIAN       ",LEFT TURN                                              ,                         ,TPD_TRAFFIC_INCIDENTS,,,,,,
1000724.87007873877883,458792.660104990005493,33612,1904270335  ,210297,2,2019-04-27T00:00:00.000Z,1145,SAT,0,0,0,3104      ,3104-INJURY TRAFFIC ACCIDENT/BICYCLE                   ,1000724.87,458792.66,CAMPBELL AV N                 ,INSIDE                                                 ,TUCSON              ,N/A,     ,N/A,  ,At,GLENN ST E                    ,        ,N ,CAMPBELL                                ,AV  ,E ,GLENN                                   ,ST  ,DAYLIGHT                                               ,CLEAR                                                  ,                         ,NON-CONTROLLED ACCESS - INTERSECTION (WITHIN)          ,FOUR-WAY INTERSECTION                                  ,"2-WAY, NOT DIVIDED WITH CONT LEFT TURN LANE            ",OTHER                                                  ,PEDALCYCLE               ,TPD_TRAFFIC_INCIDENTS,\\central\data\Transportation\Traffic\Accident Data\2019\1904270335.pdf,,,,,
997069.020013123750687,440321.040026247501373,33654,1308140426  ,163815,2,2013-08-14T00:00:00.000Z,1721,WED,0,0,0,3104      ,3104-INJURY TRAFFIC ACCIDENT/BICYCLE                   ,997069.02,440321.04,S PARK AV                     ,INSIDE                                                 ,TUCSON              ,Approximately,80   ,Feet,N ,From,E 22ND ST                     ,        ,E ,22ND                                    ,ST  ,S ,PARK                                    ,AV  ,DAYLIGHT                                               ,CLOUDY                                                 ,                         ,NON-CONTROLLED ACCESS - DRIVEWAY                       ,FOUR-WAY INTERSECTION                                  ,"2-WAY, NOT DIVIDED WITH CONT LEFT TURN LANE            ",LEFT TURN                                              ,                         ,TPD_TRAFFIC_INCIDENTS,,,,,,
995292.209973752498627,469311.5,33745,1310070149  ,164924,2,2013-10-07T00:00:00.000Z,0947,MON,0,0,0,3104      ,3104-INJURY TRAFFIC ACCIDENT/BICYCLE                   ,995292.21,469311.5,N 1ST AV                      ,INSIDE                                                 ,TUCSON              ,N/A,     ,N/A,  ,At,E WETMORE RD                  ,        ,N ,1ST                                     ,AV  ,E ,WETMORE                                 ,RD  ,DAYLIGHT                                               ,CLEAR                                                  ,                         ,NON-CONTROLLED ACCESS - INTERSECTION (WITHIN)          ,FOUR-WAY INTERSECTION                                  ,"2-WAY, DIVIDED, UNPROT (PAINTED > 4 FEET) MEDIAN       ",ANGLE (FRONT TO SIDE) (OTHER THAN LEFT TURN)           ,                         ,TPD_TRAFFIC_INCIDENTS,,,,,,
1024627.220144357532263,453865.0,33844,1212050343  ,159269,2,2012-12-05T00:00:00.000Z,1505,WED,0,0,0,3104      ,3104-INJURY TRAFFIC ACCIDENT/BICYCLE                   ,1024627.22,453865,E PIMA                        ,INSIDE                                                 ,TUCSON              ,N/A,     ,N/A,  ,At,N SAHUARA                     ,        ,E ,PIMA                                    ,ST  ,N ,SAHUARA                                 ,AV  ,DAYLIGHT                                               ,CLEAR                                                  ,                         ,NON-CONTROLLED ACCESS - INTERSECTION (WITHIN)          ,FOUR-WAY INTERSECTION                                  ,"2-WAY, NOT DIVIDED                                     ",ANGLE (FRONT TO SIDE) (OTHER THAN LEFT TURN)           ,                         ,TPD_TRAFFIC_INCIDENTS,,,,,,
1028992.37007873877883,435192.93996062874794,33858,1312150394  ,166269,2,2013-12-15T00:00:00.000Z,1930,SUN,0,0,0,3104      ,3104-INJURY TRAFFIC ACCIDENT/BICYCLE                   ,1028992.37,435192.94,E GOLF LINKS RD               ,INSIDE                                                 ,TUCSON              ,N/A,     ,N/A,  ,At,S CALLE POLAR                 ,        ,S ,CALLE POLAR                             ,    ,E ,GOLF LINKS                              ,RD  ,DARK-LIGHTED                                           ,CLEAR                                                  ,                         ,NON-CONTROLLED ACCESS - INTERSECTION (WITHIN)          ,T-INTERSECTION                                         ,,ANGLE (FRONT TO SIDE) (OTHER THAN LEFT TURN)           ,                         ,TPD_TRAFFIC_INCIDENTS,,,,,,
990129.729986876249313,458700.729986876249313,33901,1802180295  ,200369,2,2018-02-18T00:00:00.000Z,1237,SUN,0,0,0,3104      ,3104-INJURY TRAFFIC ACCIDENT/BICYCLE                   ,990129.73,458700.73,GLENN ST                      ,INSIDE                                                 ,TUCSON              ,Approximately,UNK  ,Feet,W ,From,ORACLE RD                     ,        ,W ,GLENN                                   ,ST  ,N ,ORACLE                                  ,RD  ,DAYLIGHT                                               ,CLEAR                                                  ,                         ,NON-CONTROLLED ACCESS - INTERSECTION-RELATED           ,FOUR-WAY INTERSECTION                                  ,"2-WAY, NOT DIVIDED                                     ",OTHER                                                  ,PEDALCYCLE               ,TPD_TRAFFIC_INCIDENTS,\\central\data\Transportation\Traffic\Accident Data\2018\1802180295.pdf,,,,,
991348.93996062874794,458717.160104990005493,33941,1703310251  ,192388,2,2017-03-31T00:00:00.000Z,1120,FRI,0,1,0,3114      ,3114-INJURY TRAF ACCIDENT/HIT & RUN/BICYCLE            ,991348.94,458717.16,W GLENN ST                    ,INSIDE                                                 ,TUCSON              ,Approximately,UNK  ,Feet,E ,From,N CASTRO AV                   ,        ,N ,CASTRO                                  ,AV  ,W ,GLENN                                   ,ST  ,DAYLIGHT                                               ,CLEAR                                                  ,                         ,NON-CONTROLLED ACCESS - INTERSECTION-RELATED           ,FOUR-WAY INTERSECTION                                  ,"2-WAY, NOT DIVIDED                                     ",SINGLE VEHICLE                                         ,                         ,TPD_TRAFFIC_INCIDENTS,\\central\data\Transportation\Traffic\Accident Data\2017\1703310251.pdf,,,,,
1017222.089895013719797,456431.37992125749588,33943,1306130285  ,162627,2,2013-06-13T00:00:00.000Z,1235,THU,0,0,0,3104      ,3104-INJURY TRAFFIC ACCIDENT/BICYCLE                   ,1017222.09,456431.38,E GRANT RD                    ,INSIDE                                                 ,TUCSON              ,N/A,     ,N/A,  ,At,N MOUNTAIN VIEW AV            ,        ,E ,GRANT                                   ,RD  ,N ,MOUNTAIN VIEW                           ,AV  ,DAYLIGHT                                               ,CLEAR                                                  ,                         ,NON-CONTROLLED ACCESS - DRIVEWAY                       ,FOUR-WAY INTERSECTION                                  ,"2-WAY, DIVIDED POSITIVE MEDIAN BARRIER                 ",ANGLE (FRONT TO SIDE) (OTHER THAN LEFT TURN)           ,                         ,TPD_TRAFFIC_INCIDENTS,,,,,,
1007321.089895013719797,456264.330052495002747,34028,1410280354  ,171767,2,2014-10-28T00:00:00.000Z,1557,TUE,0,0,0,3204      ,3204-PROP DMG TRAF ACCIDENT/BICYCLE                    ,1007321.09,456264.33,E GRANT RD                    ,INSIDE                                                 ,TUCSON              ,Approximately,2    ,Feet,S ,From,N EDITH BL                    ,        ,N ,EDITH                                   ,BL  ,E ,GRANT                                   ,RD  ,DAYLIGHT                                               ,CLEAR                                                  ,                         ,NON-CONTROLLED ACCESS - INTERSECTION (WITHIN)          ,UNKNOWN                                                ,"2-WAY, NOT DIVIDED                                     ","SIDESWIPE, OPPOSITE DIRECTION                          ",                         ,TPD_TRAFFIC_INCIDENTS,,,,,,
990131.31003937125206,460680.240157477557659,34032,1810150194  ,205553,2,2018-10-15T00:00:00.000Z,1024,MON,0,0,0,3104      ,3104-INJURY TRAFFIC ACCIDENT/BICYCLE                   ,990131.31,460680.24,N ORACLE RD                   ,INSIDE                                                 ,TUCSON              ,Approximately,40   ,Feet,S ,From,W DELANO ST                   ,        ,W ,DELANO                                  ,ST  ,N ,ORACLE                                  ,RD  ,DAYLIGHT                                               ,CLEAR                                                  ,                         ,NON-CONTROLLED ACCESS - INTERSECTION-RELATED           ,FOUR-WAY INTERSECTION                                  ,"2-WAY, DIVIDED, UNPROT (PAINTED > 4 FEET) MEDIAN       ",OTHER                                                  ,PEDALCYCLE               ,TPD_TRAFFIC_INCIDENTS,\\central\data\Transportation\Traffic\Accident Data\2018\1810150194.pdf,,,,,
1022171.93996062874794,438965.640091866254807,34037,1306140102  ,163018,2,2013-06-14T00:00:00.000Z,0822,FRI,0,0,0,3104      ,3104-INJURY TRAFFIC ACCIDENT/BICYCLE                   ,1022171.94,438965.64,S CRAYCROFT RD                ,INSIDE                                                 ,TUCSON              ,Approximately,2    ,Feet,S ,At,E 26TH ST                     ,        ,E ,26TH                                    ,ST  ,S ,CRAYCROFT                               ,RD  ,DAYLIGHT                                               ,CLEAR                                                  ,                         ,NON-CONTROLLED ACCESS - INTERSECTION (WITHIN)          ,FOUR-WAY INTERSECTION                                  ,"2-WAY, NOT DIVIDED                                     ",ANGLE (FRONT TO SIDE) (OTHER THAN LEFT TURN)           ,                         ,TPD_TRAFFIC_INCIDENTS,,,,,,
993380.410104986280203,432904.330052495002747,34111,1504150077  ,175299,2,2015-04-15T00:00:00.000Z,0703,WED,0,0,0,3104      ,3104-INJURY TRAFFIC ACCIDENT/BICYCLE                   ,993380.41,432904.33,S 6TH AV                      ,INSIDE                                                 ,TUCSON              ,N/A,     ,N/A,  ,At,E I10 EXIT 261 OFF RAMP       ,        ,S ,6TH                                     ,AV  ,E ,I10 EXIT 261 OFF RAMP                   ,    ,DAYLIGHT                                               ,CLEAR                                                  ,                         ,NON-CONTROLLED ACCESS - INTERSECTION (WITHIN)          ,FOUR-WAY INTERSECTION                                  ,"2-WAY, DIVIDED POSITIVE MEDIAN BARRIER                 ",SINGLE VEHICLE                                         ,                         ,TPD_TRAFFIC_INCIDENTS,,,,,,
993380.410104986280203,432904.330052495002747,34112,1411140117  ,172084,2,2014-11-14T00:00:00.000Z,0708,FRI,0,0,0,3104      ,3104-INJURY TRAFFIC ACCIDENT/BICYCLE                   ,993380.41,432904.33,S 6TH AV                      ,INSIDE                                                 ,TUCSON              ,N/A,     ,N/A,  ,At,E I10 EXIT 261 OFF RAMP       ,        ,S ,6TH                                     ,AV  ,E ,I10 EXIT 261 OFF RAMP                   ,    ,DAYLIGHT                                               ,CLEAR                                                  ,                         ,CONTROLLED ACCESS - ENTRANCE/EXIT RAMP                 ,T-INTERSECTION                                         ,"2-WAY, DIVIDED POSITIVE MEDIAN BARRIER                 ",ANGLE (FRONT TO SIDE) (OTHER THAN LEFT TURN)           ,                         ,TPD_TRAFFIC_INCIDENTS,,,,,,
1007993.87007873877883,461583.720144353806973,34155,1806060403  ,202791,2,2018-06-06T00:00:00.000Z,1536,WED,0,0,1,3104      ,3104-INJURY TRAFFIC ACCIDENT/BICYCLE                   ,1007993.87,461583.72,E FT LOWELL RD                ,INSIDE                                                 ,TUCSON              ,Approximately,100  ,Feet,E ,From,N KELVIN BL                   ,        ,E ,FORT LOWELL                             ,RD  ,N ,KELVIN                                  ,BL  ,DAYLIGHT                                               ,CLEAR                                                  ,                         ,NON-CONTROLLED ACCESS - INTERSECTION-RELATED           ,T-INTERSECTION                                         ,"2-WAY, NOT DIVIDED WITH CONT LEFT TURN LANE            ",OTHER                                                  ,PEDALCYCLE               ,TPD_TRAFFIC_INCIDENTS,\\central\data\Transportation\Traffic\Accident Data\2018\1806060403.pdf,,,,,
1006122.959973752498627,448287.839895009994507,34184,1210290140  ,159944,2,2012-10-29T00:00:00.000Z,1353,MON,0,1,0,3114      ,3114-INJURY TRAF ACCIDENT/HIT & RUN/BICYCLE            ,1006122.96,448287.84,COUNTRY CLUB RD N             ,INSIDE                                                 ,TUCSON              ,N/A,     ,N/A,  ,At,5 ST E                        ,        ,E ,5TH                                     ,ST  ,N ,COUNTRY CLUB                            ,RD  ,DAYLIGHT                                               ,CLEAR                                                  ,                         ,CONTROLLED ACCESS - INTERSECTION (WITHIN)              ,FOUR-WAY INTERSECTION                                  ,"2-WAY, NOT DIVIDED                                     ",ANGLE (FRONT TO SIDE) (OTHER THAN LEFT TURN)           ,                         ,TPD_TRAFFIC_INCIDENTS,,,,,,
994566.160104986280203,447888.390091866254807,34265,1402070501  ,167208,2,2014-02-07T00:00:00.000Z,2242,FRI,0,0,0,3104      ,3104-INJURY TRAFFIC ACCIDENT/BICYCLE                   ,994566.16,447888.39,E 6TH ST                      ,INSIDE                                                 ,TUCSON              ,Approximately,10   ,Feet,S ,At,N 3RD AV                      ,        ,N ,3RD                                     ,AV  ,E ,6TH                                     ,ST  ,DARK-NOT LIGHTED                                       ,CLEAR                                                  ,                         ,NON-CONTROLLED ACCESS - INTERSECTION (WITHIN)          ,FOUR-WAY INTERSECTION                                  ,"2-WAY, NOT DIVIDED                                     ",LEFT TURN                                              ,                         ,TPD_TRAFFIC_INCIDENTS,,,,,,
998319.160104986280203,429790.029855646193027,34279,1902070448  ,208367,2,2019-02-07T00:00:00.000Z,1644,THU,0,0,0,3204      ,3204-PROP DMG TRAF ACCIDENT/BICYCLE                    ,998319.16,429790.03,E AJO WY                      ,INSIDE                                                 ,TUCSON              ,N/A,     ,N/A,  ,At,E BENSON HY                   ,        ,E ,AJO                                     ,WY  ,E ,BENSON                                  ,HY  ,DAYLIGHT                                               ,CLEAR                                                  ,                         ,NON-CONTROLLED ACCESS - INTERSECTION (WITHIN)          ,FOUR-WAY INTERSECTION                                  ,"2-WAY, NOT DIVIDED WITH CONT LEFT TURN LANE            ",OTHER                                                  ,PEDALCYCLE               ,TPD_TRAFFIC_INCIDENTS,\\central\data\Transportation\Traffic\Accident Data\2019\1902070448.pdf,,,,,
1028832.87992126122117,435193.229986876249313,34282,1703140488  ,191925,2,2017-03-14T00:00:00.000Z,1718,TUE,0,0,0,3104      ,3104-INJURY TRAFFIC ACCIDENT/BICYCLE                   ,1028832.88,435193.23,GOLF LINKS RD E               ,INSIDE                                                 ,TUCSON              ,Approximately,.1   ,Miles,W ,From,CALLE POLAR E                 ,        ,S ,CALLE POLAR                             ,    ,E ,GOLF LINKS                              ,RD  ,DAYLIGHT                                               ,CLEAR                                                  ,                         ,NON-CONTROLLED ACCESS - DRIVEWAY                       ,T-INTERSECTION                                         ,"2-WAY, DIVIDED, UNPROT (PAINTED > 4 FEET) MEDIAN       ",ANGLE (FRONT TO SIDE) (OTHER THAN LEFT TURN)           ,                         ,TPD_TRAFFIC_INCIDENTS,\\central\data\Transportation\Traffic\Accident Data\2017\1703140488.pdf,,,,,
992195.509842518717051,447855.970144353806973,34316,1304250424  ,161563,2,2013-04-25T00:00:00.000Z,1630,THU,0,0,0,3104      ,3104-INJURY TRAFFIC ACCIDENT/BICYCLE                   ,992195.51,447855.97,E 6TH ST                      ,INSIDE                                                 ,TUCSON              ,N/A,     ,N/A,  ,At,N STONE AV                    ,        ,E ,6TH                                     ,ST  ,N ,STONE                                   ,AV  ,DAYLIGHT                                               ,CLEAR                                                  ,                         ,NON-CONTROLLED ACCESS - INTERSECTION-RELATED           ,FOUR-WAY INTERSECTION                                  ,"2-WAY, NOT DIVIDED                                     ",OTHER                                                  ,RT TURN W/BICYCLE SM DIR ,TPD_TRAFFIC_INCIDENTS,,,,,,
997532.43996062874794,450327.5,34343,1309200015  ,164595,2,2013-09-20T00:00:00.000Z,1231,FRI,0,0,0,3104      ,3104-INJURY TRAFFIC ACCIDENT/BICYCLE                   ,997532.44,450327.5,E 2ND ST                      ,INSIDE                                                 ,TUCSON              ,Approximately,100  ,Feet,W ,At,PALM AV                       ,1103    ,E ,2ND                                     ,ST  ,  ,                                        ,    ,DAYLIGHT                                               ,CLEAR                                                  ,                         ,NON-CONTROLLED ACCESS - ALLEY-ACCESS-RELATED           ,T-INTERSECTION                                         ,"2-WAY, NOT DIVIDED                                     ",ANGLE (FRONT TO SIDE) (OTHER THAN LEFT TURN)           ,                         ,TPD_TRAFFIC_INCIDENTS,,,,,,