X,Y,OBJECTID,acci_id,tamainid,numunits,AccidentDate,AccidentTime,DayOfWeek,WasFatal,WasHitAndRun,TransImmedMedCare,UCRCode,UCRDescription,CoordX,CoordY,Location,Inside_Outside,City,Accuracy,Distance,Units,Direction,From_At,IntersectingStreet,AddrNumber,AddrDirection,AddrStreetName,AddrStreetNameSuffix,CrossStreetDirection,CrossStreetName,CrossStreetSuffix,LightConditionDescription,WeatherDescription,WeatherOther,RelationDescription,IntersectionTypeDescription,RoadConfigurationDescription,MannerOfCrashDescription,MannerOfCrashOther,DATASOURCE,URL,F7Days,F28Days,COMPSTAT_28D,WEEKLY_7D,AccidentDateTime
983859.970144357532263,437516.799868769943714,34352,1308210480  ,163947,2,2013-08-21T00:00:00.000Z,1844,WED,0,1,0,3114      ,3114-INJURY TRAF ACCIDENT/HIT & RUN/BICYCLE            ,983859.97,437516.8,W SAN JUAN TR                 ,INSIDE                                                 ,TUCSON              ,Approximately,10   ,Feet,E ,From,S SAN ANTONIO DR              ,        ,S ,SAN ANTONIO                             ,DR  ,W ,SAN JUAN                                ,TR  ,DAYLIGHT                                               ,CLEAR                                                  ,                         ,NON-CONTROLLED ACCESS - INTERSECTION-RELATED           ,FOUR-WAY INTERSECTION                                  ,"2-WAY, NOT DIVIDED                                     ",OTHER                                                  ,                         ,TPD_TRAFFIC_INCIDENTS,,,,,,
976759.62992126122117,450723.359908133745193,34361,1303300411  ,161052,2,2013-03-30T00:00:00.000Z,1508,SAT,0,0,1,3104      ,3104-INJURY TRAFFIC ACCIDENT/BICYCLE                   ,976759.63,450723.36,W SPEEDWAY BL                 ,INSIDE                                                 ,TUCSON              ,N/A,     ,N/A,  ,At,N GREASEWOOD RD               ,        ,N ,GREASEWOOD                              ,RD  ,W ,SPEEDWAY                                ,BL  ,DAYLIGHT                                               ,CLEAR                                                  ,                         ,NON-CONTROLLED ACCESS - INTERSECTION (WITHIN)          ,FOUR-WAY INTERSECTION                                  ,"2-WAY, NOT DIVIDED WITH CONT LEFT TURN LANE            ",REAR END (FRONT TO REAR)                               ,                         ,TPD_TRAFFIC_INCIDENTS,,,,,,
1019239.470144357532263,456454.549868769943714,34379,1709010186  ,196133,2,2017-09-01T00:00:00.000Z,0943,FRI,0,0,0,3104      ,3104-INJURY TRAFFIC ACCIDENT/BICYCLE                   ,1019239.47,456454.55,E GRANT RD                    ,INSIDE                                                 ,TUCSON              ,Approximately,60   ,Feet,E ,From,N ROSEMONT BL                 ,        ,E ,GRANT                                   ,RD  ,N ,ROSEMONT                                ,BL  ,DAYLIGHT                                               ,CLEAR                                                  ,                         ,NON-CONTROLLED ACCESS - DRIVEWAY                       ,FOUR-WAY INTERSECTION                                  ,"2-WAY, DIVIDED, UNPROT (PAINTED > 4 FEET) MEDIAN       ",SINGLE VEHICLE                                         ,                         ,TPD_TRAFFIC_INCIDENTS,\\central\data\Transportation\Traffic\Accident Data\2017\1709010186.pdf,,,,,
995454.0,452559.12992125749588,34387,1505100310  ,175798,2,2015-05-10T00:00:00.000Z,1957,SUN,0,0,0,3104      ,3104-INJURY TRAFFIC ACCIDENT/BICYCLE                   ,995454,452559.13,W ADAMS ST                    ,INSIDE                                                 ,TUCSON              ,N/A,     ,N/A,  ,At,N 1ST AV                      ,        ,N ,1ST                                     ,AV  ,E ,ADAMS                                   ,ST  ,DUSK                                                   ,CLEAR                                                  ,                         ,CONTROLLED ACCESS - INTERSECTION (WITHIN)              ,FOUR-WAY INTERSECTION                                  ,"2-WAY, NOT DIVIDED                                     ",SINGLE VEHICLE                                         ,                         ,TPD_TRAFFIC_INCIDENTS,,,,,,
1008641.06003937125206,456295.020013123750687,34393,1303260204  ,161196,2,2013-03-26T00:00:00.000Z,0945,TUE,0,1,0,3114      ,3114-INJURY TRAF ACCIDENT/HIT & RUN/BICYCLE            ,1008641.06,456295.02,E GRANT RD                    ,INSIDE                                                 ,TUCSON              ,Approximately,60   ,Feet,W ,From,N PALO VERDE AV               ,        ,E ,GRANT                                   ,RD  ,N ,PALO VERDE                              ,AV  ,DAYLIGHT                                               ,CLEAR                                                  ,                         ,NOT JUNCTION RELATED                                   ,FOUR-WAY INTERSECTION                                  ,"2-WAY, NOT DIVIDED                                     ",ANGLE (FRONT TO SIDE) (OTHER THAN LEFT TURN)           ,                         ,TPD_TRAFFIC_INCIDENTS,,,,,,
1020602.62007873877883,451201.160104990005493,34396,1405220279  ,169098,2,2014-05-22T00:00:00.000Z,1430,THU,0,0,0,3204      ,3204-PROP DMG TRAF ACCIDENT/BICYCLE                    ,1020602.62,451201.16,E SPEEDWAY BL                 ,INSIDE                                                 ,TUCSON              ,N/A,     ,N/A,  ,At,N BEVERLY AV                  ,        ,N ,BEVERLY                                 ,AV  ,E ,SPEEDWAY                                ,BL  ,DAYLIGHT                                               ,CLEAR                                                  ,                         ,NON-CONTROLLED ACCESS - INTERSECTION (WITHIN)          ,T-INTERSECTION                                         ,ONE WAY TRAFFICWAY                                     ,SINGLE VEHICLE                                         ,                         ,TPD_TRAFFIC_INCIDENTS,,,,,,
1004674.87007873877883,456209.160104990005493,34443,1812130512  ,207049,2,2018-12-13T00:00:00.000Z,1802,THU,0,1,0,3214      ,3214-PROP DMG TRAF ACCIDENT/HIT & RUN/BICYCLE          ,1004674.87,456209.16,TREAT AV                      ,INSIDE                                                 ,TUCSON              ,N/A,     ,N/A,  ,At,GRANT RD                      ,        ,E ,GRANT                                   ,RD  ,N ,TREAT                                   ,AV  ,DARK-LIGHTED                                           ,CLEAR                                                  ,                         ,NON-CONTROLLED ACCESS - INTERSECTION (WITHIN)          ,FOUR-WAY INTERSECTION                                  ,"2-WAY, NOT DIVIDED                                     ",OTHER                                                  ,PEDALCYCLE               ,TPD_TRAFFIC_INCIDENTS,\\central\data\Transportation\Traffic\Accident Data\2018\1812130512.pdf,,,,,
990267.410104986280203,452137.779855646193027,34446,1306100241  ,162562,2,2013-06-10T00:00:00.000Z,1203,MON,0,0,0,3104      ,3104-INJURY TRAFFIC ACCIDENT/BICYCLE                   ,990267.41,452137.78,N ORACLE RD                   ,INSIDE                                                 ,TUCSON              ,Approximately,200  ,Feet,N ,From,W DRACHMAN ST                 ,        ,W ,DRACHMAN                                ,ST  ,N ,ORACLE                                  ,RD  ,DAYLIGHT                                               ,CLEAR                                                  ,                         ,NON-CONTROLLED ACCESS - DRIVEWAY                       ,UNKNOWN                                                ,"2-WAY, DIVIDED POSITIVE MEDIAN BARRIER                 ",ANGLE (FRONT TO SIDE) (OTHER THAN LEFT TURN)           ,                         ,TPD_TRAFFIC_INCIDENTS,,,,,,
990267.410104986280203,452137.779855646193027,34447,1310110318  ,165003,2,2013-10-11T00:00:00.000Z,1735,FRI,0,0,0,3204      ,3204-PROP DMG TRAF ACCIDENT/BICYCLE                    ,990267.41,452137.78,W DRACHMAN ST                 ,INSIDE                                                 ,TUCSON              ,Approximately,5    ,Feet,  ,At,N ORACLE RD                   ,        ,W ,DRACHMAN                                ,ST  ,N ,ORACLE                                  ,RD  ,DAYLIGHT                                               ,CLEAR                                                  ,                         ,NON-CONTROLLED ACCESS - INTERSECTION-RELATED           ,T-INTERSECTION                                         ,"2-WAY, NOT DIVIDED                                     ",REAR END (FRONT TO REAR)                               ,                         ,TPD_TRAFFIC_INCIDENTS,,,,,,
1012605.089895013719797,456381.410104990005493,34470,1812150411  ,207098,2,2018-12-15T00:00:00.000Z,1803,SAT,0,0,0,3204      ,3204-PROP DMG TRAF ACCIDENT/BICYCLE                    ,1012605.09,456381.41,GRANT RD E                    ,INSIDE                                                 ,TUCSON              ,Approximately,100  ,Feet,W ,From,WALNUT AV                     ,        ,E ,GRANT                                   ,RD  ,N ,WALNUT                                  ,AV  ,DARK-LIGHTED                                           ,CLEAR                                                  ,                         ,NON-CONTROLLED ACCESS - INTERSECTION-RELATED           ,FOUR-WAY INTERSECTION                                  ,"2-WAY, NOT DIVIDED WITH CONT LEFT TURN LANE            ",OTHER                                                  ,PEDALCYCLE               ,TPD_TRAFFIC_INCIDENTS,\\central\data\Transportation\Traffic\Accident Data\2018\1812150411.pdf,,,,,
1022714.56003937125206,437942.720144353806973,34482,1312300460  ,166523,2,2013-12-30T00:00:00.000Z,2009,MON,0,0,1,3104      ,3104-INJURY TRAFFIC ACCIDENT/BICYCLE                   ,1022714.56,437942.72,S JEFFERSON AV                ,INSIDE                                                 ,TUCSON              ,N/A,     ,N/A,  ,At,E 29TH ST                     ,        ,E ,29TH                                    ,ST  ,S ,JEFFERSON                               ,AV  ,DARK-UNKNOWN LIGHTING                                  ,CLEAR                                                  ,                         ,CONTROLLED ACCESS - INTERSECTION (WITHIN)              ,FOUR-WAY INTERSECTION                                  ,"2-WAY, NOT DIVIDED                                     ",OTHER                                                  ,FRONT TO SIDE            ,TPD_TRAFFIC_INCIDENTS,,,,,,
991433.56003937125206,450846.37992125749588,34522,1804050227  ,201451,2,2018-04-05T00:00:00.000Z,1106,THU,0,0,0,3204      ,3204-PROP DMG TRAF ACCIDENT/BICYCLE                    ,991433.56,450846.38,PERRY AV N                    ,INSIDE                                                 ,TUCSON              ,N/A,     ,N/A,  ,At,SPEEDWAY BL W                 ,        ,N ,PERRY                                   ,AV  ,W ,SPEEDWAY                                ,BL  ,DAYLIGHT                                               ,CLEAR                                                  ,                         ,NON-CONTROLLED ACCESS - INTERSECTION (WITHIN)          ,T-INTERSECTION                                         ,"2-WAY, NOT DIVIDED                                     ",OTHER                                                  ,PEDALCYCLIST             ,TPD_TRAFFIC_INCIDENTS,\\central\data\Transportation\Traffic\Accident Data\2018\1804050227.pdf,,,,,
999379.0,458778.410104990005493,34549,1311280263  ,165964,2,2013-11-28T00:00:00.000Z,1700,THU,0,0,0,3104      ,3104-INJURY TRAFFIC ACCIDENT/BICYCLE                   ,999379,458778.41,E GLENN ST                    ,INSIDE                                                 ,TUCSON              ,Approximately,3    ,Feet,W ,From,N CHERRY AV                   ,        ,N ,CHERRY                                  ,AV  ,E ,GLENN                                   ,ST  ,DAYLIGHT                                               ,CLEAR                                                  ,                         ,NOT JUNCTION RELATED                                   ,FOUR-WAY INTERSECTION                                  ,"2-WAY, NOT DIVIDED WITH CONT LEFT TURN LANE            ",HEAD-ON (FRONT-TO-FRONT) (OTHER THAN LEFT TURN)        ,                         ,TPD_TRAFFIC_INCIDENTS,,,,,,
1023321.5,451223.220144353806973,34552,1908200130  ,212955,2,2019-08-20T00:00:00.000Z,1054,TUE,0,1,0,3114      ,3114-INJURY TRAF ACCIDENT/HIT & RUN/BICYCLE            ,1023321.5,451223.22,VANBUREN AV                   ,INSIDE                                                 ,TUCSON              ,Approximately,UNK  ,Feet,N ,From,SPEEDWAY BL                   ,        ,E ,SPEEDWAY                                ,BL  ,N ,VAN BUREN                               ,AV  ,DAYLIGHT                                               ,CLEAR                                                  ,                         ,NON-CONTROLLED ACCESS - INTERSECTION-RELATED           ,T-INTERSECTION                                         ,"2-WAY, NOT DIVIDED                                     ",,PEDALCYCLE               ,TPD_TRAFFIC_INCIDENTS,\\central\data\Transportation\Traffic\Accident Data\2019\1908200130.pdf,,,,,
1002191.18996062874794,445674.910104990005493,34588,1806170001  ,202992,2,2018-06-16T00:00:00.000Z,2341,SAT,0,0,0,3104      ,3104-INJURY TRAFFIC ACCIDENT/BICYCLE                   ,1002191.19,445674.91,BROADWAY BL                   ,INSIDE                                                 ,TUCSON              ,Approximately,240  ,Feet,E ,From,PLUMER AV                     ,        ,E ,BROADWAY                                ,BL  ,N ,PLUMER                                  ,AV  ,DARK-LIGHTED                                           ,CLOUDY                                                 ,                         ,NOT JUNCTION RELATED                                   ,,"2-WAY, NOT DIVIDED WITH CONT LEFT TURN LANE            ",OTHER                                                  ,PEDICYCLE                ,TPD_TRAFFIC_INCIDENTS,\\central\data\Transportation\Traffic\Accident Data\2018\1806170001.pdf,,,,,
1040939.720144357532263,435279.839895009994507,34593,1310030422  ,164858,2,2013-10-03T00:00:00.000Z,1725,THU,0,0,0,3104      ,3104-INJURY TRAFFIC ACCIDENT/BICYCLE                   ,1040939.72,435279.84,E GOLF LINKS RD               ,INSIDE                                                 ,TUCSON              ,N/A,     ,N/A,  ,At,S SARNOFF DR                  ,        ,E ,GOLF LINKS                              ,RD  ,S ,SARNOFF                                 ,DR  ,DUSK                                                   ,CLEAR                                                  ,                         ,NON-CONTROLLED ACCESS - INTERSECTION (WITHIN)          ,T-INTERSECTION                                         ,"2-WAY, NOT DIVIDED WITH CONT LEFT TURN LANE            ",LEFT TURN                                              ,                         ,TPD_TRAFFIC_INCIDENTS,,,,,,
995909.93996062874794,453684.87992125749588,34605,1212010232  ,159193,2,2012-12-01T00:00:00.000Z,1115,SAT,0,0,0,3104      ,3104-INJURY TRAFFIC ACCIDENT/BICYCLE                   ,995909.94,453684.88,N EUCLID AV                   ,INSIDE                                                 ,TUCSON              ,N/A,     ,N/A,  ,At,E LESTER ST                   ,        ,N ,EUCLID                                  ,AV  ,E ,LESTER                                  ,ST  ,DAYLIGHT                                               ,CLEAR                                                  ,                         ,NON-CONTROLLED ACCESS - INTERSECTION (WITHIN)          ,FOUR-WAY INTERSECTION                                  ,"2-WAY, NOT DIVIDED WITH CONT LEFT TURN LANE            ",ANGLE (FRONT TO SIDE) (OTHER THAN LEFT TURN)           ,                         ,TPD_TRAFFIC_INCIDENTS,,,,,,
995909.93996062874794,453684.87992125749588,34607,1310160325  ,165086,2,2013-10-16T00:00:00.000Z,1510,WED,0,0,1,3104      ,3104-INJURY TRAFFIC ACCIDENT/BICYCLE                   ,995909.94,453684.88,N EUCLID AV                   ,INSIDE                                                 ,TUCSON              ,N/A,     ,N/A,  ,At,E LESTER ST                   ,        ,N ,EUCLID                                  ,AV  ,E ,LESTER                                  ,ST  ,DAYLIGHT                                               ,CLEAR                                                  ,                         ,NON-CONTROLLED ACCESS - INTERSECTION (WITHIN)          ,FOUR-WAY INTERSECTION                                  ,"2-WAY, NOT DIVIDED                                     ",ANGLE (FRONT TO SIDE) (OTHER THAN LEFT TURN)           ,                         ,TPD_TRAFFIC_INCIDENTS,,,,,,
998069.43996062874794,458772.279855646193027,34638,1802120163  ,200190,2,2018-02-12T00:00:00.000Z,0804,MON,0,0,0,3104      ,3104-INJURY TRAFFIC ACCIDENT/BICYCLE                   ,998069.44,458772.28,MOUNTAIN AV                   ,INSIDE                                                 ,TUCSON              ,N/A,     ,N/A,  ,At,GLENN ST                      ,        ,E ,GLENN                                   ,ST  ,N ,MOUNTAIN                                ,AV  ,DAYLIGHT                                               ,CLEAR                                                  ,                         ,NON-CONTROLLED ACCESS - INTERSECTION (WITHIN)          ,FOUR-WAY INTERSECTION                                  ,"2-WAY, NOT DIVIDED WITH CONT LEFT TURN LANE            ",OTHER                                                  ,PEDALCYCLE               ,TPD_TRAFFIC_INCIDENTS,\\central\data\Transportation\Traffic\Accident Data\2018\1802120163.pdf,,,,,
998069.43996062874794,458772.279855646193027,34640,1902140240  ,208538,2,2019-02-14T00:00:00.000Z,1031,THU,0,1,0,3114      ,3114-INJURY TRAF ACCIDENT/HIT & RUN/BICYCLE            ,998069.44,458772.28,GLENN ST E                    ,INSIDE                                                 ,TUCSON              ,Approximately,UNK  ,Feet,W ,From,MOUNTAIN AV N                 ,        ,E ,GLENN                                   ,ST  ,N ,MOUNTAIN                                ,AV  ,DAYLIGHT                                               ,CLOUDY                                                 ,                         ,NON-CONTROLLED ACCESS - INTERSECTION-RELATED           ,FOUR-WAY INTERSECTION                                  ,"2-WAY, NOT DIVIDED WITH CONT LEFT TURN LANE            ",OTHER                                                  ,PEDALCYCLE               ,TPD_TRAFFIC_INCIDENTS,\\central\data\Transportation\Traffic\Accident Data\2019\1902140240.pdf,,,,,
998062.37992126122117,455974.919947504997253,34663,1809260611  ,205150,2,2018-09-26T00:00:00.000Z,2158,WED,0,0,0,3204      ,3204-PROP DMG TRAF ACCIDENT/BICYCLE                    ,998062.38,455974.92,N MOUNTAIN AV                 ,,TUCSON              ,N/A,     ,N/A,  ,At,E GRANT  RD                   ,        ,E ,GRANT                                   ,RD  ,N ,MOUNTAIN                                ,AV  ,DARK-LIGHTED                                           ,CLEAR                                                  ,                         ,NON-CONTROLLED ACCESS - INTERSECTION (WITHIN)          ,FOUR-WAY INTERSECTION                                  ,"2-WAY, NOT DIVIDED                                     ",OTHER                                                  ,PEDALCYCLE               ,TPD_TRAFFIC_INCIDENTS,\\central\data\Transportation\Traffic\Accident Data\2018\1809260611.pdf,,,,,
998062.37992126122117,455974.919947504997253,34668,1901130373  ,207754,2,2019-01-13T00:00:00.000Z,1805,SUN,0,0,0,3104      ,3104-INJURY TRAFFIC ACCIDENT/BICYCLE                   ,998062.38,455974.92,GRANT RD E                    ,INSIDE                                                 ,TUCSON              ,N/A,     ,N/A,  ,At,MOUNTAIN AV N                 ,        ,E ,GRANT                                   ,RD  ,N ,MOUNTAIN                                ,AV  ,DARK-LIGHTED                                           ,CLEAR                                                  ,                         ,NON-CONTROLLED ACCESS - INTERSECTION (WITHIN)          ,FOUR-WAY INTERSECTION                                  ,"2-WAY, NOT DIVIDED WITH CONT LEFT TURN LANE            ",OTHER                                                  ,PEDALCYCLE               ,TPD_TRAFFIC_INCIDENTS,\\central\data\Transportation\Traffic\Accident Data\2019\1901130373.pdf,,,,,
989783.31003937125206,445369.720144353806973,34715,1403080179  ,167780,2,2014-03-08T00:00:00.000Z,0823,SAT,0,0,0,3104      ,3104-INJURY TRAFFIC ACCIDENT/BICYCLE                   ,989783.31,445369.72,W CONGRESS ST                 ,INSIDE                                                 ,TUCSON              ,N/A,     ,N/A,  ,At,N FREEWAY                     ,        ,W ,CONGRESS                                ,ST  ,N ,FREEWAY                                 ,    ,DAYLIGHT                                               ,CLEAR                                                  ,                         ,NON-CONTROLLED ACCESS - INTERSECTION (WITHIN)          ,UNKNOWN                                                ,"2-WAY, DIVIDED POSITIVE MEDIAN BARRIER                 ",HEAD-ON (FRONT-TO-FRONT) (OTHER THAN LEFT TURN)        ,                         ,TPD_TRAFFIC_INCIDENTS,,,,,,
1020764.160104986280203,445912.080052495002747,34745,1208230077  ,157814,2,2012-08-23T00:00:00.000Z,0803,THU,0,0,0,3104      ,3104-INJURY TRAFFIC ACCIDENT/BICYCLE                   ,1020764.16,445912.08,BROADWAY BL E                 ,INSIDE                                                 ,TUCSON              ,N/A,     ,N/A,  ,At,BEVERLY AV                    ,        ,N ,BEVERLY                                 ,AV  ,E ,BROADWAY                                ,BL  ,DAYLIGHT                                               ,CLEAR                                                  ,                         ,NON-CONTROLLED ACCESS - INTERSECTION (WITHIN)          ,T-INTERSECTION                                         ,"2-WAY, DIVIDED POSITIVE MEDIAN BARRIER                 ",ANGLE (FRONT TO SIDE) (OTHER THAN LEFT TURN)           ,                         ,TPD_TRAFFIC_INCIDENTS,,,,,,
1043209.93996062874794,447190.910104990005493,34747,1309200118  ,164583,2,2013-09-20T00:00:00.000Z,0734,FRI,0,0,0,3104      ,3104-INJURY TRAFFIC ACCIDENT/BICYCLE                   ,1043209.94,447190.91,E VICKSBURG ST                ,INSIDE                                                 ,TUCSON              ,N/A,     ,N/A,  ,At,N CAMINO SECO                 ,        ,N ,CAMINO SECO                             ,    ,E ,VICKSBURG                               ,ST  ,DAYLIGHT                                               ,CLEAR                                                  ,                         ,NON-CONTROLLED ACCESS - INTERSECTION (WITHIN)          ,FOUR-WAY INTERSECTION                                  ,,ANGLE (FRONT TO SIDE) (OTHER THAN LEFT TURN)           ,                         ,TPD_TRAFFIC_INCIDENTS,,,,,,
984670.970144357532263,448274.080052495002747,34768,1806260370  ,203167,2,2018-06-26T00:00:00.000Z,1501,TUE,0,0,0,3104      ,3104-INJURY TRAFFIC ACCIDENT/BICYCLE                   ,984670.97,448274.08,ST MARYS RD                   ,INSIDE                                                 ,TUCSON              ,Approximately,UNK  ,Feet,E ,From,SHAWNEE AV                    ,        ,W ,SAINT MARYS                             ,RD  ,N ,SHAWNEE                                 ,AV  ,DAYLIGHT                                               ,CLEAR                                                  ,                         ,NON-CONTROLLED ACCESS - INTERSECTION-RELATED           ,FOUR-WAY INTERSECTION                                  ,"2-WAY, NOT DIVIDED WITH CONT LEFT TURN LANE            ",OTHER                                                  ,PEDALCYCLE               ,TPD_TRAFFIC_INCIDENTS,\\central\data\Transportation\Traffic\Accident Data\2018\1806260370.pdf,,,,,
1010775.470144357532263,456352.419947504997253,34846,1902280437  ,208900,2,2019-02-28T00:00:00.000Z,1453,THU,0,0,0,3204      ,3204-PROP DMG TRAF ACCIDENT/BICYCLE                    ,1010775.47,456352.42,E GRANT RD                    ,INSIDE                                                 ,TUCSON              ,Approximately,3    ,Feet,N ,From,N ELAINE BL                   ,        ,N ,ELAINE                                  ,BL  ,E ,GRANT                                   ,RD  ,DAYLIGHT                                               ,CLEAR                                                  ,                         ,NON-CONTROLLED ACCESS - INTERSECTION-RELATED           ,T-INTERSECTION                                         ,"2-WAY, NOT DIVIDED WITH CONT LEFT TURN LANE            ",OTHER                                                  ,PEDALCYCLE               ,TPD_TRAFFIC_INCIDENTS,\\central\data\Transportation\Traffic\Accident Data\2019\1902280437.pdf,,,,,
988525.31003937125206,450755.160104990005493,34896,1704150246  ,192826,2,2017-04-15T00:00:00.000Z,1308,SAT,0,0,0,3104      ,3104-INJURY TRAFFIC ACCIDENT/BICYCLE                   ,988525.31,450755.16,SPEEDWAY BL W                 ,INSIDE                                                 ,TUCSON              ,Approximately,UNK  ,Feet,E ,From,FREEWAY N                     ,        ,N ,FREEWAY                                 ,    ,W ,SPEEDWAY                                ,BL  ,DAYLIGHT                                               ,CLEAR                                                  ,                         ,NON-CONTROLLED ACCESS - INTERSECTION-RELATED           ,FOUR-WAY INTERSECTION                                  ,"2-WAY, DIVIDED, UNPROT (PAINTED > 4 FEET) MEDIAN       ",SINGLE VEHICLE                                         ,                         ,TPD_TRAFFIC_INCIDENTS,\\central\data\Transportation\Traffic\Accident Data\2017\1704150246.pdf,,,,,
1027492.68996062874794,437352.330052495002747,34910,1305310143  ,162473,2,2013-05-31T00:00:00.000Z,0802,FRI,0,0,0,3114      ,3114-INJURY TRAF ACCIDENT/HIT & RUN/BICYCLE            ,1027492.69,437352.33,E CALLE AURORA                ,INSIDE                                                 ,TUCSON              ,Approximately,0    ,Feet,W ,At,S WILMOT RD                   ,        ,E ,CALLE AURORA                            ,    ,S ,WILMOT                                  ,RD  ,DAYLIGHT                                               ,CLEAR                                                  ,                         ,NON-CONTROLLED ACCESS - INTERSECTION-RELATED           ,T-INTERSECTION                                         ,"2-WAY, NOT DIVIDED                                     ",OTHER                                                  ,                         ,TPD_TRAFFIC_INCIDENTS,,,,,,
1015506.81003937125206,440523.12992125749588,34913,1901250494  ,208033,2,2019-01-25T00:00:00.000Z,1631,FRI,0,0,0,3104      ,3104-INJURY TRAFFIC ACCIDENT/BICYCLE                   ,1015506.81,440523.13,22ND ST                       ,INSIDE                                                 ,TUCSON              ,Approximately,30   ,Feet,W ,From,BELVEDERE AV                  ,        ,E ,22ND                                    ,ST  ,S ,BELVEDERE                               ,AV  ,DAYLIGHT                                               ,CLEAR                                                  ,                         ,NON-CONTROLLED ACCESS - INTERSECTION-RELATED           ,FOUR-WAY INTERSECTION                                  ,"2-WAY, DIVIDED, UNPROT (PAINTED > 4 FEET) MEDIAN       ",OTHER                                                  ,PEDALCYCLE               ,TPD_TRAFFIC_INCIDENTS,\\central\data\Transportation\Traffic\Accident Data\2019\1901250494.pdf,,,,,
1024690.68996062874794,448593.020013123750687,34922,1408080115  ,170339,2,2014-08-08T00:00:00.000Z,0817,FRI,0,0,0,3104      ,3104-INJURY TRAFFIC ACCIDENT/BICYCLE                   ,1024690.69,448593.02,E 5TH ST                      ,INSIDE                                                 ,TUCSON              ,N/A,     ,N/A,  ,At,N SAHUARA AV                  ,        ,E ,5TH                                     ,ST  ,N ,SAHUARA                                 ,AV  ,DAYLIGHT                                               ,CLEAR                                                  ,                         ,CONTROLLED ACCESS - INTERSECTION-RELATED               ,FOUR-WAY INTERSECTION                                  ,"2-WAY, DIVIDED, UNPROT (PAINTED > 4 FEET) MEDIAN       ",ANGLE (FRONT TO SIDE) (OTHER THAN LEFT TURN)           ,                         ,TPD_TRAFFIC_INCIDENTS,,,,,,
0,0,34931,1209200007  ,158239,2,2012-09-20T00:00:00.000Z,1336,THU,0,0,0,3104      ,3104-INJURY TRAFFIC ACCIDENT/BICYCLE                   ,0,0,HELEN ST E                    ,INSIDE                                                 ,TUCSON              ,N/A,     ,N/A,  ,At,SANTA RITA AVE                ,        ,N ,FREMONT                                 ,AV  ,E ,HELEN                                   ,ST  ,DAYLIGHT                                               ,CLEAR                                                  ,                         ,NON-CONTROLLED ACCESS - ALLEY-ACCESS-RELATED           ,FOUR-WAY INTERSECTION                                  ,"2-WAY, NOT DIVIDED                                     ",ANGLE (FRONT TO SIDE) (OTHER THAN LEFT TURN)           ,                         ,TPD_TRAFFIC_INCIDENTS,,,,,,
990140.899934384971857,458038.81003937125206,34937,1809280096  ,205185,2,2018-09-28T00:00:00.000Z,0748,FRI,0,0,0,3204      ,3204-PROP DMG TRAF ACCIDENT/BICYCLE                    ,990140.9,458038.81,KELSO ST W                    ,INSIDE                                                 ,TUCSON              ,Approximately,UNK  ,Feet,W ,From,ORACLE RD N                   ,        ,W ,KELSO                                   ,ST  ,N ,ORACLE                                  ,RD  ,DAYLIGHT                                               ,CLEAR                                                  ,                         ,NON-CONTROLLED ACCESS - INTERSECTION-RELATED           ,FOUR-WAY INTERSECTION                                  ,"2-WAY, NOT DIVIDED                                     ",OTHER                                                  ,PEDALCYCLE               ,TPD_TRAFFIC_INCIDENTS,\\central\data\Transportation\Traffic\Accident Data\2018\1809280096.pdf,,,,,
990417.450131233781576,446961.0,35013,1702210126  ,191335,2,2017-02-21T00:00:00.000Z,0814,TUE,0,0,1,3104      ,3104-INJURY TRAFFIC ACCIDENT/BICYCLE                   ,990417.45,446961,FRANKLIN ST W                 ,INSIDE                                                 ,TUCSON              ,Approximately,UNK  ,Feet,E ,From,GRANADA AV N                  ,        ,W ,FRANKLIN                                ,ST  ,N ,GRANADA                                 ,AV  ,DAYLIGHT                                               ,CLEAR                                                  ,                         ,NON-CONTROLLED ACCESS - INTERSECTION-RELATED           ,FOUR-WAY INTERSECTION                                  ,"2-WAY, NOT DIVIDED                                     ",SINGLE VEHICLE                                         ,                         ,TPD_TRAFFIC_INCIDENTS,\\central\data\Transportation\Traffic\Accident Data\2017\1702210126.pdf,,,,,
1038035.089895013719797,440551.520013123750687,35043,1710130543  ,197195,2,2017-10-13T00:00:00.000Z,1825,FRI,0,0,0,3104      ,3104-INJURY TRAFFIC ACCIDENT/BICYCLE                   ,1038035.09,440551.52,22ND ST E                     ,INSIDE                                                 ,TUCSON              ,N/A,     ,N/A,  ,At,PANTANO PW S                  ,        ,E ,22ND                                    ,ST  ,S ,PANTANO                                 ,PW  ,DARK-LIGHTED                                           ,CLEAR                                                  ,                         ,NON-CONTROLLED ACCESS - INTERSECTION (WITHIN)          ,FOUR-WAY INTERSECTION                                  ,"2-WAY, DIVIDED, UNPROT (PAINTED > 4 FEET) MEDIAN       ",SINGLE VEHICLE                                         ,                         ,TPD_TRAFFIC_INCIDENTS,\\central\data\Transportation\Traffic\Accident Data\2017\1710130543.pdf,,,,,