X,Y,OBJECTID,acci_id,tamainid,numunits,AccidentDate,AccidentTime,DayOfWeek,WasFatal,WasHitAndRun,TransImmedMedCare,UCRCode,UCRDescription,CoordX,CoordY,Location,Inside_Outside,City,Accuracy,Distance,Units,Direction,From_At,IntersectingStreet,AddrNumber,AddrDirection,AddrStreetName,AddrStreetNameSuffix,CrossStreetDirection,CrossStreetName,CrossStreetSuffix,LightConditionDescription,WeatherDescription,WeatherOther,RelationDescription,IntersectionTypeDescription,RoadConfigurationDescription,MannerOfCrashDescription,MannerOfCrashOther,DATASOURCE,URL,F7Days,F28Days,COMPSTAT_28D,WEEKLY_7D,AccidentDateTime
1009837.270013123750687,465525.770013123750687,35070,1711150128  ,198028,2,2017-11-15T00:00:00.000Z,0735,WED,0,0,0,3104      ,3104-INJURY TRAFFIC ACCIDENT/BICYCLE                   ,1009837.27,465525.77,RIVER RD E                    ,INSIDE                                                 ,TUCSON              ,Approximately,UNK  ,Feet,E ,From,DODGE BL N                    ,        ,N ,DODGE                                   ,BL  ,E ,RIVER                                   ,RD  ,DAYLIGHT                                               ,CLEAR                                                  ,                         ,NON-CONTROLLED ACCESS - DRIVEWAY                       ,T-INTERSECTION                                         ,"2-WAY, NOT DIVIDED WITH CONT LEFT TURN LANE            ",SINGLE VEHICLE                                         ,                         ,TPD_TRAFFIC_INCIDENTS,\\central\data\Transportation\Traffic\Accident Data\2017\1711150128.pdf,,,,,
1008041.81003937125206,451718.660104990005493,35088,1805290332  ,202654,2,2018-05-29T00:00:00.000Z,1454,TUE,0,0,0,3204      ,3204-PROP DMG TRAF ACCIDENT/BICYCLE                    ,1008041.81,451718.66,E BELLEVUE ST                 ,INSIDE                                                 ,TUCSON              ,N/A,     ,N/A,  ,At,N JONES BL                    ,        ,E ,BELLEVUE                                ,ST  ,N ,JONES                                   ,BL  ,DAYLIGHT                                               ,CLEAR                                                  ,                         ,NON-CONTROLLED ACCESS - INTERSECTION (WITHIN)          ,FOUR-WAY INTERSECTION                                  ,"2-WAY, NOT DIVIDED                                     ",OTHER                                                  ,PEDALCYCLE               ,TPD_TRAFFIC_INCIDENTS,\\central\data\Transportation\Traffic\Accident Data\2018\1805290332.pdf,,,,,
1011360.68996062874794,450782.529855646193027,35122,1308090366  ,163717,2,2013-08-09T00:00:00.000Z,1556,FRI,0,0,0,3104      ,3104-INJURY TRAFFIC ACCIDENT/BICYCLE                   ,1011360.69,450782.53,N ALVERNON WY                 ,INSIDE                                                 ,TUCSON              ,N/A,     ,N/A,  ,At,E 1ST ST                      ,        ,E ,1ST                                     ,ST  ,N ,ALVERNON                                ,WY  ,DAYLIGHT                                               ,CLEAR                                                  ,                         ,CONTROLLED ACCESS - INTERSECTION (WITHIN)              ,T-INTERSECTION                                         ,ONE WAY TRAFFICWAY                                     ,ANGLE (FRONT TO SIDE) (OTHER THAN LEFT TURN)           ,                         ,TPD_TRAFFIC_INCIDENTS,,,,,,
1020588.43996062874794,451861.37992125749588,35259,1807120303  ,203484,2,2018-07-12T00:00:00.000Z,1137,THU,0,0,1,3104      ,3104-INJURY TRAFFIC ACCIDENT/BICYCLE                   ,1020588.44,451861.38,BELLEVUE ST E                 ,INSIDE                                                 ,TUCSON              ,N/A,     ,N/A,  ,At,BEVERLY AV                    ,        ,E ,BELLEVUE                                ,ST  ,N ,BEVERLY                                 ,AV  ,DAYLIGHT                                               ,CLEAR                                                  ,                         ,NON-CONTROLLED ACCESS - INTERSECTION (WITHIN)          ,FOUR-WAY INTERSECTION                                  ,"2-WAY, NOT DIVIDED                                     ",OTHER                                                  ,PEDALCYCLE               ,TPD_TRAFFIC_INCIDENTS,\\central\data\Transportation\Traffic\Accident Data\2018\1807120303.pdf,,,,,
1015676.87992126122117,448482.100065618753433,35265,1907160136  ,212067,2,2019-07-16T00:00:00.000Z,0742,TUE,0,0,0,3104      ,3104-INJURY TRAFFIC ACCIDENT/BICYCLE                   ,1015676.88,448482.1,5TH ST                        ,INSIDE                                                 ,TUCSON              ,Approximately,UNK  ,Feet,N ,From,DESERT AV                     ,        ,E ,5TH                                     ,ST  ,N ,DESERT                                  ,AV  ,DAYLIGHT                                               ,CLOUDY                                                 ,                         ,NON-CONTROLLED ACCESS - INTERSECTION-RELATED           ,FOUR-WAY INTERSECTION                                  ,"2-WAY, NOT DIVIDED                                     ",OTHER                                                  ,PEDALCYCLE               ,TPD_TRAFFIC_INCIDENTS,\\central\data\Transportation\Traffic\Accident Data\2019\1907160136.pdf,,,,,
993380.410104986280203,432904.330052495002747,35266,1410020112  ,171269,2,2014-10-02T00:00:00.000Z,0811,THU,0,0,0,3204      ,3204-PROP DMG TRAF ACCIDENT/BICYCLE                    ,993380.41,432904.33,6TH AV S                      ,INSIDE                                                 ,TUCSON              ,Approximately,300  ,Feet,S ,From,I10 EXIT 261 OFF RAMP E       ,        ,S ,6TH                                     ,AV  ,E ,I10 EXIT 261 OFF RAMP                   ,    ,DAYLIGHT                                               ,CLEAR                                                  ,                         ,NOT JUNCTION RELATED                                   ,,"2-WAY, NOT DIVIDED                                     ",ANGLE (FRONT TO SIDE) (OTHER THAN LEFT TURN)           ,                         ,TPD_TRAFFIC_INCIDENTS,,,,,,
993380.410104986280203,432904.330052495002747,35268,1208240263  ,157856,2,2012-08-24T00:00:00.000Z,2041,FRI,0,0,0,3104      ,3104-INJURY TRAFFIC ACCIDENT/BICYCLE                   ,993380.41,432904.33,S 6TH AV                      ,INSIDE                                                 ,TUCSON              ,Approximately,10-15,Feet,E ,From,E  I10                        ,        ,S ,6TH                                     ,AV  ,E ,I10 EXIT 261 OFF RAMP                   ,    ,DARK-LIGHTED                                           ,CLEAR                                                  ,                         ,CONTROLLED ACCESS - INTERSECTION (WITHIN)              ,T-INTERSECTION                                         ,"2-WAY, DIVIDED POSITIVE MEDIAN BARRIER                 ","SIDESWIPE, OPPOSITE DIRECTION                          ",                         ,TPD_TRAFFIC_INCIDENTS,,,,,,
1051256.529855642467737,433589.81988188624382,35293,1512270225  ,180658,2,2015-12-27T00:00:00.000Z,1402,SUN,0,0,1,3104      ,3104-INJURY TRAFFIC ACCIDENT/BICYCLE                   ,1051256.53,433589.82,BONANZA AV S                  ,INSIDE                                                 ,TUCSON              ,N/A,     ,N/A,  ,At,FALCON POINT DR E             ,        ,S ,BONANZA                                 ,AV  ,E ,FALCON POINT                            ,DR  ,DAYLIGHT                                               ,CLEAR                                                  ,                         ,NON-CONTROLLED ACCESS - INTERSECTION (WITHIN)          ,FOUR-WAY INTERSECTION                                  ,"2-WAY, DIVIDED, UNPROT (PAINTED > 4 FEET) MEDIAN       ",SINGLE VEHICLE                                         ,                         ,TPD_TRAFFIC_INCIDENTS,,,,,,
1049544.75,440631.0,35311,1502180187  ,174605,2,2015-02-18T00:00:00.000Z,1151,WED,0,0,1,3104      ,3104-INJURY TRAFFIC ACCIDENT/BICYCLE                   ,1049544.75,440631,E 22ND ST                     ,INSIDE                                                 ,TUCSON              ,N/A,     ,N/A,  ,At,E OLD SPANISH TR              ,        ,E ,22ND                                    ,ST  ,E ,OLD SPANISH                             ,TR  ,DAYLIGHT                                               ,CLEAR                                                  ,                         ,NON-CONTROLLED ACCESS - INTERSECTION (WITHIN)          ,FOUR-WAY INTERSECTION                                  ,"2-WAY, NOT DIVIDED                                     ",SINGLE VEHICLE                                         ,                         ,TPD_TRAFFIC_INCIDENTS,,,,,,
997421.31003937125206,449719.0,35321,1602020005  ,181554,2,2016-02-02T00:00:00.000Z,1240,TUE,0,0,0,3104      ,3104-INJURY TRAFFIC ACCIDENT/BICYCLE                   ,997421.31,449719,JAMES E ROGERS WY E           ,INSIDE                                                 ,TUCSON              ,N/A,     ,N/A,  ,At,1100 E JAMES E ROGERS WY      ,1100    ,E ,JAMES E ROGERS                          ,WY  ,  ,                                        ,    ,DAYLIGHT                                               ,CLEAR                                                  ,                         ,NOT JUNCTION RELATED                                   ,UNKNOWN                                                ,"2-WAY, NOT DIVIDED                                     ","SIDESWIPE, OPPOSITE DIRECTION                          ",                         ,TPD_TRAFFIC_INCIDENTS,,,,,,
989984.56988188996911,443959.31988188624382,35367,1702070378  ,190931,2,2017-02-07T00:00:00.000Z,1540,TUE,0,0,0,3104      ,3104-INJURY TRAFFIC ACCIDENT/BICYCLE                   ,989984.57,443959.32,S FREEWAY                     ,INSIDE                                                 ,TUCSON              ,Approximately,50   ,Feet,N ,From,W CUSHING ST                  ,        ,W ,CUSHING                                 ,ST  ,S ,FREEWAY                                 ,    ,DAYLIGHT                                               ,CLEAR                                                  ,                         ,NOT JUNCTION RELATED                                   ,,ONE WAY TRAFFICWAY                                     ,SINGLE VEHICLE                                         ,                         ,TPD_TRAFFIC_INCIDENTS,\\central\data\Transportation\Traffic\Accident Data\2017\1702070378.pdf,,,,,
1011482.580052495002747,440502.68996062874794,35393,1503240005  ,174849,2,2015-03-23T00:00:00.000Z,2045,MON,0,1,0,3114      ,3114-INJURY TRAF ACCIDENT/HIT & RUN/BICYCLE            ,1011482.58,440502.69,ALVERNON WY S                 ,INSIDE                                                 ,TUCSON              ,Approximately,200  ,Feet,S ,From,22ND ST E                     ,        ,E ,22ND                                    ,ST  ,S ,ALVERNON                                ,WY  ,DAYLIGHT                                               ,CLEAR                                                  ,                         ,NON-CONTROLLED ACCESS - DRIVEWAY                       ,FOUR-WAY INTERSECTION                                  ,"2-WAY, DIVIDED POSITIVE MEDIAN BARRIER                 ",SINGLE VEHICLE                                         ,                         ,TPD_TRAFFIC_INCIDENTS,,,,,,
1011482.580052495002747,440502.68996062874794,35394,1411150448  ,172139,2,2014-11-15T00:00:00.000Z,2104,SAT,0,0,0,3204      ,3204-PROP DMG TRAF ACCIDENT/BICYCLE                    ,1011482.58,440502.69,S ALVERNON WY                 ,INSIDE                                                 ,TUCSON              ,N/A,     ,N/A,  ,At,E 22ND ST                     ,        ,E ,22ND                                    ,ST  ,S ,ALVERNON                                ,WY  ,DARK-LIGHTED                                           ,CLEAR                                                  ,                         ,NON-CONTROLLED ACCESS - INTERSECTION (WITHIN)          ,FOUR-WAY INTERSECTION                                  ,"2-WAY, DIVIDED, UNPROT (PAINTED > 4 FEET) MEDIAN       ",SINGLE VEHICLE                                         ,                         ,TPD_TRAFFIC_INCIDENTS,,,,,,
1003800.37007873877883,420402.0,35458,1902020397  ,208229,2,2019-02-02T00:00:00.000Z,1511,SAT,0,0,1,3104      ,3104-INJURY TRAFFIC ACCIDENT/BICYCLE                   ,1003800.37,420402,S TUCSON BL                   ,INSIDE                                                 ,TUCSON              ,Approximately,UNK  ,Feet,S ,From,S FORGEUS AV                  ,        ,S ,FORGEUS                                 ,AV  ,S ,TUCSON                                  ,BL  ,DAYLIGHT                                               ,CLEAR                                                  ,                         ,NON-CONTROLLED ACCESS - INTERSECTION-RELATED           ,T-INTERSECTION                                         ,"2-WAY, DIVIDED, UNPROT (PAINTED > 4 FEET) MEDIAN       ",OTHER                                                  ,PEDALCYCLE               ,TPD_TRAFFIC_INCIDENTS,\\central\data\Transportation\Traffic\Accident Data\2019\1902020397.pdf,,,,,
995942.339895013719797,408527.410104990005493,35538,1307090421  ,163139,2,2013-07-09T00:00:00.000Z,1845,TUE,0,0,0,3104      ,3104-INJURY TRAFFIC ACCIDENT/BICYCLE                   ,995942.34,408527.41,E LOS REALES RD               ,INSIDE                                                 ,PC                  ,Approximately,300  ,Feet,W ,From,S NOGALES HY                  ,        ,E ,LOS REALES                              ,RD  ,S ,NOGALES                                 ,HY  ,DAYLIGHT                                               ,CLEAR                                                  ,                         ,NON-CONTROLLED ACCESS - DRIVEWAY                       ,,"2-WAY, NOT DIVIDED                                     ",LEFT TURN                                              ,                         ,TPD_TRAFFIC_INCIDENTS,,,,,,
985552.93996062874794,444222.68996062874794,35580,1308290386  ,164100,2,2013-08-29T00:00:00.000Z,1834,THU,0,0,0,3204      ,3204-PROP DMG TRAF ACCIDENT/BICYCLE                    ,985552.94,444222.69,S CUESTA AV                   ,INSIDE                                                 ,TUCSON              ,N/A,     ,N/A,  ,At,W CEDAR ST                    ,        ,W ,CEDAR                                   ,ST  ,S ,CUESTA                                  ,AV  ,DAYLIGHT                                               ,CLEAR                                                  ,                         ,NOT JUNCTION RELATED                                   ,FOUR-WAY INTERSECTION                                  ,"2-WAY, DIVIDED, UNPROT (PAINTED > 4 FEET) MEDIAN       ",LEFT TURN                                              ,                         ,TPD_TRAFFIC_INCIDENTS,,,,,,
985552.93996062874794,444222.68996062874794,35584,1808110188  ,204094,2,2018-08-11T00:00:00.000Z,0839,SAT,0,1,0,3114      ,3114-INJURY TRAF ACCIDENT/HIT & RUN/BICYCLE            ,985552.94,444222.69,CEDAR ST                      ,INSIDE                                                 ,TUCSON              ,Approximately,UNK  ,Feet,E ,From,CUESTA AV                     ,        ,W ,CEDAR                                   ,ST  ,S ,CUESTA                                  ,AV  ,DAYLIGHT                                               ,CLEAR                                                  ,                         ,NON-CONTROLLED ACCESS - INTERSECTION-RELATED           ,T-INTERSECTION                                         ,"2-WAY, NOT DIVIDED                                     ",OTHER                                                  ,PEDALCYCLE               ,TPD_TRAFFIC_INCIDENTS,\\central\data\Transportation\Traffic\Accident Data\2018\1808110188.pdf,,,,,
1006200.049868766218424,440404.479986876249313,35596,1903140476  ,209249,2,2019-03-14T00:00:00.000Z,1551,THU,0,1,1,3114      ,3114-INJURY TRAF ACCIDENT/HIT & RUN/BICYCLE            ,1006200.05,440404.48,S COUNTRY CLUB                ,INSIDE                                                 ,TUCSON              ,Approximately,UNK  ,Feet,N ,From,E 22ND ST                     ,        ,E ,22ND                                    ,ST  ,S ,COUNTRY CLUB                            ,RD  ,DAYLIGHT                                               ,CLEAR                                                  ,                         ,NON-CONTROLLED ACCESS - INTERSECTION-RELATED           ,FOUR-WAY INTERSECTION                                  ,"2-WAY, DIVIDED, UNPROT (PAINTED > 4 FEET) MEDIAN       ",OTHER                                                  ,PEDAL CYCLE              ,TPD_TRAFFIC_INCIDENTS,\\central\data\Transportation\Traffic\Accident Data\2019\1903140476.pdf,,,,,
1006200.049868766218424,440404.479986876249313,35597,1905310336  ,211056,2,2019-05-31T00:00:00.000Z,1238,FRI,0,1,0,3114      ,3114-INJURY TRAF ACCIDENT/HIT & RUN/BICYCLE            ,1006200.05,440404.48,22ND ST E                     ,INSIDE                                                 ,TUCSON              ,Approximately,50   ,Feet,W ,From,COUNTRY CLUB RD S             ,        ,E ,22ND                                    ,ST  ,S ,COUNTRY CLUB                            ,RD  ,DAYLIGHT                                               ,CLEAR                                                  ,                         ,NON-CONTROLLED ACCESS - INTERSECTION-RELATED           ,FOUR-WAY INTERSECTION                                  ,"2-WAY, DIVIDED, UNPROT (PAINTED > 4 FEET) MEDIAN       ",,PEDALCYCLE               ,TPD_TRAFFIC_INCIDENTS,\\central\data\Transportation\Traffic\Accident Data\2019\1905310336.pdf,,,,,
1006200.049868766218424,440404.479986876249313,35599,1508120024  ,177832,2,2015-08-12T00:00:00.000Z,0057,WED,0,0,0,3204      ,3204-PROP DMG TRAF ACCIDENT/BICYCLE                    ,1006200.05,440404.48,22ND ST E                     ,INSIDE                                                 ,TUCSON              ,N/A,     ,N/A,  ,At,COUNTRY CLUB RD S             ,        ,E ,22ND                                    ,ST  ,S ,COUNTRY CLUB                            ,RD  ,DARK-LIGHTED                                           ,CLOUDY                                                 ,                         ,NON-CONTROLLED ACCESS - INTERSECTION (WITHIN)          ,FOUR-WAY INTERSECTION                                  ,"2-WAY, DIVIDED, UNPROT (PAINTED > 4 FEET) MEDIAN       ",SINGLE VEHICLE                                         ,                         ,TPD_TRAFFIC_INCIDENTS,,,,,,
986321.160104986280203,424328.18996062874794,35609,1506220478  ,176578,1,2015-06-22T00:00:00.000Z,1923,MON,0,0,0,3402      ,3402-OTHER VEHICLE ACCIDENTS/BICYCLE ACCIDENTS         ,986321.16,424328.19,W IRVINGTON RD                ,INSIDE                                                 ,TUCSON              ,Approximately,75   ,Feet,E ,From,S CALLE SANTA CRUZ            ,        ,S ,CALLE SANTA CRUZ                        ,    ,W ,IRVINGTON                               ,RD  ,DAYLIGHT                                               ,CLEAR                                                  ,                         ,NOT JUNCTION RELATED                                   ,FOUR-WAY INTERSECTION                                  ,"2-WAY, NOT DIVIDED                                     ",SINGLE VEHICLE                                         ,                         ,TPD_TRAFFIC_INCIDENTS,,,,,,
982595.770013123750687,429640.729986876249313,35636,1309110104  ,164376,2,2013-09-11T00:00:00.000Z,0809,WED,0,1,0,3114      ,3114-INJURY TRAF ACCIDENT/HIT & RUN/BICYCLE            ,982595.77,429640.73,W AJO WY                      ,INSIDE                                                 ,TUCSON              ,Approximately,1/4  ,Miles,E ,From,S MISSION RD                  ,        ,W ,AJO                                     ,WY  ,S ,MISSION                                 ,RD  ,DAYLIGHT                                               ,CLEAR                                                  ,                         ,NOT JUNCTION RELATED                                   ,FOUR-WAY INTERSECTION                                  ,"2-WAY, NOT DIVIDED WITH CONT LEFT TURN LANE            ",LEFT TURN                                              ,                         ,TPD_TRAFFIC_INCIDENTS,,,,,,
982595.770013123750687,429640.729986876249313,35647,1509010587  ,178022,2,2015-09-01T00:00:00.000Z,2137,TUE,0,0,1,3104      ,3104-INJURY TRAFFIC ACCIDENT/BICYCLE                   ,982595.77,429640.73,S MISSION RD                  ,INSIDE                                                 ,TUCSON              ,N/A,     ,N/A,  ,At,W AJO WY                      ,        ,W ,AJO                                     ,WY  ,S ,MISSION                                 ,RD  ,DARK-LIGHTED                                           ,CLEAR                                                  ,                         ,NON-CONTROLLED ACCESS - INTERSECTION (WITHIN)          ,FOUR-WAY INTERSECTION                                  ,"2-WAY, DIVIDED, UNPROT (PAINTED > 4 FEET) MEDIAN       ",SINGLE VEHICLE                                         ,                         ,TPD_TRAFFIC_INCIDENTS,,,,,,
977573.37992126122117,459320.5,35673,1802090218  ,200134,2,2018-02-09T00:00:00.000Z,1205,FRI,0,0,0,3104      ,3104-INJURY TRAFFIC ACCIDENT/BICYCLE                   ,977573.38,459320.5,SILVERBELL RD                 ,INSIDE                                                 ,TUCSON              ,N/A,     ,N/A,  ,At,SILVER ARROW DR               ,        ,W ,SILVER ARROW                            ,DR  ,N ,SILVERBELL                              ,RD  ,DAYLIGHT                                               ,CLEAR                                                  ,                         ,NON-CONTROLLED ACCESS - INTERSECTION (WITHIN)          ,T-INTERSECTION                                         ,"2-WAY, DIVIDED, UNPROT (PAINTED > 4 FEET) MEDIAN       ",OTHER                                                  ,PEDALCYCLE               ,TPD_TRAFFIC_INCIDENTS,\\central\data\Transportation\Traffic\Accident Data\2018\1802090218.pdf,,,,,
1010234.06003937125206,451105.089895009994507,35698,1504100090  ,175211,2,2015-04-10T00:00:00.000Z,0741,FRI,0,0,0,3204      ,3204-PROP DMG TRAF ACCIDENT/BICYCLE                    ,1010234.06,451105.09,DODGE BL N                    ,INSIDE                                                 ,TUCSON              ,N/A,     ,N/A,  ,At,SPEEDWAY BL E                 ,        ,N ,DODGE                                   ,BL  ,E ,SPEEDWAY                                ,BL  ,DAYLIGHT                                               ,CLEAR                                                  ,                         ,CONTROLLED ACCESS - INTERSECTION-RELATED               ,T-INTERSECTION                                         ,"2-WAY, NOT DIVIDED                                     ",ANGLE (FRONT TO SIDE) (OTHER THAN LEFT TURN)           ,                         ,TPD_TRAFFIC_INCIDENTS,,,,,,
1010234.06003937125206,451105.089895009994507,35699,1502040427  ,173857,2,2015-02-04T00:00:00.000Z,1629,WED,0,0,1,3104      ,3104-INJURY TRAFFIC ACCIDENT/BICYCLE                   ,1010234.06,451105.09,E SPEEDWAY BL                 ,INSIDE                                                 ,TUCSON              ,Approximately,UNK  ,Feet,E ,From,N DODGE BL                    ,        ,N ,DODGE                                   ,BL  ,E ,SPEEDWAY                                ,BL  ,DAYLIGHT                                               ,CLEAR                                                  ,                         ,NOT JUNCTION RELATED                                   ,,"2-WAY, DIVIDED POSITIVE MEDIAN BARRIER                 ",SINGLE VEHICLE                                         ,                         ,TPD_TRAFFIC_INCIDENTS,,,,,,
1001143.779855642467737,426538.649934381246567,35722,1608310318  ,186659,2,2016-08-31T00:00:00.000Z,1554,WED,0,0,0,3104      ,3104-INJURY TRAFFIC ACCIDENT/BICYCLE                   ,1001143.78,426538.65,BENSON HY E                   ,INSIDE                                                 ,TUCSON              ,Approximately,300  ,Feet,W ,From,CAMPBELL AV S                 ,        ,E ,BENSON                                  ,HY  ,S ,CAMPBELL                                ,AV  ,DAYLIGHT                                               ,CLOUDY                                                 ,                         ,NOT JUNCTION RELATED                                   ,,"2-WAY, DIVIDED, UNPROT (PAINTED > 4 FEET) MEDIAN       ",SINGLE VEHICLE                                         ,                         ,TPD_TRAFFIC_INCIDENTS,\\central\data\Transportation\Traffic\Accident Data\2016\1608310318.pdf,,,,,
1003616.729986876249313,424497.640091866254807,35749,1504150545  ,175317,2,2015-04-15T00:00:00.000Z,2130,WED,0,0,0,3104      ,3104-INJURY TRAFFIC ACCIDENT/BICYCLE                   ,1003616.73,424497.64,IRVINGTON RD E                ,INSIDE                                                 ,TUCSON              ,N/A,     ,N/A,  ,At,TUCSON BL S                   ,        ,E ,IRVINGTON                               ,RD  ,S ,TUCSON                                  ,BL  ,DARK-LIGHTED                                           ,CLOUDY                                                 ,                         ,CONTROLLED ACCESS - INTERSECTION (WITHIN)              ,FOUR-WAY INTERSECTION                                  ,"2-WAY, DIVIDED POSITIVE MEDIAN BARRIER                 ",SINGLE VEHICLE                                         ,                         ,TPD_TRAFFIC_INCIDENTS,,,,,,
992696.93996062874794,467929.06988188624382,35757,1508290439  ,177963,2,2015-08-29T00:00:00.000Z,1851,SAT,0,1,0,3214      ,3214-PROP DMG TRAF ACCIDENT/HIT & RUN/BICYCLE          ,992696.94,467929.07,LIMBERLOST DR E               ,INSIDE                                                 ,TUCSON              ,N/A,     ,N/A,  ,At,STONE AV N                    ,        ,E ,LIMBERLOST                              ,DR  ,N ,STONE                                   ,AV  ,DUSK                                                   ,CLOUDY                                                 ,                         ,NON-CONTROLLED ACCESS - INTERSECTION (WITHIN)          ,FOUR-WAY INTERSECTION                                  ,"2-WAY, NOT DIVIDED WITH CONT LEFT TURN LANE            ",SINGLE VEHICLE                                         ,                         ,TPD_TRAFFIC_INCIDENTS,,,,,,
998062.37992126122117,455974.919947504997253,35812,1901100576  ,207682,2,2019-01-10T00:00:00.000Z,1900,THU,0,0,1,3104      ,3104-INJURY TRAFFIC ACCIDENT/BICYCLE                   ,998062.38,455974.92,GRANT RD E                    ,INSIDE                                                 ,TUCSON              ,N/A,     ,N/A,  ,At,MOUNTAIN AV N                 ,        ,E ,GRANT                                   ,RD  ,N ,MOUNTAIN                                ,AV  ,DARK-LIGHTED                                           ,CLOUDY                                                 ,                         ,NON-CONTROLLED ACCESS - INTERSECTION (WITHIN)          ,FOUR-WAY INTERSECTION                                  ,"2-WAY, NOT DIVIDED WITH CONT LEFT TURN LANE            ",OTHER                                                  ,PEDALCYCLE               ,TPD_TRAFFIC_INCIDENTS,\\central\data\Transportation\Traffic\Accident Data\2019\1901100576.pdf,,,,,
998062.37992126122117,455974.919947504997253,35815,1702160126  ,191196,2,2017-02-16T00:00:00.000Z,0745,THU,0,0,0,3104      ,3104-INJURY TRAFFIC ACCIDENT/BICYCLE                   ,998062.38,455974.92,GRANT RD E                    ,INSIDE                                                 ,TUCSON              ,N/A,     ,N/A,  ,At,MOUNTAIN AV N                 ,        ,E ,GRANT                                   ,RD  ,N ,MOUNTAIN                                ,AV  ,DAYLIGHT                                               ,CLEAR                                                  ,                         ,NON-CONTROLLED ACCESS - INTERSECTION (WITHIN)          ,FOUR-WAY INTERSECTION                                  ,"2-WAY, NOT DIVIDED WITH CONT LEFT TURN LANE            ",SINGLE VEHICLE                                         ,                         ,TPD_TRAFFIC_INCIDENTS,\\central\data\Transportation\Traffic\Accident Data\2017\1702160126.pdf,,,,,
998062.37992126122117,455974.919947504997253,35823,1408120519  ,170415,2,2014-08-12T00:00:00.000Z,2137,TUE,0,0,1,3104      ,3104-INJURY TRAFFIC ACCIDENT/BICYCLE                   ,998062.38,455974.92,N MOUNTAIN AV                 ,INSIDE                                                 ,TUCSON              ,N/A,     ,N/A,  ,At,E GRANT RD                    ,        ,E ,GRANT                                   ,RD  ,N ,MOUNTAIN                                ,AV  ,DARK-LIGHTED                                           ,CLEAR                                                  ,                         ,NON-CONTROLLED ACCESS - INTERSECTION (WITHIN)          ,FOUR-WAY INTERSECTION                                  ,"2-WAY, NOT DIVIDED                                     ",ANGLE (FRONT TO SIDE) (OTHER THAN LEFT TURN)           ,                         ,TPD_TRAFFIC_INCIDENTS,,,,,,
996794.81003937125206,450919.68996062874794,35936,1409180453  ,171028,2,2014-09-18T00:00:00.000Z,1934,THU,0,0,0,3104      ,3104-INJURY TRAFFIC ACCIDENT/BICYCLE                   ,996794.81,450919.69,SPEEDWAY BL E                 ,INSIDE                                                 ,TUCSON              ,Approximately,25   ,Feet,W ,From,PARK AV N                     ,        ,N ,PARK                                    ,AV  ,E ,SPEEDWAY                                ,BL  ,DARK-LIGHTED                                           ,CLOUDY                                                 ,                         ,NON-CONTROLLED ACCESS - DRIVEWAY                       ,FOUR-WAY INTERSECTION                                  ,"2-WAY, DIVIDED POSITIVE MEDIAN BARRIER                 ",ANGLE (FRONT TO SIDE) (OTHER THAN LEFT TURN)           ,                         ,TPD_TRAFFIC_INCIDENTS,,,,,,
1020676.0,437915.839895009994507,35958,1402100189  ,167504,2,2014-02-10T00:00:00.000Z,1030,MON,0,0,0,3104      ,3104-INJURY TRAFFIC ACCIDENT/BICYCLE                   ,1020676,437915.84,E 29TH ST                     ,INSIDE                                                 ,TUCSON              ,N/A,     ,N/A,  ,At,S CLOVERLAND AV               ,        ,E ,29TH                                    ,ST  ,S ,CLOVERLAND                              ,AV  ,DAYLIGHT                                               ,CLEAR                                                  ,                         ,NON-CONTROLLED ACCESS - INTERSECTION-RELATED           ,T-INTERSECTION                                         ,"2-WAY, DIVIDED, UNPROT (PAINTED > 4 FEET) MEDIAN       ",ANGLE (FRONT TO SIDE) (OTHER THAN LEFT TURN)           ,                         ,TPD_TRAFFIC_INCIDENTS,,,,,,
1029800.81003937125206,455633.31003937125206,35972,1512010186  ,180074,2,2015-12-01T00:00:00.000Z,1107,TUE,0,0,0,3104      ,3104-INJURY TRAFFIC ACCIDENT/BICYCLE                   ,1029800.81,455633.31,TANQUE VERDE RD E             ,INSIDE                                                 ,TUCSON              ,Approximately,75   ,Feet,E ,From,KOLB RD N                     ,        ,N ,KOLB                                    ,RD  ,E ,TANQUE VERDE                            ,RD  ,DAYLIGHT                                               ,CLEAR                                                  ,                         ,NON-CONTROLLED ACCESS - INTERSECTION-RELATED           ,FOUR-WAY INTERSECTION                                  ,"2-WAY, DIVIDED, UNPROT (PAINTED > 4 FEET) MEDIAN       ",SINGLE VEHICLE                                         ,                         ,TPD_TRAFFIC_INCIDENTS,,,,,,