X,Y,OBJECTID,acci_id,tamainid,numunits,AccidentDate,AccidentTime,DayOfWeek,WasFatal,WasHitAndRun,TransImmedMedCare,UCRCode,UCRDescription,CoordX,CoordY,Location,Inside_Outside,City,Accuracy,Distance,Units,Direction,From_At,IntersectingStreet,AddrNumber,AddrDirection,AddrStreetName,AddrStreetNameSuffix,CrossStreetDirection,CrossStreetName,CrossStreetSuffix,LightConditionDescription,WeatherDescription,WeatherOther,RelationDescription,IntersectionTypeDescription,RoadConfigurationDescription,MannerOfCrashDescription,MannerOfCrashOther,DATASOURCE,URL,F7Days,F28Days,COMPSTAT_28D,WEEKLY_7D,AccidentDateTime
1000555.910104986280203,427211.31003937125206,35995,1811130091  ,206288,2,2018-11-13T00:00:00.000Z,0637,TUE,0,0,0,3104      ,3104-INJURY TRAFFIC ACCIDENT/BICYCLE                   ,1000555.91,427211.31,BENSON HY E                   ,INSIDE                                                 ,TUCSON              ,Approximately,100  ,Feet,E ,From,E FAIR ST                     ,        ,E ,BENSON                                  ,HY  ,E ,FAIR                                    ,ST  ,DAWN                                                   ,CLEAR                                                  ,                         ,NON-CONTROLLED ACCESS - INTERSECTION-RELATED           ,T-INTERSECTION                                         ,"2-WAY, DIVIDED, UNPROT (PAINTED > 4 FEET) MEDIAN       ",OTHER                                                  ,PEDALCYCLE               ,TPD_TRAFFIC_INCIDENTS,\\central\data\Transportation\Traffic\Accident Data\2018\1811130091.pdf,,,,,
1008816.43996062874794,445777.459973752498627,36061,1611030174  ,188405,2,2016-11-03T00:00:00.000Z,0940,THU,0,1,0,3114      ,3114-INJURY TRAF ACCIDENT/HIT & RUN/BICYCLE            ,1008816.44,445777.46,RANDOLPH WY S                 ,INSIDE                                                 ,TUCSON              ,Approximately,10   ,Feet,N ,From,BROADWAY BL E                 ,        ,E ,BROADWAY                                ,BL  ,S ,RANDOLPH                                ,WY  ,DAYLIGHT                                               ,CLEAR                                                  ,                         ,NON-CONTROLLED ACCESS - INTERSECTION-RELATED           ,FOUR-WAY INTERSECTION                                  ,"2-WAY, NOT DIVIDED WITH CONT LEFT TURN LANE            ",SINGLE VEHICLE                                         ,                         ,TPD_TRAFFIC_INCIDENTS,\\central\data\Transportation\Traffic\Accident Data\2016\1611030174.pdf,,,,,
1027455.910104986280203,440552.62007874250412,36096,1703030350  ,191646,2,2017-03-03T00:00:00.000Z,1402,FRI,0,0,1,3104      ,3104-INJURY TRAFFIC ACCIDENT/BICYCLE                   ,1027455.91,440552.62,E 22ND ST                     ,INSIDE                                                 ,TUCSON              ,Approximately,300  ,Feet,W ,From,S WILMOT RD                   ,        ,E ,22ND                                    ,ST  ,S ,WILMOT                                  ,RD  ,DAYLIGHT                                               ,CLOUDY                                                 ,                         ,NON-CONTROLLED ACCESS - DRIVEWAY                       ,FOUR-WAY INTERSECTION                                  ,"2-WAY, DIVIDED, UNPROT (PAINTED > 4 FEET) MEDIAN       ",SINGLE VEHICLE                                         ,                         ,TPD_TRAFFIC_INCIDENTS,\\central\data\Transportation\Traffic\Accident Data\2017\1703030350.pdf,,,,,
1027455.910104986280203,440552.62007874250412,36112,1407300442  ,170196,2,2014-07-30T00:00:00.000Z,1816,WED,0,1,0,3214      ,3214-PROP DMG TRAF ACCIDENT/HIT & RUN/BICYCLE          ,1027455.91,440552.62,22ND ST E                     ,INSIDE                                                 ,TUCSON              ,N/A,     ,N/A,  ,At,WILMOT RD S                   ,        ,E ,22ND                                    ,ST  ,S ,WILMOT                                  ,RD  ,DAYLIGHT                                               ,CLOUDY                                                 ,                         ,NON-CONTROLLED ACCESS - INTERSECTION (WITHIN)          ,FOUR-WAY INTERSECTION                                  ,"2-WAY, DIVIDED POSITIVE MEDIAN BARRIER                 ",ANGLE (FRONT TO SIDE) (OTHER THAN LEFT TURN)           ,                         ,TPD_TRAFFIC_INCIDENTS,,,,,,
1027516.509842518717051,435241.43996062874794,36165,1801300391  ,199874,2,2018-01-30T00:00:00.000Z,1530,TUE,0,0,0,3204      ,3204-PROP DMG TRAF ACCIDENT/BICYCLE                    ,1027516.51,435241.44,GOLF LINKS RD E               ,INSIDE                                                 ,TUCSON              ,Approximately,5    ,Feet,E ,From,WILMOT RD S                   ,        ,E ,GOLF LINKS                              ,RD  ,S ,WILMOT                                  ,RD  ,DAYLIGHT                                               ,CLEAR                                                  ,                         ,NON-CONTROLLED ACCESS - INTERSECTION-RELATED           ,FOUR-WAY INTERSECTION                                  ,"2-WAY, DIVIDED, UNPROT (PAINTED > 4 FEET) MEDIAN       ",OTHER                                                  ,PEDALCYCLIST             ,TPD_TRAFFIC_INCIDENTS,\\central\data\Transportation\Traffic\Accident Data\2018\1801300391.pdf,,,,,
1011354.220144357532263,451116.419947504997253,36192,1708080353  ,195469,2,2017-08-08T00:00:00.000Z,1316,TUE,0,0,1,3104      ,3104-INJURY TRAFFIC ACCIDENT/BICYCLE                   ,1011354.22,451116.42,ALVERNON WY N                 ,INSIDE                                                 ,TUCSON              ,Approximately,100  ,Feet,S ,From,SPEEDWAY BL E                 ,        ,N ,ALVERNON                                ,WY  ,E ,SPEEDWAY                                ,BL  ,DAYLIGHT                                               ,CLEAR                                                  ,                         ,NON-CONTROLLED ACCESS - DRIVEWAY                       ,FOUR-WAY INTERSECTION                                  ,"2-WAY, DIVIDED, UNPROT (PAINTED > 4 FEET) MEDIAN       ",SINGLE VEHICLE                                         ,                         ,TPD_TRAFFIC_INCIDENTS,\\central\data\Transportation\Traffic\Accident Data\2017\1708080353.pdf,,,,,
1011354.220144357532263,451116.419947504997253,36195,1611130406  ,188713,1,2016-11-13T00:00:00.000Z,1712,SUN,0,0,1,3402      ,3402-OTHER VEHICLE ACCIDENTS/BICYCLE ACCIDENTS         ,1011354.22,451116.42,E SPEEDWAY BL                 ,INSIDE                                                 ,TUCSON              ,N/A,     ,N/A,  ,At,N ALVERNON WY                 ,        ,N ,ALVERNON                                ,WY  ,E ,SPEEDWAY                                ,BL  ,DUSK                                                   ,CLEAR                                                  ,                         ,NON-CONTROLLED ACCESS - INTERSECTION (WITHIN)          ,FOUR-WAY INTERSECTION                                  ,"2-WAY, DIVIDED, UNPROT (PAINTED > 4 FEET) MEDIAN       ",OTHER                                                  ,BICYCLE ONLY             ,TPD_TRAFFIC_INCIDENTS,\\central\data\Transportation\Traffic\Accident Data\2016\1611130406.pdf,,,,,
1003363.43996062874794,455557.529855646193027,36208,1704140423  ,192812,2,2017-04-14T00:00:00.000Z,1837,FRI,0,0,0,3104      ,3104-INJURY TRAFFIC ACCIDENT/BICYCLE                   ,1003363.44,455557.53,E EDISON ST                   ,,TUCSON              ,N/A,     ,N/A,  ,At,N TUCSON BL                   ,        ,E ,EDISON                                  ,ST  ,N ,TUCSON                                  ,BL  ,DAYLIGHT                                               ,CLEAR                                                  ,                         ,NON-CONTROLLED ACCESS - INTERSECTION (WITHIN)          ,T-INTERSECTION                                         ,"2-WAY, NOT DIVIDED                                     ",ANGLE (FRONT TO SIDE) (OTHER THAN LEFT TURN)           ,                         ,TPD_TRAFFIC_INCIDENTS,\\central\data\Transportation\Traffic\Accident Data\2017\1704140423.pdf,,,,,
989033.410104986280203,424371.229986876249313,36228,1509060287  ,178111,2,2015-09-06T00:00:00.000Z,1337,SUN,0,1,1,3114      ,3114-INJURY TRAF ACCIDENT/HIT & RUN/BICYCLE            ,989033.41,424371.23,17TH AV S                     ,INSIDE                                                 ,TUCSON              ,N/A,     ,N/A,  ,At,IRVINGTON RD W                ,        ,S ,17TH                                    ,AV  ,W ,IRVINGTON                               ,RD  ,DAYLIGHT                                               ,CLEAR                                                  ,                         ,NON-CONTROLLED ACCESS - INTERSECTION (WITHIN)          ,T-INTERSECTION                                         ,"2-WAY, NOT DIVIDED WITH CONT LEFT TURN LANE            ",SINGLE VEHICLE                                         ,                         ,TPD_TRAFFIC_INCIDENTS,,,,,,
998118.25,452238.25,36255,1402170489  ,167426,2,2014-02-17T00:00:00.000Z,1935,MON,0,1,0,3114      ,3114-INJURY TRAF ACCIDENT/HIT & RUN/BICYCLE            ,998118.25,452238.25,N MOUNTAIN AV                 ,INSIDE                                                 ,TUCSON              ,N/A,     ,N/A,  ,At,E DRACHMAN ST                 ,        ,E ,DRACHMAN                                ,ST  ,N ,MOUNTAIN                                ,AV  ,DARK-LIGHTED                                           ,CLEAR                                                  ,                         ,NOT JUNCTION RELATED                                   ,FOUR-WAY INTERSECTION                                  ,"2-WAY, NOT DIVIDED                                     ",ANGLE (FRONT TO SIDE) (OTHER THAN LEFT TURN)           ,                         ,TPD_TRAFFIC_INCIDENTS,,,,,,
1007264.81003937125206,451055.390091866254807,36260,1502020408  ,173814,2,2015-02-02T00:00:00.000Z,1719,MON,0,0,0,3104      ,3104-INJURY TRAFFIC ACCIDENT/BICYCLE                   ,1007264.81,451055.39,E SPEEDWAY BL                 ,INSIDE                                                 ,TUCSON              ,N/A,     ,N/A,  ,At,N CAMINO MIRAMONTE            ,        ,N ,CAMINO MIRAMONTE                        ,    ,E ,SPEEDWAY                                ,BL  ,DAYLIGHT                                               ,CLEAR                                                  ,                         ,NON-CONTROLLED ACCESS - INTERSECTION (WITHIN)          ,T-INTERSECTION                                         ,"2-WAY, DIVIDED POSITIVE MEDIAN BARRIER                 ",SINGLE VEHICLE                                         ,                         ,TPD_TRAFFIC_INCIDENTS,,,,,,
993436.18996062874794,429376.169947504997253,36264,1602090455  ,181754,2,2016-02-09T00:00:00.000Z,1747,TUE,0,0,0,3104      ,3104-INJURY TRAFFIC ACCIDENT/BICYCLE                   ,993436.19,429376.17,6TH AV S                      ,INSIDE                                                 ,TUCSON              ,Approximately,5    ,Feet,N ,From,PRESIDENT ST E                ,        ,S ,6TH                                     ,AV  ,E ,PRESIDENT                               ,ST  ,DAYLIGHT                                               ,CLEAR                                                  ,                         ,NON-CONTROLLED ACCESS - INTERSECTION-RELATED           ,FOUR-WAY INTERSECTION                                  ,"2-WAY, NOT DIVIDED WITH CONT LEFT TURN LANE            ",SINGLE VEHICLE                                         ,                         ,TPD_TRAFFIC_INCIDENTS,,,,,,
1032594.339895013719797,451093.0,36342,1610220163  ,188068,2,2016-10-22T00:00:00.000Z,0757,SAT,0,0,0,3104      ,3104-INJURY TRAFFIC ACCIDENT/BICYCLE                   ,1032594.34,451093,SPEEDWAY BL E                 ,INSIDE                                                 ,TUCSON              ,N/A,     ,N/A,  ,At,KOLB RD N                     ,        ,N ,KOLB                                    ,RD  ,E ,SPEEDWAY                                ,BL  ,DAYLIGHT                                               ,CLEAR                                                  ,                         ,NON-CONTROLLED ACCESS - INTERSECTION (WITHIN)          ,FOUR-WAY INTERSECTION                                  ,"2-WAY, DIVIDED, UNPROT (PAINTED > 4 FEET) MEDIAN       ",SINGLE VEHICLE                                         ,                         ,TPD_TRAFFIC_INCIDENTS,\\central\data\Transportation\Traffic\Accident Data\2016\1610220163.pdf,,,,,
984357.540026247501373,437151.81988188624382,36420,1407190276  ,170456,2,2014-07-19T00:00:00.000Z,1326,SAT,0,0,0,3104      ,3104-INJURY TRAFFIC ACCIDENT/BICYCLE                   ,984357.54,437151.82,W SAN JUAN TR                 ,INSIDE                                                 ,TUCSON              ,N/A,     ,N/A,  ,At,S MISSION RD                  ,        ,S ,MISSION                                 ,RD  ,W ,SAN JUAN                                ,TR  ,DAYLIGHT                                               ,CLEAR                                                  ,                         ,NON-CONTROLLED ACCESS - INTERSECTION (WITHIN)          ,T-INTERSECTION                                         ,"2-WAY, DIVIDED POSITIVE MEDIAN BARRIER                 ",ANGLE (FRONT TO SIDE) (OTHER THAN LEFT TURN)           ,                         ,TPD_TRAFFIC_INCIDENTS,,,,,,
984357.540026247501373,437151.81988188624382,36421,1402210353  ,167507,2,2014-02-21T00:00:00.000Z,1637,FRI,0,0,1,3104      ,3104-INJURY TRAFFIC ACCIDENT/BICYCLE                   ,984357.54,437151.82,W SAN JUAN TR                 ,INSIDE                                                 ,TUCSON              ,N/A,     ,N/A,  ,At,S MISSION RD                  ,        ,S ,MISSION                                 ,RD  ,W ,SAN JUAN                                ,TR  ,DAYLIGHT                                               ,CLEAR                                                  ,                         ,NON-CONTROLLED ACCESS - INTERSECTION (WITHIN)          ,T-INTERSECTION                                         ,"2-WAY, DIVIDED POSITIVE MEDIAN BARRIER                 ",ANGLE (FRONT TO SIDE) (OTHER THAN LEFT TURN)           ,                         ,TPD_TRAFFIC_INCIDENTS,,,,,,
1000432.0,445641.890091866254807,36432,1603300230  ,182885,2,2016-03-30T00:00:00.000Z,1211,WED,0,0,1,3104      ,3104-INJURY TRAFFIC ACCIDENT/BICYCLE                   ,1000432,445641.89,BROADWAY BL E                 ,INSIDE                                                 ,TUCSON              ,N/A,     ,N/A,  ,At,MARTIN AV N                   ,        ,E ,BROADWAY                                ,BL  ,N ,MARTIN                                  ,AV  ,DAYLIGHT                                               ,CLOUDY                                                 ,                         ,NON-CONTROLLED ACCESS - INTERSECTION (WITHIN)          ,T-INTERSECTION                                         ,"2-WAY, NOT DIVIDED WITH CONT LEFT TURN LANE            ",SINGLE VEHICLE                                         ,                         ,TPD_TRAFFIC_INCIDENTS,,,,,,
1027360.609908137470484,451127.87007874250412,36497,1903020436  ,208956,2,2019-03-02T00:00:00.000Z,1748,SAT,0,0,0,3204      ,3204-PROP DMG TRAF ACCIDENT/BICYCLE                    ,1027360.61,451127.87,N WILMOT RD                   ,INSIDE                                                 ,TUCSON              ,Approximately,UNK  ,Feet,N ,From,E SPEEDWAY BL                 ,        ,E ,SPEEDWAY                                ,BL  ,N ,WILMOT                                  ,RD  ,DAYLIGHT                                               ,CLEAR                                                  ,                         ,NON-CONTROLLED ACCESS - INTERSECTION-RELATED           ,FOUR-WAY INTERSECTION                                  ,"2-WAY, DIVIDED, UNPROT (PAINTED > 4 FEET) MEDIAN       ",OTHER                                                  ,PEDALCYCLE               ,TPD_TRAFFIC_INCIDENTS,\\central\data\Transportation\Traffic\Accident Data\2019\1903020436.pdf,,,,,
1011335.62007873877883,453757.419947504997253,36520,1512190339  ,180529,2,2015-12-19T00:00:00.000Z,1815,SAT,0,0,1,3104      ,3104-INJURY TRAFFIC ACCIDENT/BICYCLE                   ,1011335.62,453757.42,ALVERNON WY N                 ,INSIDE                                                 ,TUCSON              ,N/A,     ,N/A,  ,At,PIMA ST E                     ,        ,N ,ALVERNON                                ,WY  ,E ,PIMA                                    ,ST  ,DARK-LIGHTED                                           ,CLEAR                                                  ,                         ,NON-CONTROLLED ACCESS - INTERSECTION (WITHIN)          ,FOUR-WAY INTERSECTION                                  ,"2-WAY, NOT DIVIDED WITH CONT LEFT TURN LANE            ",SINGLE VEHICLE                                         ,                         ,TPD_TRAFFIC_INCIDENTS,,,,,,
990250.029855642467737,450802.330052495002747,36522,1604250121  ,183511,2,2016-04-25T00:00:00.000Z,0731,MON,0,1,0,3114      ,3114-INJURY TRAF ACCIDENT/HIT & RUN/BICYCLE            ,990250.03,450802.33,MAIN AV N                     ,INSIDE                                                 ,TUCSON              ,Approximately,5    ,Feet,S ,From,SPEEDWAY BL W                 ,        ,N ,MAIN                                    ,AV  ,W ,SPEEDWAY                                ,BL  ,DAYLIGHT                                               ,CLEAR                                                  ,                         ,NON-CONTROLLED ACCESS - INTERSECTION (WITHIN)          ,FOUR-WAY INTERSECTION                                  ,"2-WAY, DIVIDED, UNPROT (PAINTED > 4 FEET) MEDIAN       ",SINGLE VEHICLE                                         ,                         ,TPD_TRAFFIC_INCIDENTS,\\central\data\Transportation\Traffic\Accident Data\2016\1604250121.pdf,,,,,
990250.029855642467737,450802.330052495002747,36523,1604170155  ,183303,2,2016-04-17T00:00:00.000Z,0826,SUN,0,0,1,3104      ,3104-INJURY TRAFFIC ACCIDENT/BICYCLE                   ,990250.03,450802.33,SPEEDWAY BL W                 ,INSIDE                                                 ,TUCSON              ,Approximately,26   ,Feet,W ,From,MAIN AV N                     ,        ,N ,MAIN                                    ,AV  ,W ,SPEEDWAY                                ,BL  ,DAYLIGHT                                               ,CLEAR                                                  ,                         ,NON-CONTROLLED ACCESS - INTERSECTION-RELATED           ,FOUR-WAY INTERSECTION                                  ,"2-WAY, DIVIDED, UNPROT (PAINTED > 4 FEET) MEDIAN       ",SINGLE VEHICLE                                         ,                         ,TPD_TRAFFIC_INCIDENTS,\\central\data\Transportation\Traffic\Accident Data\2016\1604170155.pdf,,,,,
988695.25,429676.919947504997253,36559,1607160346  ,185472,2,2016-07-16T00:00:00.000Z,1649,SAT,0,0,0,3104      ,3104-INJURY TRAFFIC ACCIDENT/BICYCLE                   ,988695.25,429676.92,AJO WY W                      ,INSIDE                                                 ,TUCSON              ,N/A,     ,N/A,  ,At,I19 EXIT 99 OFF RAMP N        ,        ,W ,AJO                                     ,WY  ,N ,I19 EXIT 99 OFF RAMP                    ,    ,DAYLIGHT                                               ,CLEAR                                                  ,                         ,CONTROLLED ACCESS - ENTRANCE/EXIT RAMP                 ,T-INTERSECTION                                         ,ONE WAY TRAFFICWAY                                     ,SINGLE VEHICLE                                         ,                         ,TPD_TRAFFIC_INCIDENTS,\\central\data\Transportation\Traffic\Accident Data\2016\1607160346.pdf,,,,,
990548.970144357532263,429686.93996062874794,36573,1801040208  ,199242,2,2018-01-04T00:00:00.000Z,0847,THU,0,0,0,3104      ,3104-INJURY TRAFFIC ACCIDENT/BICYCLE                   ,990548.97,429686.94,12TH AV                       ,INSIDE                                                 ,TUCSON              ,Approximately,UNK  ,Feet,S ,From,AJO WY                        ,        ,S ,12TH                                    ,AV  ,W ,AJO                                     ,WY  ,DAYLIGHT                                               ,CLEAR                                                  ,                         ,NON-CONTROLLED ACCESS - INTERSECTION-RELATED           ,FOUR-WAY INTERSECTION                                  ,"2-WAY, NOT DIVIDED WITH CONT LEFT TURN LANE            ",OTHER                                                  ,PEDALCYCLE               ,TPD_TRAFFIC_INCIDENTS,\\central\data\Transportation\Traffic\Accident Data\2018\1801040208.pdf,,,,,
990548.970144357532263,429686.93996062874794,36574,1801160509  ,199532,2,2018-01-16T00:00:00.000Z,1520,TUE,0,0,0,3104      ,3104-INJURY TRAFFIC ACCIDENT/BICYCLE                   ,990548.97,429686.94,AJO WY W                      ,INSIDE                                                 ,TUCSON              ,Approximately,60-80,Feet,E ,From,12TH AV S                     ,        ,S ,12TH                                    ,AV  ,W ,AJO                                     ,WY  ,DAYLIGHT                                               ,CLOUDY                                                 ,                         ,NON-CONTROLLED ACCESS - DRIVEWAY                       ,FOUR-WAY INTERSECTION                                  ,"2-WAY, NOT DIVIDED WITH CONT LEFT TURN LANE            ",OTHER                                                  ,PEDALCYCLE               ,TPD_TRAFFIC_INCIDENTS,\\central\data\Transportation\Traffic\Accident Data\2018\1801160509.pdf,,,,,
993380.649934384971857,456774.350065618753433,36588,1601060204  ,180865,2,2016-01-06T00:00:00.000Z,1155,WED,0,0,0,3104      ,3104-INJURY TRAFFIC ACCIDENT/BICYCLE                   ,993380.65,456774.35,ALTURAS ST E                  ,INSIDE                                                 ,TUCSON              ,N/A,     ,N/A,  ,At,FONTANA AV N                  ,        ,E ,ALTURAS                                 ,ST  ,N ,FONTANA                                 ,AV  ,DAYLIGHT                                               ,CLOUDY                                                 ,                         ,NON-CONTROLLED ACCESS - INTERSECTION (WITHIN)          ,ROUNDABOUT                                             ,"2-WAY, NOT DIVIDED                                     ",SINGLE VEHICLE                                         ,                         ,TPD_TRAFFIC_INCIDENTS,,,,,,
993380.649934384971857,456774.350065618753433,36589,1801060417  ,199306,2,2018-01-06T00:00:00.000Z,1740,SAT,0,1,0,3214      ,3214-PROP DMG TRAF ACCIDENT/HIT & RUN/BICYCLE          ,993380.65,456774.35,FONTANA AV N                  ,INSIDE                                                 ,TUCSON              ,N/A,     ,N/A,  ,At,ALTURAS ST E                  ,        ,E ,ALTURAS                                 ,ST  ,N ,FONTANA                                 ,AV  ,DUSK                                                   ,CLEAR                                                  ,                         ,NON-CONTROLLED ACCESS - INTERSECTION (WITHIN)          ,ROUNDABOUT                                             ,"2-WAY, NOT DIVIDED                                     ",OTHER                                                  ,PEDALCYCLE               ,TPD_TRAFFIC_INCIDENTS,\\central\data\Transportation\Traffic\Accident Data\2018\1801060417.pdf,,,,,
984902.56003937125206,459992.950131230056286,36665,1711140405  ,198019,2,2017-11-14T00:00:00.000Z,1547,TUE,0,0,1,3104      ,3104-INJURY TRAFFIC ACCIDENT/BICYCLE                   ,984902.56,459992.95,MIRACLE MILE W                ,INSIDE                                                 ,TUCSON              ,Approximately,UNK  ,Feet,E ,From,FLOWING WELLS RD N            ,        ,N ,FLOWING WELLS                           ,RD  ,W ,MIRACLE MILE                            ,    ,DAYLIGHT                                               ,CLEAR                                                  ,                         ,NON-CONTROLLED ACCESS - INTERSECTION-RELATED           ,FOUR-WAY INTERSECTION                                  ,"2-WAY, DIVIDED, UNPROT (PAINTED > 4 FEET) MEDIAN       ",OTHER                                                  ,PEDALCYCLIST             ,TPD_TRAFFIC_INCIDENTS,\\central\data\Transportation\Traffic\Accident Data\2017\1711140405.pdf,,,,,
983771.290026247501373,448189.25,36733,1804030295  ,201395,2,2018-04-03T00:00:00.000Z,1212,TUE,0,0,0,3104      ,3104-INJURY TRAFFIC ACCIDENT/BICYCLE                   ,983771.29,448189.25,SAINT MARYS RD W              ,INSIDE                                                 ,TUCSON              ,Approximately,50   ,Feet,E ,From,SILVERBELL RD N               ,        ,W ,SAINT MARYS                             ,RD  ,N ,SILVERBELL                              ,RD  ,DAYLIGHT                                               ,CLEAR                                                  ,                         ,NON-CONTROLLED ACCESS - DRIVEWAY                       ,FOUR-WAY INTERSECTION                                  ,"2-WAY, NOT DIVIDED WITH CONT LEFT TURN LANE            ",OTHER                                                  ,PEDALCYCLIST             ,TPD_TRAFFIC_INCIDENTS,\\central\data\Transportation\Traffic\Accident Data\2018\1804030295.pdf,,,,,
995363.640091862529516,464017.729986876249313,36782,1508020447  ,177326,2,2015-08-02T00:00:00.000Z,2120,SUN,0,1,0,3114      ,3114-INJURY TRAF ACCIDENT/HIT & RUN/BICYCLE            ,995363.64,464017.73,1ST AV N                      ,INSIDE                                                 ,TUCSON              ,N/A,     ,N/A,  ,At,PRINCE RD E                   ,        ,N ,1ST                                     ,AV  ,E ,PRINCE                                  ,RD  ,DARK-LIGHTED                                           ,CLEAR                                                  ,                         ,NON-CONTROLLED ACCESS - INTERSECTION (WITHIN)          ,FOUR-WAY INTERSECTION                                  ,"2-WAY, NOT DIVIDED WITH CONT LEFT TURN LANE            ",SINGLE VEHICLE                                         ,                         ,TPD_TRAFFIC_INCIDENTS,,,,,,
995363.640091862529516,464017.729986876249313,36785,1608070306  ,186036,2,2016-08-07T00:00:00.000Z,1454,SUN,0,0,0,3104      ,3104-INJURY TRAFFIC ACCIDENT/BICYCLE                   ,995363.64,464017.73,1ST AV N                      ,INSIDE                                                 ,TUCSON              ,Approximately,UNK  ,Feet,N ,From,PRINCE RD E                   ,        ,N ,1ST                                     ,AV  ,E ,PRINCE                                  ,RD  ,DAYLIGHT                                               ,CLEAR                                                  ,                         ,NOT JUNCTION RELATED                                   ,,"2-WAY, NOT DIVIDED WITH CONT LEFT TURN LANE            ",SINGLE VEHICLE                                         ,                         ,TPD_TRAFFIC_INCIDENTS,\\central\data\Transportation\Traffic\Accident Data\2016\1608070306.pdf,,,,,
995363.640091862529516,464017.729986876249313,36787,1606100278  ,184658,2,2016-06-10T00:00:00.000Z,1406,FRI,1,0,0,3004      ,3004-FATAL TRAFFIC ACCIDENT/BICYCLE                    ,995363.64,464017.73,PRINCE RD E                   ,INSIDE                                                 ,TUCSON              ,N/A,     ,N/A,  ,At,1ST AV N                      ,        ,N ,1ST                                     ,AV  ,E ,PRINCE                                  ,RD  ,DAYLIGHT                                               ,CLOUDY                                                 ,                         ,NON-CONTROLLED ACCESS - INTERSECTION (WITHIN)          ,FOUR-WAY INTERSECTION                                  ,"2-WAY, NOT DIVIDED WITH CONT LEFT TURN LANE            ",SINGLE VEHICLE                                         ,                         ,TPD_TRAFFIC_INCIDENTS,\\central\data\Transportation\Traffic\Accident Data\2016\1606100278.pdf,,,,,
995363.640091862529516,464017.729986876249313,36793,1701120189  ,190195,2,2017-01-12T00:00:00.000Z,0950,THU,0,1,0,3114      ,3114-INJURY TRAF ACCIDENT/HIT & RUN/BICYCLE            ,995363.64,464017.73,N 1ST AV                      ,INSIDE                                                 ,TUCSON              ,N/A,     ,N/A,  ,At,E PRINCE RD                   ,        ,N ,1ST                                     ,AV  ,E ,PRINCE                                  ,RD  ,DAYLIGHT                                               ,CLEAR                                                  ,                         ,NON-CONTROLLED ACCESS - INTERSECTION (WITHIN)          ,FOUR-WAY INTERSECTION                                  ,"2-WAY, NOT DIVIDED WITH CONT LEFT TURN LANE            ",SINGLE VEHICLE                                         ,                         ,TPD_TRAFFIC_INCIDENTS,\\central\data\Transportation\Traffic\Accident Data\2017\1701120189.pdf,,,,,
995363.640091862529516,464017.729986876249313,36799,1812140209  ,207066,2,2018-12-14T00:00:00.000Z,1035,FRI,0,1,0,3214      ,3214-PROP DMG TRAF ACCIDENT/HIT & RUN/BICYCLE          ,995363.64,464017.73,PRINCE RD                     ,INSIDE                                                 ,TUCSON              ,Approximately,UNK  ,Feet,E ,From,1ST AV                        ,        ,N ,1ST                                     ,AV  ,E ,PRINCE                                  ,RD  ,DAYLIGHT                                               ,CLEAR                                                  ,                         ,NON-CONTROLLED ACCESS - INTERSECTION-RELATED           ,FOUR-WAY INTERSECTION                                  ,"2-WAY, NOT DIVIDED WITH CONT LEFT TURN LANE            ",OTHER                                                  ,PEDALCYCLE               ,TPD_TRAFFIC_INCIDENTS,\\central\data\Transportation\Traffic\Accident Data\2018\1812140209.pdf,,,,,
998606.25,447939.62007874250412,36841,1604060003  ,183046,2,2016-04-06T11:56:41.000Z,0959,WED,0,0,0,3104      ,3104-INJURY TRAFFIC ACCIDENT/BICYCLE                   ,998606.25,447939.62,HIGHLAND                      ,INSIDE                                                 ,TUCSON              ,N/A,     ,N/A,  ,At,6TH ST                        ,        ,E ,6TH                                     ,ST  ,N ,HIGHLAND                                ,AV  ,DAYLIGHT                                               ,CLEAR                                                  ,                         ,CONTROLLED ACCESS - INTERSECTION-RELATED               ,FOUR-WAY INTERSECTION                                  ,"2-WAY, NOT DIVIDED                                     ","SIDESWIPE, SAME DIRECTION                              ",                         ,TPD_TRAFFIC_INCIDENTS,,,,,,
990656.87007873877883,455270.470144353806973,36847,1605080098  ,183849,2,2016-05-08T00:00:00.000Z,0206,SUN,0,1,1,3114      ,3114-INJURY TRAF ACCIDENT/HIT & RUN/BICYCLE            ,990656.87,455270.47,11TH AV N                     ,INSIDE                                                 ,TUCSON              ,Approximately,UNK  ,Feet,S ,From,RILLITO ST W                  ,        ,N ,11TH                                    ,AV  ,W ,RILLITO                                 ,ST  ,DARK-LIGHTED                                           ,CLEAR                                                  ,                         ,NON-CONTROLLED ACCESS - INTERSECTION-RELATED           ,FOUR-WAY INTERSECTION                                  ,"2-WAY, NOT DIVIDED                                     ",SINGLE VEHICLE                                         ,                         ,TPD_TRAFFIC_INCIDENTS,\\central\data\Transportation\Traffic\Accident Data\2016\1605080098.pdf,,,,,
1004651.609908137470484,429862.279855646193027,36859,1407280400  ,170556,2,2014-07-28T00:00:00.000Z,1840,MON,0,0,0,3104      ,3104-INJURY TRAFFIC ACCIDENT/BICYCLE                   ,1004651.61,429862.28,AJO WY E                      ,INSIDE                                                 ,TUCSON              ,N/A,     ,N/A,  ,At,FORGEUS AV S                  ,        ,E ,AJO                                     ,WY  ,S ,FORGEUS                                 ,AV  ,DAYLIGHT                                               ,CLEAR                                                  ,                         ,NON-CONTROLLED ACCESS - INTERSECTION (WITHIN)          ,FOUR-WAY INTERSECTION                                  ,"2-WAY, DIVIDED POSITIVE MEDIAN BARRIER                 ",LEFT TURN                                              ,                         ,TPD_TRAFFIC_INCIDENTS,,,,,,