X,Y,OBJECTID,acci_id,tamainid,numunits,AccidentDate,AccidentTime,DayOfWeek,WasFatal,WasHitAndRun,TransImmedMedCare,UCRCode,UCRDescription,CoordX,CoordY,Location,Inside_Outside,City,Accuracy,Distance,Units,Direction,From_At,IntersectingStreet,AddrNumber,AddrDirection,AddrStreetName,AddrStreetNameSuffix,CrossStreetDirection,CrossStreetName,CrossStreetSuffix,LightConditionDescription,WeatherDescription,WeatherOther,RelationDescription,IntersectionTypeDescription,RoadConfigurationDescription,MannerOfCrashDescription,MannerOfCrashOther,DATASOURCE,URL,F7Days,F28Days,COMPSTAT_28D,WEEKLY_7D,AccidentDateTime
987504.359908137470484,459937.25,36890,1610310206  ,188330,2,2016-10-31T00:00:00.000Z,1021,MON,0,0,1,3104      ,3104-INJURY TRAFFIC ACCIDENT/BICYCLE                   ,987504.36,459937.25,FAIRVIEW AV N                 ,INSIDE                                                 ,TUCSON              ,N/A,     ,N/A,  ,At,MIRACLE MILE W                ,        ,N ,FAIRVIEW                                ,AV  ,W ,MIRACLE MILE                            ,    ,DAYLIGHT                                               ,CLEAR                                                  ,                         ,NON-CONTROLLED ACCESS - INTERSECTION (WITHIN)          ,FOUR-WAY INTERSECTION                                  ,"2-WAY, NOT DIVIDED WITH CONT LEFT TURN LANE            ",SINGLE VEHICLE                                         ,                         ,TPD_TRAFFIC_INCIDENTS,\\central\data\Transportation\Traffic\Accident Data\2016\1610310206.pdf,,,,,
998125.25,451408.62007874250412,36899,1406250454  ,169654,2,2014-06-25T00:00:00.000Z,1900,WED,0,0,0,3104      ,3104-INJURY TRAFFIC ACCIDENT/BICYCLE                   ,998125.25,451408.62,MOUNTAIN AV N                 ,INSIDE                                                 ,TUCSON              ,N/A,     ,N/A,  ,At,HELEN ST E                    ,        ,E ,HELEN                                   ,ST  ,N ,MOUNTAIN                                ,AV  ,DAYLIGHT                                               ,CLEAR                                                  ,                         ,NON-CONTROLLED ACCESS - INTERSECTION (WITHIN)          ,FOUR-WAY INTERSECTION                                  ,"2-WAY, NOT DIVIDED                                     ",OTHER                                                  ,PEDALCYCLIST             ,TPD_TRAFFIC_INCIDENTS,,,,,,
1011784.18996062874794,419361.229986876249313,36935,1611230371  ,188983,2,2016-11-23T00:00:00.000Z,1545,WED,0,0,0,3104      ,3104-INJURY TRAFFIC ACCIDENT/BICYCLE                   ,1011784.19,419361.23,S ALVERNON WY                 ,INSIDE                                                 ,TUCSON              ,Approximately,90   ,Feet,N ,From,E DREXEL RD                   ,        ,S ,ALVERNON                                ,WY  ,E ,DREXEL                                  ,RD  ,DAYLIGHT                                               ,CLEAR                                                  ,                         ,NOT JUNCTION RELATED                                   ,,"2-WAY, NOT DIVIDED WITH CONT LEFT TURN LANE            ",SINGLE VEHICLE                                         ,                         ,TPD_TRAFFIC_INCIDENTS,\\central\data\Transportation\Traffic\Accident Data\2016\1611230371.pdf,,,,,
988469.31003937125206,445191.81003937125206,36937,1606120370  ,184688,2,2016-06-12T00:00:00.000Z,1630,SUN,0,0,1,3104      ,3104-INJURY TRAFFIC ACCIDENT/BICYCLE                   ,988469.31,445191.81,W CONGRESS ST                 ,INSIDE                                                 ,TUCSON              ,N/A,     ,N/A,  ,At,N LINDA AV                    ,        ,W ,CONGRESS                                ,ST  ,N ,LINDA                                   ,AV  ,DAYLIGHT                                               ,CLEAR                                                  ,                         ,NON-CONTROLLED ACCESS - INTERSECTION (WITHIN)          ,FOUR-WAY INTERSECTION                                  ,"2-WAY, NOT DIVIDED WITH CONT LEFT TURN LANE            ",SINGLE VEHICLE                                         ,                         ,TPD_TRAFFIC_INCIDENTS,\\central\data\Transportation\Traffic\Accident Data\2016\1606120370.pdf,,,,,
1018621.779855642467737,451192.12007874250412,36940,1408130302  ,170428,2,2014-08-13T00:00:00.000Z,1345,WED,0,0,1,3104      ,3104-INJURY TRAFFIC ACCIDENT/BICYCLE                   ,1018621.78,451192.12,E SPEEDWAY BL                 ,INSIDE                                                 ,TUCSON              ,Approximately,50   ,Feet,W ,From,N SANTA ROSA AV               ,        ,N ,SANTA ROSA                              ,AV  ,E ,SPEEDWAY                                ,BL  ,DAYLIGHT                                               ,CLOUDY                                                 ,                         ,NON-CONTROLLED ACCESS - DRIVEWAY                       ,FOUR-WAY INTERSECTION                                  ,"2-WAY, DIVIDED POSITIVE MEDIAN BARRIER                 ",ANGLE (FRONT TO SIDE) (OTHER THAN LEFT TURN)           ,                         ,TPD_TRAFFIC_INCIDENTS,,,,,,
982595.959973752498627,448016.459973752498627,36987,1406250461  ,169655,2,2014-06-25T00:00:00.000Z,1908,WED,0,0,1,3104      ,3104-INJURY TRAFFIC ACCIDENT/BICYCLE                   ,982595.96,448016.46,SAINT MARYS RD W              ,INSIDE                                                 ,TUCSON              ,Approximately,200  ,Feet,E ,From,CENTENNIAL DR N               ,        ,N ,CENTENNIAL                              ,DR  ,W ,SAINT MARYS                             ,RD  ,DUSK                                                   ,CLEAR                                                  ,                         ,NON-CONTROLLED ACCESS - DRIVEWAY                       ,T-INTERSECTION                                         ,"2-WAY, NOT DIVIDED WITH CONT LEFT TURN LANE            ",ANGLE (FRONT TO SIDE) (OTHER THAN LEFT TURN)           ,                         ,TPD_TRAFFIC_INCIDENTS,,,,,,
991954.5,419077.589895009994507,36994,1511030386  ,179473,2,2015-11-03T00:00:00.000Z,1602,TUE,0,0,0,3104      ,3104-INJURY TRAFFIC ACCIDENT/BICYCLE                   ,991954.5,419077.59,DREXEL RD W                   ,INSIDE                                                 ,TUCSON              ,N/A,     ,N/A,  ,At,LIBERTY AV S                  ,        ,W ,DREXEL                                  ,RD  ,S ,LIBERTY                                 ,AV  ,DAYLIGHT                                               ,CLEAR                                                  ,                         ,NON-CONTROLLED ACCESS - INTERSECTION (WITHIN)          ,FOUR-WAY INTERSECTION                                  ,"2-WAY, NOT DIVIDED WITH CONT LEFT TURN LANE            ",SINGLE VEHICLE                                         ,                         ,TPD_TRAFFIC_INCIDENTS,,,,,,
995973.06003937125206,449334.910104990005493,37006,1811170380  ,206440,2,2018-11-17T00:00:00.000Z,1902,SAT,0,0,0,3104      ,3104-INJURY TRAFFIC ACCIDENT/BICYCLE                   ,995973.06,449334.91,E UNIVERSITY BL               ,INSIDE                                                 ,TUCSON              ,Approximately,3    ,Feet,E ,From,N EUCLID AV                   ,        ,N ,EUCLID                                  ,AV  ,E ,UNIVERSITY                              ,BL  ,DARK-LIGHTED                                           ,CLEAR                                                  ,                         ,NON-CONTROLLED ACCESS - INTERSECTION-RELATED           ,FOUR-WAY INTERSECTION                                  ,"2-WAY, DIVIDED, UNPROT (PAINTED > 4 FEET) MEDIAN       ",ANGLE (FRONT TO SIDE) (OTHER THAN LEFT TURN)           ,                         ,TPD_TRAFFIC_INCIDENTS,\\central\data\Transportation\Traffic\Accident Data\2018\1811170380.pdf,,,,,
996800.06003937125206,450300.220144353806973,38019,1408190003  ,170513,2,2014-08-19T00:00:00.000Z,0946,TUE,0,0,0,3104      ,3104-INJURY TRAFFIC ACCIDENT/BICYCLE                   ,996800.06,450300.22,N PARK AVE                    ,INSIDE                                                 ,TUCSON              ,Approximately,4    ,Feet,SW,From,E 1ST ST                      ,        ,E ,1ST                                     ,ST  ,N ,PARK                                    ,AV  ,DAYLIGHT                                               ,CLOUDY                                                 ,                         ,CONTROLLED ACCESS - INTERSECTION (WITHIN)              ,T-INTERSECTION                                         ,"2-WAY, NOT DIVIDED                                     ",ANGLE (FRONT TO SIDE) (OTHER THAN LEFT TURN)           ,                         ,TPD_TRAFFIC_INCIDENTS,,,,,,
1014018.029855642467737,448469.169947504997253,38097,1409020521  ,170770,2,2014-09-02T00:00:00.000Z,1717,TUE,0,0,0,3104      ,3104-INJURY TRAFFIC ACCIDENT/BICYCLE                   ,1014018.03,448469.17,COLUMBUS BL N                 ,INSIDE                                                 ,TUCSON              ,Approximately,3    ,Feet,N ,From,5 ST E                        ,        ,E ,5TH                                     ,ST  ,N ,COLUMBUS                                ,BL  ,DAYLIGHT                                               ,CLEAR                                                  ,                         ,NON-CONTROLLED ACCESS - INTERSECTION-RELATED           ,FOUR-WAY INTERSECTION                                  ,"2-WAY, NOT DIVIDED WITH CONT LEFT TURN LANE            ",OTHER                                                  ,RIGHT TURN               ,TPD_TRAFFIC_INCIDENTS,,,,,,
989980.080052495002747,471203.259842522442341,38106,1802220242  ,200456,2,2018-02-22T00:00:00.000Z,1135,THU,0,0,1,3104      ,3104-INJURY TRAFFIC ACCIDENT/BICYCLE                   ,989980.08,471203.26,ORACLE RD                     ,INSIDE                                                 ,TUCSON              ,Approximately,UNK  ,Feet,W ,From,OLD ORACLE RD                 ,        ,N ,OLD ORACLE                              ,RD  ,N ,ORACLE                                  ,RD  ,DAYLIGHT                                               ,CLEAR                                                  ,                         ,NON-CONTROLLED ACCESS - INTERSECTION-RELATED           ,T-INTERSECTION                                         ,"2-WAY, NOT DIVIDED                                     ",OTHER                                                  ,PEDALCYCLE               ,TPD_TRAFFIC_INCIDENTS,\\central\data\Transportation\Traffic\Accident Data\2018\1802220242.pdf,,,,,
989980.080052495002747,471203.259842522442341,38108,1611140224  ,188725,2,2016-11-14T00:00:00.000Z,1048,MON,0,0,1,3104      ,3104-INJURY TRAFFIC ACCIDENT/BICYCLE                   ,989980.08,471203.26,ORACLE RD N                   ,INSIDE                                                 ,TUCSON              ,N/A,     ,N/A,  ,At,OLD ORACLE RD N               ,        ,N ,OLD ORACLE                              ,RD  ,N ,ORACLE                                  ,RD  ,DAYLIGHT                                               ,CLEAR                                                  ,                         ,NON-CONTROLLED ACCESS - INTERSECTION (WITHIN)          ,T-INTERSECTION                                         ,"2-WAY, DIVIDED, UNPROT (PAINTED > 4 FEET) MEDIAN       ",SINGLE VEHICLE                                         ,                         ,TPD_TRAFFIC_INCIDENTS,\\central\data\Transportation\Traffic\Accident Data\2016\1611140224.pdf,,,,,
995984.529855642467737,448380.919947504997253,38109,1805160003  ,202402,2,2018-05-16T14:54:51.000Z,1400,WED,0,0,0,3204      ,3204-PROP DMG TRAF ACCIDENT/BICYCLE                    ,995984.53,448380.92,5TH ST E                      ,INSIDE                                                 ,TUCSON              ,N/A,     ,N/A,  ,At,EUCLID AV N                   ,        ,E ,5TH                                     ,ST  ,N ,EUCLID                                  ,AV  ,DAYLIGHT                                               ,CLEAR                                                  ,                         ,NOT JUNCTION RELATED                                   ,,"2-WAY, NOT DIVIDED                                     ",ANGLE (FRONT TO SIDE) (OTHER THAN LEFT TURN)           ,                         ,TPD_TRAFFIC_INCIDENTS,\\central\data\Transportation\Traffic\Accident Data\2018\1805160003.pdf,,,,,
1024628.970144357532263,440603.970144353806973,38145,1506280365  ,176699,2,2015-06-28T00:00:00.000Z,1743,SUN,0,0,1,3104      ,3104-INJURY TRAFFIC ACCIDENT/BICYCLE                   ,1024628.97,440603.97,22ND ST E                     ,INSIDE                                                 ,TUCSON              ,Approximately,UNK  ,Feet,W ,From,COLONIA AV S                  ,        ,E ,22ND                                    ,ST  ,S ,COLONIA                                 ,AV  ,DAYLIGHT                                               ,CLOUDY                                                 ,                         ,NON-CONTROLLED ACCESS - DRIVEWAY                       ,T-INTERSECTION                                         ,"2-WAY, DIVIDED, UNPROT (PAINTED > 4 FEET) MEDIAN       ",SINGLE VEHICLE                                         ,                         ,TPD_TRAFFIC_INCIDENTS,,,,,,
982257.18996062874794,466646.089895009994507,38178,1611180359  ,188860,2,2016-11-18T00:00:00.000Z,1343,FRI,0,0,0,3104      ,3104-INJURY TRAFFIC ACCIDENT/BICYCLE                   ,982257.19,466646.09,ROMERO RD N                   ,INSIDE                                                 ,TUCSON              ,Approximately,500  ,Feet,S ,From,ROGER  RD W                   ,        ,W ,ROGER                                   ,RD  ,N ,ROMERO                                  ,RD  ,DAYLIGHT                                               ,CLEAR                                                  ,                         ,NON-CONTROLLED ACCESS - DRIVEWAY                       ,FOUR-WAY INTERSECTION                                  ,"2-WAY, NOT DIVIDED WITH CONT LEFT TURN LANE            ",SINGLE VEHICLE                                         ,                         ,TPD_TRAFFIC_INCIDENTS,\\central\data\Transportation\Traffic\Accident Data\2016\1611180359.pdf,,,,,
1019242.279855642467737,453823.089895009994507,38202,1411030369  ,171881,2,2014-11-03T00:00:00.000Z,1610,MON,0,0,0,3104      ,3104-INJURY TRAFFIC ACCIDENT/BICYCLE                   ,1019242.28,453823.09,PIMA ST E                     ,INSIDE                                                 ,TUCSON              ,N/A,0    ,N/A,  ,At,ROSEMONT BL N                 ,        ,E ,PIMA                                    ,ST  ,N ,ROSEMONT                                ,BL  ,DAYLIGHT                                               ,CLEAR                                                  ,                         ,NON-CONTROLLED ACCESS - INTERSECTION (WITHIN)          ,FOUR-WAY INTERSECTION                                  ,"2-WAY, NOT DIVIDED WITH CONT LEFT TURN LANE            ",LEFT TURN                                              ,                         ,TPD_TRAFFIC_INCIDENTS,,,,,,
1029322.87007873877883,445769.950131230056286,38208,1706140102  ,194295,2,2017-06-14T00:00:00.000Z,0705,WED,0,0,0,3104      ,3104-INJURY TRAFFIC ACCIDENT/BICYCLE                   ,1029322.87,445769.95,BROADWAY BL E                 ,INSIDE                                                 ,TUCSON              ,N/A,     ,N/A,  ,At,AVENIDA NATACHEE N            ,        ,N ,AVENIDA NATACHEE                        ,    ,E ,BROADWAY                                ,BL  ,DAYLIGHT                                               ,CLEAR                                                  ,                         ,NON-CONTROLLED ACCESS - INTERSECTION (WITHIN)          ,FOUR-WAY INTERSECTION                                  ,"2-WAY, DIVIDED, UNPROT (PAINTED > 4 FEET) MEDIAN       ",LEFT TURN                                              ,                         ,TPD_TRAFFIC_INCIDENTS,\\central\data\Transportation\Traffic\Accident Data\2017\1706140102.pdf,,,,,
1043238.899934384971857,444118.81003937125206,38231,1801280334  ,199829,2,2018-01-28T00:00:00.000Z,1713,SUN,0,0,0,3104      ,3104-INJURY TRAFFIC ACCIDENT/BICYCLE                   ,1043238.9,444118.81,OLD SPANISH TR                ,INSIDE                                                 ,TUCSON              ,N/A,     ,N/A,  ,At,CAMINO SECO                   ,        ,S ,CAMINO SECO                             ,    ,E ,OLD SPANISH                             ,TR  ,DAYLIGHT                                               ,CLEAR                                                  ,                         ,NON-CONTROLLED ACCESS - INTERSECTION (WITHIN)          ,FOUR-WAY INTERSECTION                                  ,"2-WAY, NOT DIVIDED WITH CONT LEFT TURN LANE            ",OTHER                                                  ,PEDALCYCLE               ,TPD_TRAFFIC_INCIDENTS,\\central\data\Transportation\Traffic\Accident Data\2018\1801280334.pdf,,,,,
995502.18996062874794,448379.529855646193027,38256,1511280189  ,180013,2,2015-11-28T00:00:00.000Z,1038,SAT,0,0,0,3104      ,3104-INJURY TRAFFIC ACCIDENT/BICYCLE                   ,995502.19,448379.53,1ST AV N                      ,INSIDE                                                 ,TUCSON              ,N/A,     ,N/A,  ,At,5TH ST E                      ,        ,N ,1ST                                     ,AV  ,E ,5TH                                     ,ST  ,DAYLIGHT                                               ,CLEAR                                                  ,                         ,NON-CONTROLLED ACCESS - INTERSECTION (WITHIN)          ,FOUR-WAY INTERSECTION                                  ,"2-WAY, NOT DIVIDED                                     ",SINGLE VEHICLE                                         ,                         ,TPD_TRAFFIC_INCIDENTS,,,,,,
995502.18996062874794,448379.529855646193027,38257,1801120197  ,199440,2,2018-01-12T00:00:00.000Z,0910,FRI,0,0,0,3104      ,3104-INJURY TRAFFIC ACCIDENT/BICYCLE                   ,995502.19,448379.53,E 5TH ST                      ,INSIDE                                                 ,TUCSON              ,N/A,     ,N/A,  ,At,N 1ST AV                      ,        ,N ,1ST                                     ,AV  ,E ,5TH                                     ,ST  ,DAYLIGHT                                               ,CLEAR                                                  ,                         ,NON-CONTROLLED ACCESS - INTERSECTION (WITHIN)          ,ROUNDABOUT                                             ,"2-WAY, NOT DIVIDED                                     ",OTHER                                                  ,PEDALCYCLE               ,TPD_TRAFFIC_INCIDENTS,\\central\data\Transportation\Traffic\Accident Data\2018\1801120197.pdf,,,,,
990878.75,445538.790026247501373,38281,1611090097  ,188595,2,2016-11-09T00:00:00.000Z,0836,WED,0,1,0,3114      ,3114-INJURY TRAF ACCIDENT/HIT & RUN/BICYCLE            ,990878.75,445538.79,GRANADA AV N                  ,INSIDE                                                 ,TUCSON              ,N/A,     ,N/A,  ,At,CONGRESS ST W                 ,        ,W ,CONGRESS                                ,ST  ,N ,GRANADA                                 ,AV  ,DAYLIGHT                                               ,CLEAR                                                  ,                         ,NON-CONTROLLED ACCESS - INTERSECTION (WITHIN)          ,FOUR-WAY INTERSECTION                                  ,"2-WAY, DIVIDED, UNPROT (PAINTED > 4 FEET) MEDIAN       ",ANGLE (FRONT TO SIDE) (OTHER THAN LEFT TURN)           ,                         ,TPD_TRAFFIC_INCIDENTS,\\central\data\Transportation\Traffic\Accident Data\2016\1611090097.pdf,,,,,
1015273.87007873877883,453776.62992125749588,38287,1508150505  ,177636,2,2015-08-15T00:00:00.000Z,2102,SAT,0,1,0,3114      ,3114-INJURY TRAF ACCIDENT/HIT & RUN/BICYCLE            ,1015273.87,453776.63,PIMA ST E                     ,INSIDE                                                 ,TUCSON              ,N/A,     ,N/A,  ,At,BELVEDERE AV N                ,        ,N ,BELVEDERE                               ,AV  ,E ,PIMA                                    ,ST  ,DARK-NOT LIGHTED                                       ,CLOUDY                                                 ,                         ,NON-CONTROLLED ACCESS - INTERSECTION (WITHIN)          ,FOUR-WAY INTERSECTION                                  ,"2-WAY, DIVIDED, UNPROT (PAINTED > 4 FEET) MEDIAN       ",SINGLE VEHICLE                                         ,                         ,TPD_TRAFFIC_INCIDENTS,,,,,,
1015273.87007873877883,453776.62992125749588,38288,1505250529  ,176051,2,2015-05-25T00:00:00.000Z,2148,MON,0,1,0,3114      ,3114-INJURY TRAF ACCIDENT/HIT & RUN/BICYCLE            ,1015273.87,453776.63,E PIMA ST                     ,,TUCSON              ,N/A,     ,N/A,  ,At,N BELVEDERE AV                ,        ,N ,BELVEDERE                               ,AV  ,E ,PIMA                                    ,ST  ,DARK-LIGHTED                                           ,CLEAR                                                  ,                         ,NON-CONTROLLED ACCESS - INTERSECTION (WITHIN)          ,FOUR-WAY INTERSECTION                                  ,"2-WAY, DIVIDED, UNPROT (PAINTED > 4 FEET) MEDIAN       ",SINGLE VEHICLE                                         ,                         ,TPD_TRAFFIC_INCIDENTS,,,,,,
1005983.75,460216.029855646193027,38305,1701230425  ,190476,2,2017-01-23T00:00:00.000Z,1537,MON,0,0,0,3104      ,3104-INJURY TRAFFIC ACCIDENT/BICYCLE                   ,1005983.75,460216.03,COUNTRY CLUB RD N             ,INSIDE                                                 ,TUCSON              ,Approximately,UNK  ,Feet,S ,From,BLACKLIDGE DR E               ,        ,E ,BLACKLIDGE                              ,DR  ,N ,COUNTRY CLUB                            ,RD  ,DAYLIGHT                                               ,CLEAR                                                  ,                         ,NON-CONTROLLED ACCESS - INTERSECTION (WITHIN)          ,FOUR-WAY INTERSECTION                                  ,"2-WAY, NOT DIVIDED WITH CONT LEFT TURN LANE            ",SINGLE VEHICLE                                         ,                         ,TPD_TRAFFIC_INCIDENTS,\\central\data\Transportation\Traffic\Accident Data\2017\1701230425.pdf,,,,,
993031.93996062874794,428017.12992125749588,38324,1504280393  ,175538,2,2015-04-28T00:00:00.000Z,1727,TUE,0,0,1,3104      ,3104-INJURY TRAFFIC ACCIDENT/BICYCLE                   ,993031.94,428017.13,S 7TH AV                      ,INSIDE                                                 ,TUCSON              ,N/A,     ,N/A,  ,At,W COLUMBIA ST                 ,        ,S ,7TH                                     ,AV  ,W ,COLUMBIA                                ,ST  ,DAYLIGHT                                               ,CLEAR                                                  ,                         ,NON-CONTROLLED ACCESS - INTERSECTION (WITHIN)          ,FOUR-WAY INTERSECTION                                  ,"2-WAY, NOT DIVIDED                                     ",SINGLE VEHICLE                                         ,                         ,TPD_TRAFFIC_INCIDENTS,,,,,,
997276.0,418451.979986876249313,38345,1808080464  ,204039,2,2018-08-08T00:00:00.000Z,1856,WED,0,0,0,3104      ,3104-INJURY TRAFFIC ACCIDENT/BICYCLE                   ,997276,418451.98,MILTON RD E                   ,INSIDE                                                 ,TUCSON              ,Approximately,UNK  ,Feet,N ,From,PARK AV S                     ,        ,E ,MILTON                                  ,RD  ,S ,PARK                                    ,AV  ,DUSK                                                   ,CLOUDY                                                 ,                         ,NON-CONTROLLED ACCESS - INTERSECTION-RELATED           ,FOUR-WAY INTERSECTION                                  ,"2-WAY, NOT DIVIDED                                     ",OTHER                                                  ,PEDALCYCLE               ,TPD_TRAFFIC_INCIDENTS,\\central\data\Transportation\Traffic\Accident Data\2018\1808080464.pdf,,,,,
999943.56003937125206,447970.089895009994507,38349,1612010006  ,189159,2,2016-12-01T11:16:42.000Z,0930,THU,0,0,0,3104      ,3104-INJURY TRAFFIC ACCIDENT/BICYCLE                   ,999943.56,447970.09,N WARREN                      ,INSIDE                                                 ,TUCSON              ,Approximately,1    ,Feet,S ,At,E 6TH ST                      ,        ,E ,6TH                                     ,ST  ,N ,WARREN                                  ,AV  ,DAYLIGHT                                               ,CLEAR                                                  ,                         ,NON-CONTROLLED ACCESS - INTERSECTION-RELATED           ,T-INTERSECTION                                         ,"2-WAY, NOT DIVIDED                                     ",ANGLE (FRONT TO SIDE) (OTHER THAN LEFT TURN)           ,                         ,TPD_TRAFFIC_INCIDENTS,\\central\data\Transportation\Traffic\Accident Data\2016\1612010006.pdf,,,,,
999943.56003937125206,447970.089895009994507,38351,1409040006  ,170806,2,2014-09-04T13:19:20.000Z,1100,THU,0,0,0,3104      ,3104-INJURY TRAFFIC ACCIDENT/BICYCLE                   ,999943.56,447970.09,6TH ST E                      ,INSIDE                                                 ,TUCSON              ,Approximately,0    ,Feet,  ,At,WARREN AVE                    ,        ,E ,6TH                                     ,ST  ,N ,WARREN                                  ,AV  ,DAYLIGHT                                               ,CLEAR                                                  ,                         ,CONTROLLED ACCESS - INTERSECTION-RELATED               ,T-INTERSECTION                                         ,"2-WAY, NOT DIVIDED                                     ",ANGLE (FRONT TO SIDE) (OTHER THAN LEFT TURN)           ,                         ,TPD_TRAFFIC_INCIDENTS,,,,,,
998091.68996062874794,454099.410104990005493,38359,1507280403  ,177202,2,2015-07-28T00:00:00.000Z,1733,TUE,0,0,1,3104      ,3104-INJURY TRAFFIC ACCIDENT/BICYCLE                   ,998091.69,454099.41,N MOUNTAIN AV                 ,INSIDE                                                 ,TUCSON              ,N/A,     ,N/A,  ,At,E LINDEN ST                   ,        ,E ,LINDEN                                  ,ST  ,N ,MOUNTAIN                                ,AV  ,DAYLIGHT                                               ,RAIN                                                   ,                         ,NON-CONTROLLED ACCESS - INTERSECTION (WITHIN)          ,FOUR-WAY INTERSECTION                                  ,"2-WAY, NOT DIVIDED                                     ",SINGLE VEHICLE                                         ,                         ,TPD_TRAFFIC_INCIDENTS,,,,,,
993352.68996062874794,458757.5,38407,1904130459  ,209956,2,2019-04-13T00:00:00.000Z,1634,SAT,0,0,0,3204      ,3204-PROP DMG TRAF ACCIDENT/BICYCLE                    ,993352.69,458757.5,FONTANA AV N                  ,INSIDE                                                 ,TUCSON              ,N/A,     ,N/A,  ,At,GLENN ST E                    ,        ,N ,FONTANA                                 ,AV  ,E ,GLENN                                   ,ST  ,DAYLIGHT                                               ,CLEAR                                                  ,                         ,NON-CONTROLLED ACCESS - INTERSECTION (WITHIN)          ,FOUR-WAY INTERSECTION                                  ,"2-WAY, NOT DIVIDED                                     ",OTHER                                                  ,PEDALCYCLE               ,TPD_TRAFFIC_INCIDENTS,\\central\data\Transportation\Traffic\Accident Data\2019\1904130459.pdf,,,,,
1011311.18996062874794,454905.31003937125206,38429,1508310587  ,177995,2,2015-08-31T00:00:00.000Z,2142,MON,0,0,0,3104      ,3104-INJURY TRAFFIC ACCIDENT/BICYCLE                   ,1011311.19,454905.31,E JUSTIN LN                   ,INSIDE                                                 ,TUCSON              ,N/A,     ,N/A,  ,At,N ALVERNON WY                 ,        ,N ,ALVERNON                                ,WY  ,E ,JUSTIN                                  ,LN  ,DARK-LIGHTED                                           ,CLOUDY                                                 ,                         ,NON-CONTROLLED ACCESS - INTERSECTION (WITHIN)          ,T-INTERSECTION                                         ,"2-WAY, NOT DIVIDED                                     ",SINGLE VEHICLE                                         ,                         ,TPD_TRAFFIC_INCIDENTS,,,,,,
1009258.0,458962.220144353806973,38448,1408200355  ,170543,2,2014-08-20T00:00:00.000Z,1550,WED,0,0,0,3104      ,3104-INJURY TRAFFIC ACCIDENT/BICYCLE                   ,1009258,458962.22,E GLENN ST                    ,INSIDE                                                 ,TUCSON              ,N/A,     ,N/A,  ,At,N RICHEY BL                   ,        ,E ,GLENN                                   ,ST  ,N ,RICHEY                                  ,BL  ,DAYLIGHT                                               ,CLEAR                                                  ,                         ,NON-CONTROLLED ACCESS - INTERSECTION-RELATED           ,FOUR-WAY INTERSECTION                                  ,"2-WAY, NOT DIVIDED                                     ",LEFT TURN                                              ,                         ,TPD_TRAFFIC_INCIDENTS,,,,,,
993189.87992126122117,424414.649934381246567,38456,1508050261  ,177397,2,2015-08-05T00:00:00.000Z,1321,WED,0,0,0,3104      ,3104-INJURY TRAFFIC ACCIDENT/BICYCLE                   ,993189.88,424414.65,W IRVINGTON RD                ,INSIDE                                                 ,TUCSON              ,N/A,     ,N/A,  ,At,S 7TH AV                      ,        ,S ,7TH                                     ,AV  ,W ,IRVINGTON                               ,RD  ,DAYLIGHT                                               ,CLEAR                                                  ,                         ,NON-CONTROLLED ACCESS - INTERSECTION (WITHIN)          ,T-INTERSECTION                                         ,"2-WAY, NOT DIVIDED WITH CONT LEFT TURN LANE            ",SINGLE VEHICLE                                         ,                         ,TPD_TRAFFIC_INCIDENTS,,,,,,
996779.81003937125206,452220.529855646193027,38473,1801110449  ,199421,2,2018-01-11T00:00:00.000Z,1552,THU,0,1,0,3214      ,3214-PROP DMG TRAF ACCIDENT/HIT & RUN/BICYCLE          ,996779.81,452220.53,DRACHMAN ST E                 ,INSIDE                                                 ,TUCSON              ,N/A,     ,N/A,  ,At,PARK AV N                     ,        ,E ,DRACHMAN                                ,ST  ,N ,PARK                                    ,AV  ,DAYLIGHT                                               ,CLEAR                                                  ,                         ,NON-CONTROLLED ACCESS - INTERSECTION (WITHIN)          ,FOUR-WAY INTERSECTION                                  ,"2-WAY, NOT DIVIDED                                     ",OTHER                                                  ,PEDALCYCLIST             ,TPD_TRAFFIC_INCIDENTS,\\central\data\Transportation\Traffic\Accident Data\2018\1801110449.pdf,,,,,
992319.06003937125206,439864.220144353806973,38482,1503100383  ,174601,2,2015-03-10T00:00:00.000Z,1624,TUE,0,0,1,3104      ,3104-INJURY TRAFFIC ACCIDENT/BICYCLE                   ,992319.06,439864.22,23RD ST W                     ,INSIDE                                                 ,TUCSON              ,N/A,     ,N/A,  ,At,8TH AV S                      ,        ,W ,23RD                                    ,ST  ,S ,8TH                                     ,AV  ,DAYLIGHT                                               ,CLEAR                                                  ,                         ,NON-CONTROLLED ACCESS - INTERSECTION (WITHIN)          ,FOUR-WAY INTERSECTION                                  ,"2-WAY, NOT DIVIDED                                     ",SINGLE VEHICLE                                         ,                         ,TPD_TRAFFIC_INCIDENTS,,,,,,