X,Y,OBJECTID,acci_id,tamainid,numunits,AccidentDate,AccidentTime,DayOfWeek,WasFatal,WasHitAndRun,TransImmedMedCare,UCRCode,UCRDescription,CoordX,CoordY,Location,Inside_Outside,City,Accuracy,Distance,Units,Direction,From_At,IntersectingStreet,AddrNumber,AddrDirection,AddrStreetName,AddrStreetNameSuffix,CrossStreetDirection,CrossStreetName,CrossStreetSuffix,LightConditionDescription,WeatherDescription,WeatherOther,RelationDescription,IntersectionTypeDescription,RoadConfigurationDescription,MannerOfCrashDescription,MannerOfCrashOther,DATASOURCE,URL,F7Days,F28Days,COMPSTAT_28D,WEEKLY_7D,AccidentDateTime
995492.37007873877883,449329.31003937125206,38498,1509030100  ,178051,2,2015-09-03T00:00:00.000Z,0804,THU,0,0,0,3104      ,3104-INJURY TRAFFIC ACCIDENT/BICYCLE                   ,995492.37,449329.31,UNIVERSITY BL E               ,INSIDE                                                 ,TUCSON              ,N/A,     ,N/A,  ,At,1ST AV N                      ,        ,N ,1ST                                     ,AV  ,E ,UNIVERSITY                              ,BL  ,DAYLIGHT                                               ,CLOUDY                                                 ,                         ,NON-CONTROLLED ACCESS - INTERSECTION (WITHIN)          ,FOUR-WAY INTERSECTION                                  ,"2-WAY, NOT DIVIDED WITH CONT LEFT TURN LANE            ",SINGLE VEHICLE                                         ,                         ,TPD_TRAFFIC_INCIDENTS,,,,,,
993375.5,433310.62007874250412,38571,1411190260  ,172207,2,2014-11-19T00:00:00.000Z,1334,WED,0,0,1,3104      ,3104-INJURY TRAFFIC ACCIDENT/BICYCLE                   ,993375.5,433310.62,S 6TH AV                      ,INSIDE                                                 ,TUCSON              ,N/A,     ,N/A,  ,At,W I10 EXIT 261 ON RAMP        ,        ,S ,6TH                                     ,AV  ,W ,I10 EXIT 261 ON RAMP                    ,    ,DAYLIGHT                                               ,CLEAR                                                  ,                         ,NON-CONTROLLED ACCESS - INTERSECTION (WITHIN)          ,UNKNOWN                                                ,"2-WAY, DIVIDED POSITIVE MEDIAN BARRIER                 ",LEFT TURN                                              ,                         ,TPD_TRAFFIC_INCIDENTS,,,,,,
1016810.62007873877883,443767.62007874250412,38639,1512260406  ,180650,2,2015-12-26T00:00:00.000Z,2124,SAT,0,1,0,3114      ,3114-INJURY TRAF ACCIDENT/HIT & RUN/BICYCLE            ,1016810.62,443767.62,S SWAN RD                     ,INSIDE                                                 ,TUCSON              ,N/A,     ,N/A,  ,At,E 15TH ST                     ,        ,E ,15TH                                    ,ST  ,S ,SWAN                                    ,RD  ,DARK-LIGHTED                                           ,CLEAR                                                  ,                         ,NON-CONTROLLED ACCESS - INTERSECTION (WITHIN)          ,FOUR-WAY INTERSECTION                                  ,"2-WAY, NOT DIVIDED                                     ",SINGLE VEHICLE                                         ,                         ,TPD_TRAFFIC_INCIDENTS,,,,,,
1027423.640091862529516,442032.12007874250412,38658,1601130342  ,181033,2,2016-01-13T00:00:00.000Z,1512,WED,0,0,1,3104      ,3104-INJURY TRAFFIC ACCIDENT/BICYCLE                   ,1027423.64,442032.12,WILMOT RD S                   ,INSIDE                                                 ,TUCSON              ,N/A,     ,N/A,  ,At,COLGATE DR E                  ,        ,E ,COLGATE                                 ,DR  ,S ,WILMOT                                  ,RD  ,DAYLIGHT                                               ,CLEAR                                                  ,                         ,NON-CONTROLLED ACCESS - INTERSECTION (WITHIN)          ,T-INTERSECTION                                         ,"2-WAY, DIVIDED, UNPROT (PAINTED > 4 FEET) MEDIAN       ",SINGLE VEHICLE                                         ,                         ,TPD_TRAFFIC_INCIDENTS,,,,,,
985258.37007873877883,450707.919947504997253,38675,1703210233  ,192118,2,2017-03-21T00:00:00.000Z,0953,TUE,0,1,0,3114      ,3114-INJURY TRAF ACCIDENT/HIT & RUN/BICYCLE            ,985258.37,450707.92,SPEEDWAY BL W                 ,INSIDE                                                 ,TUCSON              ,N/A,     ,N/A,  ,At,RIVERVIEW BL N                ,        ,N ,RIVERVIEW                               ,BL  ,W ,SPEEDWAY                                ,BL  ,DAYLIGHT                                               ,CLEAR                                                  ,                         ,NON-CONTROLLED ACCESS - INTERSECTION (WITHIN)          ,T-INTERSECTION                                         ,"2-WAY, DIVIDED, UNPROT (PAINTED > 4 FEET) MEDIAN       ",SINGLE VEHICLE                                         ,                         ,TPD_TRAFFIC_INCIDENTS,\\central\data\Transportation\Traffic\Accident Data\2017\1703210233.pdf,,,,,
990127.790026247501373,460023.390091866254807,38680,1704030429  ,192479,2,2017-04-03T00:00:00.000Z,1441,MON,0,0,0,3104      ,3104-INJURY TRAFFIC ACCIDENT/BICYCLE                   ,990127.79,460023.39,ORACLE RD N                   ,INSIDE                                                 ,TUCSON              ,Approximately,UNK  ,Feet,N ,From,BLACKLIDGE DR W               ,        ,W ,BLACKLIDGE                              ,DR  ,N ,ORACLE                                  ,RD  ,DAYLIGHT                                               ,CLEAR                                                  ,                         ,NON-CONTROLLED ACCESS - DRIVEWAY                       ,T-INTERSECTION                                         ,"2-WAY, DIVIDED, UNPROT (PAINTED > 4 FEET) MEDIAN       ",SINGLE VEHICLE                                         ,                         ,TPD_TRAFFIC_INCIDENTS,\\central\data\Transportation\Traffic\Accident Data\2017\1704030429.pdf,,,,,
996814.779855642467737,449343.62007874250412,38703,1603020007  ,182244,2,2016-03-02T13:27:22.000Z,1327,WED,0,0,0,3402      ,3402-OTHER VEHICLE ACCIDENTS/BICYCLE ACCIDENTS         ,996814.78,449343.62,UNIVERSITY BLVD               ,INSIDE                                                 ,TUCSON              ,Approximately,300  ,Feet,W ,At,MOUNTAIN AVE                  ,1000    ,E ,UNIVERSITY                              ,BL  ,  ,                                        ,    ,DAYLIGHT                                               ,CLEAR                                                  ,                         ,NON-CONTROLLED ACCESS - INTERSECTION (WITHIN)          ,T-INTERSECTION                                         ,"2-WAY, NOT DIVIDED                                     ",HEAD-ON (FRONT-TO-FRONT) (OTHER THAN LEFT TURN)        ,                         ,TPD_TRAFFIC_INCIDENTS,,,,,,
1036704.18996062874794,437877.529855646193027,38713,1504070411  ,175165,2,2015-04-07T00:00:00.000Z,1815,TUE,0,0,0,3104      ,3104-INJURY TRAFFIC ACCIDENT/BICYCLE                   ,1036704.19,437877.53,AVENIDA GUILLERMO S           ,INSIDE                                                 ,TUCSON              ,N/A,     ,N/A,  ,At,PALMA ST E                    ,        ,S ,AVENIDA GUILLERMO                       ,    ,E ,PALMA                                   ,ST  ,DUSK                                                   ,CLEAR                                                  ,                         ,CONTROLLED ACCESS - INTERSECTION (WITHIN)              ,T-INTERSECTION                                         ,"2-WAY, NOT DIVIDED                                     ",SINGLE VEHICLE                                         ,                         ,TPD_TRAFFIC_INCIDENTS,,,,,,
992630.0,419064.589895009994507,38741,1803080520  ,200796,2,2018-03-08T00:00:00.000Z,2037,THU,0,1,1,3114      ,3114-INJURY TRAF ACCIDENT/HIT & RUN/BICYCLE            ,992630,419064.59,W DREXEL RD                   ,INSIDE                                                 ,TUCSON              ,Approximately,30   ,Feet,E ,From,S AVENIDA PRIMERA CASA        ,        ,S ,AVENIDA PRIMERA CASA                    ,    ,W ,DREXEL                                  ,RD  ,DARK-NOT LIGHTED                                       ,CLEAR                                                  ,                         ,NOT JUNCTION RELATED                                   ,,"2-WAY, NOT DIVIDED WITH CONT LEFT TURN LANE            ",OTHER                                                  ,PEDALCYCLE               ,TPD_TRAFFIC_INCIDENTS,\\central\data\Transportation\Traffic\Accident Data\2018\1803080520.pdf,,,,,
1000702.62992126122117,463002.31003937125206,38765,1906060166  ,211175,2,2019-06-06T00:00:00.000Z,0649,THU,0,0,0,3114      ,3114-INJURY TRAF ACCIDENT/HIT & RUN/BICYCLE            ,1000702.63,463002.31,CAMPBELL AV                   ,OUTSIDE                                                ,TUCSON              ,N/A,     ,N/A,  ,At,RICHLAND DR                   ,        ,N ,CAMPBELL                                ,AV  ,N ,RICHLAND                                ,DR  ,DAYLIGHT                                               ,CLEAR                                                  ,                         ,NON-CONTROLLED ACCESS - INTERSECTION (WITHIN)          ,T-INTERSECTION                                         ,"2-WAY, NOT DIVIDED WITH CONT LEFT TURN LANE            ",OTHER                                                  ,PEDALCYCL                ,TPD_TRAFFIC_INCIDENTS,\\central\data\Transportation\Traffic\Accident Data\2019\1906060166.pdf,,,,,
998051.5,457474.339895009994507,38798,1509190391  ,178363,2,2015-09-19T00:00:00.000Z,1846,SAT,0,0,0,3104      ,3104-INJURY TRAFFIC ACCIDENT/BICYCLE                   ,998051.5,457474.34,COPPER ST E                   ,INSIDE                                                 ,TUCSON              ,N/A,     ,N/A,  ,At,MOUNTAIN AV N                 ,        ,E ,COPPER                                  ,ST  ,N ,MOUNTAIN                                ,AV  ,DUSK                                                   ,CLOUDY                                                 ,                         ,NON-CONTROLLED ACCESS - INTERSECTION (WITHIN)          ,FOUR-WAY INTERSECTION                                  ,"2-WAY, NOT DIVIDED                                     ",SINGLE VEHICLE                                         ,                         ,TPD_TRAFFIC_INCIDENTS,,,,,,
1002035.56003937125206,461460.5,38803,1509110423  ,178196,2,2015-09-11T00:00:00.000Z,1718,FRI,0,0,0,3104      ,3104-INJURY TRAFFIC ACCIDENT/BICYCLE                   ,1002035.56,461460.5,FORT LOWELL RD E              ,INSIDE                                                 ,TUCSON              ,N/A,     ,N/A,  ,At,WILSON AV N                   ,        ,E ,FORT LOWELL                             ,RD  ,N ,WILSON                                  ,AV  ,DAYLIGHT                                               ,CLEAR                                                  ,                         ,NON-CONTROLLED ACCESS - INTERSECTION (WITHIN)          ,T-INTERSECTION                                         ,"2-WAY, NOT DIVIDED WITH CONT LEFT TURN LANE            ",SINGLE VEHICLE                                         ,                         ,TPD_TRAFFIC_INCIDENTS,,,,,,
1004029.200131233781576,468902.5,38849,1801270404  ,199804,2,2018-01-27T00:00:00.000Z,1825,SAT,0,0,1,3104      ,3104-INJURY TRAFFIC ACCIDENT/BICYCLE                   ,1004029.2,468902.5,RIVER RD                      ,INSIDE                                                 ,TUCSON              ,N/A,     ,N/A,  ,At,HACIENDA DEL SOL RD           ,        ,N ,HACIENDA DEL SOL                        ,RD  ,E ,RIVER                                   ,RD  ,DARK-LIGHTED                                           ,CLEAR                                                  ,                         ,NON-CONTROLLED ACCESS - INTERSECTION (WITHIN)          ,FOUR-WAY INTERSECTION                                  ,"2-WAY, NOT DIVIDED WITH CONT LEFT TURN LANE            ",OTHER                                                  ,PEDALCYCLE               ,TPD_TRAFFIC_INCIDENTS,\\central\data\Transportation\Traffic\Accident Data\2018\1801270404.pdf,,,,,
998642.910104986280203,450130.020013123750687,38855,1604140004  ,183227,2,2016-04-14T00:00:00.000Z,1005,THU,0,1,0,3214      ,3214-PROP DMG TRAF ACCIDENT/HIT & RUN/BICYCLE          ,998642.91,450130.02,2ND ST                        ,INSIDE                                                 ,TUCSON              ,N/A,     ,N/A,  ,At,CHERRY                        ,        ,E ,2ND                                     ,ST  ,N ,HIGHLAND BIKE PATH                      ,    ,DAYLIGHT                                               ,CLEAR                                                  ,                         ,NON-CONTROLLED ACCESS - INTERSECTION-RELATED           ,FOUR-WAY INTERSECTION                                  ,"2-WAY, NOT DIVIDED                                     ",ANGLE (FRONT TO SIDE) (OTHER THAN LEFT TURN)           ,                         ,TPD_TRAFFIC_INCIDENTS,,,,,,
1006101.0,449491.970144353806973,38882,1605290260  ,184399,2,2016-05-29T13:19:35.000Z,1127,SUN,0,0,1,3104      ,3104-INJURY TRAFFIC ACCIDENT/BICYCLE                   ,1006101,449491.97,3RD ST E                      ,INSIDE                                                 ,TUCSON              ,N/A,     ,N/A,  ,At,COUNTRY CLUB RD N             ,        ,E ,3RD                                     ,ST  ,N ,COUNTRY CLUB                            ,RD  ,DAYLIGHT                                               ,CLEAR                                                  ,                         ,NON-CONTROLLED ACCESS - INTERSECTION (WITHIN)          ,FOUR-WAY INTERSECTION                                  ,"2-WAY, DIVIDED, UNPROT (PAINTED > 4 FEET) MEDIAN       ",SINGLE VEHICLE                                         ,                         ,TPD_TRAFFIC_INCIDENTS,\\central\data\Transportation\Traffic\Accident Data\2016\1605290260.pdf,,,,,
992609.859908137470484,470069.31003937125206,38907,1702060158  ,190890,2,2017-02-06T00:00:00.000Z,0904,MON,0,1,0,3214      ,3214-PROP DMG TRAF ACCIDENT/HIT & RUN/BICYCLE          ,992609.86,470069.31,TUCSON MALL DR                ,INSIDE                                                 ,TUCSON              ,Approximately,UNK  ,Feet,N ,From,STONE AV                      ,        ,N ,STONE                                   ,AV  ,E ,TUCSON MALL                             ,DR  ,DAYLIGHT                                               ,CLEAR                                                  ,                         ,NON-CONTROLLED ACCESS - INTERSECTION-RELATED           ,FOUR-WAY INTERSECTION                                  ,"2-WAY, NOT DIVIDED                                     ",OTHER                                                  ,PEDALCYCLE               ,TPD_TRAFFIC_INCIDENTS,\\central\data\Transportation\Traffic\Accident Data\2017\1702060158.pdf,,,,,
1022644.87007873877883,452877.529855646193027,38978,1609130471  ,187014,2,2016-09-13T00:00:00.000Z,1920,TUE,0,1,0,3114      ,3114-INJURY TRAF ACCIDENT/HIT & RUN/BICYCLE            ,1022644.87,452877.53,CAMDEN ST E                   ,INSIDE                                                 ,TUCSON              ,Approximately,10   ,Feet,E ,From,JEFFERSON AV N                ,        ,E ,CAMDEN                                  ,ST  ,N ,JEFFERSON                               ,AV  ,DUSK                                                   ,CLEAR                                                  ,                         ,NON-CONTROLLED ACCESS - INTERSECTION-RELATED           ,FOUR-WAY INTERSECTION                                  ,"2-WAY, NOT DIVIDED                                     ",SINGLE VEHICLE                                         ,                         ,TPD_TRAFFIC_INCIDENTS,\\central\data\Transportation\Traffic\Accident Data\2016\1609130471.pdf,,,,,
1002619.029855642467737,416996.299868769943714,38996,1612160134  ,189573,2,2016-12-15T00:00:00.000Z,1430,THU,0,1,0,3114      ,3114-INJURY TRAF ACCIDENT/HIT & RUN/BICYCLE            ,1002619.03,416996.3,S AVENIDA MONTES AZULES       ,INSIDE                                                 ,TUCSON              ,N/A,     ,N/A,  ,At,S AVENIDA CANECA              ,        ,S ,AVENIDA CANECA                          ,    ,S ,AVENIDA MONTES AZULES                   ,    ,DAYLIGHT                                               ,CLEAR                                                  ,                         ,NON-CONTROLLED ACCESS - INTERSECTION (WITHIN)          ,T-INTERSECTION                                         ,"2-WAY, NOT DIVIDED                                     ",SINGLE VEHICLE                                         ,                         ,TPD_TRAFFIC_INCIDENTS,\\central\data\Transportation\Traffic\Accident Data\2016\1612160134.pdf,,,,,
1041228,451164,39001,1811180377  ,206462,2,2018-11-18T00:00:00.000Z,1812,SUN,0,0,0,3204      ,3204-PROP DMG TRAF ACCIDENT/BICYCLE                    ,1041228,451164,KEESAL AV N                   ,INSIDE                                                 ,TUCSON              ,Approximately,UNK  ,Feet,S ,From,SPEEDWAY BL E                 ,        ,N ,KEESAL                                  ,AV  ,E ,SPEEDWAY                                ,BL  ,DARK-LIGHTED                                           ,CLEAR                                                  ,                         ,NON-CONTROLLED ACCESS - INTERSECTION-RELATED           ,T-INTERSECTION                                         ,"2-WAY, DIVIDED, UNPROT (PAINTED > 4 FEET) MEDIAN       ",OTHER                                                  ,BICYCLE                  ,TPD_TRAFFIC_INCIDENTS,\\central\data\Transportation\Traffic\Accident Data\2018\1811180377.pdf,,,,,
998064.43996062874794,460123.0,37064,1710170284  ,197273,2,2017-10-17T00:00:00.000Z,1130,TUE,0,0,0,3104      ,3104-INJURY TRAFFIC ACCIDENT/BICYCLE                   ,998064.44,460123,BLACKLIDGE DR E               ,INSIDE                                                 ,TUCSON              ,N/A,     ,N/A,  ,At,MOUNTAIN AV N                 ,        ,E ,BLACKLIDGE                              ,DR  ,N ,MOUNTAIN                                ,AV  ,DAYLIGHT                                               ,CLEAR                                                  ,                         ,NON-CONTROLLED ACCESS - INTERSECTION (WITHIN)          ,FOUR-WAY INTERSECTION                                  ,"2-WAY, NOT DIVIDED                                     ",SINGLE VEHICLE                                         ,                         ,TPD_TRAFFIC_INCIDENTS,\\central\data\Transportation\Traffic\Accident Data\2017\1710170284.pdf,,,,,
998064.43996062874794,460123.0,37066,1512180103  ,180481,2,2015-12-18T00:00:00.000Z,0810,FRI,0,0,0,3104      ,3104-INJURY TRAFFIC ACCIDENT/BICYCLE                   ,998064.44,460123,BLACKLIDGE DR E               ,INSIDE                                                 ,TUCSON              ,N/A,     ,N/A,  ,At,MOUNTAIN AV N                 ,        ,E ,BLACKLIDGE                              ,DR  ,N ,MOUNTAIN                                ,AV  ,DAWN                                                   ,CLEAR                                                  ,                         ,NON-CONTROLLED ACCESS - INTERSECTION (WITHIN)          ,FOUR-WAY INTERSECTION                                  ,"2-WAY, NOT DIVIDED                                     ",SINGLE VEHICLE                                         ,                         ,TPD_TRAFFIC_INCIDENTS,,,,,,
1021915.0,464767.740157477557659,37094,1808160104  ,204177,2,2018-08-16T00:00:00.000Z,0618,THU,0,0,1,3104      ,3104-INJURY TRAFFIC ACCIDENT/BICYCLE                   ,1021915,464767.74,CRAYCROFT RD                  ,INSIDE                                                 ,TUCSON              ,Approximately,300  ,Feet,S ,From,RIVER RD                      ,        ,N ,CRAYCROFT                               ,RD  ,E ,RIVER                                   ,RD  ,DAYLIGHT                                               ,CLOUDY                                                 ,                         ,NOT JUNCTION RELATED                                   ,,"2-WAY, DIVIDED, UNPROT (PAINTED > 4 FEET) MEDIAN       ",OTHER                                                  ,PEDALCYCLE               ,TPD_TRAFFIC_INCIDENTS,\\central\data\Transportation\Traffic\Accident Data\2018\1808160104.pdf,,,,,
1044512.43996062874794,459413.779855646193027,37111,1503080139  ,174558,2,2015-03-08T00:00:00.000Z,0725,SUN,0,0,0,3104      ,3104-INJURY TRAFFIC ACCIDENT/BICYCLE                   ,1044512.44,459413.78,TANQUE VERDE RD E             ,INSIDE                                                 ,TUCSON              ,Approximately,300  ,Feet,E ,From,BEAR CANYON RD N              ,        ,N ,BEAR CANYON                             ,RD  ,E ,TANQUE VERDE                            ,RD  ,DAYLIGHT                                               ,CLEAR                                                  ,                         ,NOT JUNCTION RELATED                                   ,,"2-WAY, DIVIDED POSITIVE MEDIAN BARRIER                 ",SINGLE VEHICLE                                         ,                         ,TPD_TRAFFIC_INCIDENTS,,,,,,
998187.31003937125206,447934.359908133745193,37152,1510180419  ,179045,2,2015-10-18T00:00:00.000Z,1850,SUN,0,1,1,3114      ,3114-INJURY TRAF ACCIDENT/HIT & RUN/BICYCLE            ,998187.31,447934.36,6TH ST E                      ,INSIDE                                                 ,TUCSON              ,N/A,     ,N/A,  ,At,MOUNTAIN AV N                 ,        ,E ,6TH                                     ,ST  ,N ,MOUNTAIN                                ,AV  ,DARK-LIGHTED                                           ,CLEAR                                                  ,                         ,NON-CONTROLLED ACCESS - INTERSECTION (WITHIN)          ,T-INTERSECTION                                         ,"2-WAY, NOT DIVIDED                                     ",SINGLE VEHICLE                                         ,                         ,TPD_TRAFFIC_INCIDENTS,,,,,,
993380.410104986280203,432904.330052495002747,37167,1609200496  ,187194,2,2016-09-20T00:00:00.000Z,0750,TUE,0,0,0,3104      ,3104-INJURY TRAFFIC ACCIDENT/BICYCLE                   ,993380.41,432904.33,6TH AV S                      ,INSIDE                                                 ,TUCSON              ,Approximately,100  ,Feet,S ,From,BENSON HY E                   ,        ,S ,6TH                                     ,AV  ,E ,BENSON                                  ,HY  ,DAYLIGHT                                               ,UNKNOWN                                                ,                         ,NOT JUNCTION RELATED                                   ,,"2-WAY, NOT DIVIDED WITH CONT LEFT TURN LANE            ",SINGLE VEHICLE                                         ,                         ,TPD_TRAFFIC_INCIDENTS,\\central\data\Transportation\Traffic\Accident Data\2016\1609200496.pdf,,,,,
1042681.62007873877883,435293.62007874250412,37183,1712030352  ,198496,2,2017-12-03T00:00:00.000Z,1425,SUN,0,0,0,3104      ,3104-INJURY TRAFFIC ACCIDENT/BICYCLE                   ,1042681.62,435293.62,GOLF LINKS RD E               ,INSIDE                                                 ,TUCSON              ,Approximately,100  ,Feet,E ,From,PANTANO PW S                  ,        ,E ,GOLF LINKS                              ,RD  ,S ,PANTANO                                 ,PW  ,DAYLIGHT                                               ,CLOUDY                                                 ,                         ,NON-CONTROLLED ACCESS - DRIVEWAY                       ,FOUR-WAY INTERSECTION                                  ,"2-WAY, DIVIDED, UNPROT (PAINTED > 4 FEET) MEDIAN       ",SINGLE VEHICLE                                         ,                         ,TPD_TRAFFIC_INCIDENTS,\\central\data\Transportation\Traffic\Accident Data\2017\1712030352.pdf,,,,,
990129.729986876249313,458700.729986876249313,37202,1710110442  ,197132,2,2017-10-11T00:00:00.000Z,1747,WED,0,0,0,3104      ,3104-INJURY TRAFFIC ACCIDENT/BICYCLE                   ,990129.73,458700.73,ORACLE RD N                   ,INSIDE                                                 ,TUCSON              ,Approximately,1/4  ,Miles,N ,From,GLENN ST W                    ,        ,W ,GLENN                                   ,ST  ,N ,ORACLE                                  ,RD  ,DAYLIGHT                                               ,CLEAR                                                  ,                         ,NON-CONTROLLED ACCESS - DRIVEWAY                       ,FOUR-WAY INTERSECTION                                  ,"2-WAY, DIVIDED, UNPROT (PAINTED > 4 FEET) MEDIAN       ",SINGLE VEHICLE                                         ,                         ,TPD_TRAFFIC_INCIDENTS,\\central\data\Transportation\Traffic\Accident Data\2017\1710110442.pdf,,,,,
990129.729986876249313,458700.729986876249313,37208,1611050495  ,188489,2,2016-11-05T00:00:00.000Z,2118,SAT,0,0,0,3104      ,3104-INJURY TRAFFIC ACCIDENT/BICYCLE                   ,990129.73,458700.73,ORACLE RD N                   ,INSIDE                                                 ,TUCSON              ,N/A,     ,N/A,  ,At,GLENN ST W                    ,        ,W ,GLENN                                   ,ST  ,N ,ORACLE                                  ,RD  ,DARK-LIGHTED                                           ,CLEAR                                                  ,                         ,NON-CONTROLLED ACCESS - INTERSECTION (WITHIN)          ,FOUR-WAY INTERSECTION                                  ,"2-WAY, DIVIDED, UNPROT (PAINTED > 4 FEET) MEDIAN       ",SINGLE VEHICLE                                         ,                         ,TPD_TRAFFIC_INCIDENTS,\\central\data\Transportation\Traffic\Accident Data\2016\1611050495.pdf,,,,,
1038018.18996062874794,441428.270013123750687,37218,1704030280  ,192467,2,2017-04-03T00:00:00.000Z,1131,MON,0,0,1,3104      ,3104-INJURY TRAFFIC ACCIDENT/BICYCLE                   ,1038018.19,441428.27,PANTANO RD S                  ,INSIDE                                                 ,TUCSON              ,Approximately,100  ,Feet,S ,From,BEVERLY ST E                  ,        ,E ,BEVERLY                                 ,ST  ,S ,PANTANO                                 ,RD  ,DAYLIGHT                                               ,CLEAR                                                  ,                         ,NON-CONTROLLED ACCESS - DRIVEWAY                       ,T-INTERSECTION                                         ,"2-WAY, DIVIDED, UNPROT (PAINTED > 4 FEET) MEDIAN       ",SINGLE VEHICLE                                         ,                         ,TPD_TRAFFIC_INCIDENTS,\\central\data\Transportation\Traffic\Accident Data\2017\1704030280.pdf,,,,,
999090.25,445619.200131230056286,37266,1802200006  ,200397,2,2018-02-20T00:00:00.000Z,0008,TUE,0,1,1,3114      ,3114-INJURY TRAF ACCIDENT/HIT & RUN/BICYCLE            ,999090.25,445619.2,BROADWAY BL                   ,INSIDE                                                 ,TUCSON              ,Approximately,150  ,Feet,E ,From,VINE AV                       ,        ,E ,BROADWAY                                ,BL  ,N ,VINE                                    ,AV  ,DARK-LIGHTED                                           ,RAIN                                                   ,                         ,NOT JUNCTION RELATED                                   ,,"2-WAY, NOT DIVIDED WITH CONT LEFT TURN LANE            ",OTHER                                                  ,PEDALCYCLE               ,TPD_TRAFFIC_INCIDENTS,\\central\data\Transportation\Traffic\Accident Data\2018\1802200006.pdf,,,,,
1002181.06003937125206,424502.25,37299,1508170229  ,177655,2,2015-08-17T00:00:00.000Z,1216,MON,0,0,1,3104      ,3104-INJURY TRAFFIC ACCIDENT/BICYCLE                   ,1002181.06,424502.25,IRVINGTON RD E                ,INSIDE                                                 ,TUCSON              ,Approximately,150  ,Feet,W ,From,GREENWAY DR S                 ,        ,S ,GREENWAY                                ,DR  ,E ,IRVINGTON                               ,RD  ,DAYLIGHT                                               ,CLEAR                                                  ,                         ,NON-CONTROLLED ACCESS - DRIVEWAY                       ,T-INTERSECTION                                         ,"2-WAY, NOT DIVIDED WITH CONT LEFT TURN LANE            ",SINGLE VEHICLE                                         ,                         ,TPD_TRAFFIC_INCIDENTS,,,,,,
1016716.729986876249313,448488.509842522442341,37312,1511010523  ,179426,3,2015-11-01T00:00:00.000Z,2236,SUN,0,0,1,3104      ,3104-INJURY TRAFFIC ACCIDENT/BICYCLE                   ,1016716.73,448488.51,N SWAN RD                     ,INSIDE                                                 ,TUCSON              ,Approximately,40   ,Feet,N ,From,E 5TH ST                      ,        ,E ,5TH                                     ,ST  ,N ,SWAN                                    ,RD  ,DARK-LIGHTED                                           ,CLEAR                                                  ,                         ,NON-CONTROLLED ACCESS - INTERSECTION-RELATED           ,FOUR-WAY INTERSECTION                                  ,"2-WAY, DIVIDED, UNPROT (PAINTED > 4 FEET) MEDIAN       ",SINGLE VEHICLE                                         ,                         ,TPD_TRAFFIC_INCIDENTS,,,,,,
998069.43996062874794,458772.279855646193027,37318,1511070253  ,179565,2,2015-11-07T00:00:00.000Z,1631,SAT,0,0,0,3204      ,3204-PROP DMG TRAF ACCIDENT/BICYCLE                    ,998069.44,458772.28,GLENN ST E                    ,INSIDE                                                 ,TUCSON              ,N/A,     ,N/A,  ,At,MOUNTAIN AV N                 ,        ,E ,GLENN                                   ,ST  ,N ,MOUNTAIN                                ,AV  ,DAYLIGHT                                               ,CLEAR                                                  ,                         ,NON-CONTROLLED ACCESS - INTERSECTION (WITHIN)          ,FOUR-WAY INTERSECTION                                  ,"2-WAY, NOT DIVIDED WITH CONT LEFT TURN LANE            ",SINGLE VEHICLE                                         ,                         ,TPD_TRAFFIC_INCIDENTS,,,,,,
990645.18996062874794,419093.279855646193027,37334,1803280461  ,201270,2,2018-03-28T00:00:00.000Z,1736,WED,0,1,0,3114      ,3114-INJURY TRAF ACCIDENT/HIT & RUN/BICYCLE            ,990645.19,419093.28,12TH AV S                     ,INSIDE                                                 ,TUCSON              ,N/A,     ,N/A,  ,At,DREXEL RD W                   ,        ,S ,12TH                                    ,AV  ,W ,DREXEL                                  ,RD  ,DAYLIGHT                                               ,CLEAR                                                  ,                         ,NON-CONTROLLED ACCESS - INTERSECTION (WITHIN)          ,FOUR-WAY INTERSECTION                                  ,"2-WAY, NOT DIVIDED WITH CONT LEFT TURN LANE            ",OTHER                                                  ,PEDALCYCLIST             ,TPD_TRAFFIC_INCIDENTS,\\central\data\Transportation\Traffic\Accident Data\2018\1803280461.pdf,,,,,
1027397.56003937125206,447289.339895009994507,37434,1406230501  ,169625,2,2014-06-23T00:00:00.000Z,1802,MON,0,0,1,3104      ,3104-INJURY TRAFFIC ACCIDENT/BICYCLE                   ,1027397.56,447289.34,E CARONDELET DR               ,INSIDE                                                 ,TUCSON              ,N/A,     ,N/A,  ,At,N WILMOT RD                   ,        ,E ,CARONDELET                              ,DR  ,N ,WILMOT                                  ,RD  ,DAYLIGHT                                               ,CLEAR                                                  ,                         ,NON-CONTROLLED ACCESS - INTERSECTION (WITHIN)          ,FOUR-WAY INTERSECTION                                  ,"2-WAY, NOT DIVIDED WITH CONT LEFT TURN LANE            ",ANGLE (FRONT TO SIDE) (OTHER THAN LEFT TURN)           ,                         ,TPD_TRAFFIC_INCIDENTS,,,,,,