X,Y,OBJECTID,acci_id,tamainid,numunits,AccidentDate,AccidentTime,DayOfWeek,WasFatal,WasHitAndRun,TransImmedMedCare,UCRCode,UCRDescription,CoordX,CoordY,Location,Inside_Outside,City,Accuracy,Distance,Units,Direction,From_At,IntersectingStreet,AddrNumber,AddrDirection,AddrStreetName,AddrStreetNameSuffix,CrossStreetDirection,CrossStreetName,CrossStreetSuffix,LightConditionDescription,WeatherDescription,WeatherOther,RelationDescription,IntersectionTypeDescription,RoadConfigurationDescription,MannerOfCrashDescription,MannerOfCrashOther,DATASOURCE,URL,F7Days,F28Days,COMPSTAT_28D,WEEKLY_7D,AccidentDateTime
992022.81003937125206,458731.450131230056286,37454,1710010214  ,196883,2,2017-10-01T00:00:00.000Z,0928,SUN,0,0,0,3104      ,3104-INJURY TRAFFIC ACCIDENT/BICYCLE                   ,992022.81,458731.45,N STONE AV                    ,INSIDE                                                 ,TUCSON              ,N/A,     ,N/A,  ,At,E GLENN ST                    ,        ,E ,GLENN                                   ,ST  ,N ,STONE                                   ,AV  ,DAYLIGHT                                               ,CLEAR                                                  ,                         ,NON-CONTROLLED ACCESS - INTERSECTION (WITHIN)          ,FOUR-WAY INTERSECTION                                  ,"2-WAY, NOT DIVIDED WITH CONT LEFT TURN LANE            ",SINGLE VEHICLE                                         ,                         ,TPD_TRAFFIC_INCIDENTS,\\central\data\Transportation\Traffic\Accident Data\2017\1710010214.pdf,,,,,
1024627.220144357532263,453865.0,37482,1502210297  ,174223,2,2015-02-21T00:00:00.000Z,1532,SAT,0,1,0,3114      ,3114-INJURY TRAF ACCIDENT/HIT & RUN/BICYCLE            ,1024627.22,453865,E PIMA ST                     ,INSIDE                                                 ,TUCSON              ,Approximately,12   ,Feet,W ,From,N SAHUARA AV                  ,        ,E ,PIMA                                    ,ST  ,N ,SAHUARA                                 ,AV  ,DAYLIGHT                                               ,CLEAR                                                  ,                         ,NON-CONTROLLED ACCESS - INTERSECTION-RELATED           ,FOUR-WAY INTERSECTION                                  ,"2-WAY, NOT DIVIDED WITH CONT LEFT TURN LANE            ",ANGLE (FRONT TO SIDE) (OTHER THAN LEFT TURN)           ,                         ,TPD_TRAFFIC_INCIDENTS,,,,,,
995403.68996062874794,460879.609908133745193,37500,1702060529  ,190907,2,2017-02-06T00:00:00.000Z,1729,MON,0,0,0,3104      ,3104-INJURY TRAFFIC ACCIDENT/BICYCLE                   ,995403.69,460879.61,1ST AV N                      ,INSIDE                                                 ,TUCSON              ,N/A,     ,N/A,  ,At,BUDDY LN E                    ,        ,N ,1ST                                     ,AV  ,E ,BUDDY                                   ,LN  ,DAYLIGHT                                               ,CLEAR                                                  ,                         ,NON-CONTROLLED ACCESS - INTERSECTION (WITHIN)          ,T-INTERSECTION                                         ,"2-WAY, NOT DIVIDED WITH CONT LEFT TURN LANE            ",SINGLE VEHICLE                                         ,                         ,TPD_TRAFFIC_INCIDENTS,\\central\data\Transportation\Traffic\Accident Data\2017\1702060529.pdf,,,,,
1032740.600065615028143,437797.200131230056286,37506,1903270535  ,209530,2,2019-03-27T00:00:00.000Z,1558,WED,0,0,0,3104      ,3104-INJURY TRAFFIC ACCIDENT/BICYCLE                   ,1032740.6,437797.2,29TH ST                       ,INSIDE                                                 ,TUCSON              ,Approximately,UNK  ,Feet,N ,From,KOLB RD                       ,        ,E ,29TH                                    ,ST  ,S ,KOLB                                    ,RD  ,DAYLIGHT                                               ,CLEAR                                                  ,                         ,NON-CONTROLLED ACCESS - INTERSECTION (WITHIN)          ,FOUR-WAY INTERSECTION                                  ,"2-WAY, DIVIDED, UNPROT (PAINTED > 4 FEET) MEDIAN       ",OTHER                                                  ,PEDALCYCLE               ,TPD_TRAFFIC_INCIDENTS,\\central\data\Transportation\Traffic\Accident Data\2019\1903270535.pdf,,,,,
996469.339895013719797,447912.75,37510,1710080135  ,197078,2,2017-10-08T00:00:00.000Z,0730,SUN,0,0,0,3104      ,3104-INJURY TRAFFIC ACCIDENT/BICYCLE                   ,996469.34,447912.75,6TH ST E                      ,INSIDE                                                 ,TUCSON              ,N/A,     ,N/A,  ,At,TYNDALL AV N                  ,        ,E ,6TH                                     ,ST  ,N ,TYNDALL                                 ,AV  ,DAYLIGHT                                               ,CLEAR                                                  ,                         ,NON-CONTROLLED ACCESS - INTERSECTION (WITHIN)          ,FOUR-WAY INTERSECTION                                  ,"2-WAY, NOT DIVIDED                                     ",SINGLE VEHICLE                                         ,                         ,TPD_TRAFFIC_INCIDENTS,\\central\data\Transportation\Traffic\Accident Data\2017\1710080135.pdf,,,,,
1005984.919947504997253,461528.68996062874794,37662,1612070108  ,189323,2,2016-12-07T00:00:00.000Z,0804,WED,0,0,0,3104      ,3104-INJURY TRAFFIC ACCIDENT/BICYCLE                   ,1005984.92,461528.69,COUNTRY CLUB RD N             ,,TUCSON              ,N/A,     ,N/A,  ,At,FORT LOWELL RD E              ,        ,N ,COUNTRY CLUB                            ,RD  ,E ,FORT LOWELL                             ,RD  ,DAYLIGHT                                               ,CLEAR                                                  ,                         ,NON-CONTROLLED ACCESS - INTERSECTION (WITHIN)          ,Y-INTERSECTION                                         ,"2-WAY, NOT DIVIDED                                     ",ANGLE (FRONT TO SIDE) (OTHER THAN LEFT TURN)           ,                         ,TPD_TRAFFIC_INCIDENTS,\\central\data\Transportation\Traffic\Accident Data\2016\1612070108.pdf,,,,,
1003440.160104986280203,451003.520013123750687,37738,1811300141  ,206724,2,2018-11-30T00:00:00.000Z,0924,FRI,0,0,1,3104      ,3104-INJURY TRAFFIC ACCIDENT/BICYCLE                   ,1003440.16,451003.52,SPEEDWAY BL                   ,INSIDE                                                 ,TUCSON              ,N/A,     ,N/A,  ,At,N TUCSON BL                   ,        ,E ,SPEEDWAY                                ,BL  ,N ,TUCSON                                  ,BL  ,DAYLIGHT                                               ,CLEAR                                                  ,                         ,NON-CONTROLLED ACCESS - INTERSECTION (WITHIN)          ,FOUR-WAY INTERSECTION                                  ,"2-WAY, DIVIDED, UNPROT (PAINTED > 4 FEET) MEDIAN       ",OTHER                                                  ,PEDALCYCLE               ,TPD_TRAFFIC_INCIDENTS,\\central\data\Transportation\Traffic\Accident Data\2018\1811300141.pdf,,,,,
984863.75,463162.169947504997253,37740,1802060451  ,200052,2,2018-02-06T00:00:00.000Z,1814,TUE,0,0,0,3104      ,3104-INJURY TRAFFIC ACCIDENT/BICYCLE                   ,984863.75,463162.17,FLOWING WELLS RD N            ,INSIDE                                                 ,TUCSON              ,Approximately,UNK  ,Feet,N ,From,KILBURN ST W                  ,        ,N ,FLOWING WELLS                           ,RD  ,W ,KILBURN                                 ,ST  ,DAYLIGHT                                               ,CLEAR                                                  ,                         ,NOT JUNCTION RELATED                                   ,,"2-WAY, NOT DIVIDED WITH CONT LEFT TURN LANE            ",OTHER                                                  ,PEDALCYCLE               ,TPD_TRAFFIC_INCIDENTS,\\central\data\Transportation\Traffic\Accident Data\2018\1802060451.pdf,,,,,
991916.75,465288.959973752498627,37743,1502210381  ,174228,2,2015-02-21T00:00:00.000Z,1841,SAT,0,1,0,3114      ,3114-INJURY TRAF ACCIDENT/HIT & RUN/BICYCLE            ,991916.75,465288.96,PASTIME RD E                  ,INSIDE                                                 ,TUCSON              ,N/A,     ,N/A,  ,At,STONE AV N                    ,        ,E ,PASTIME                                 ,RD  ,N ,STONE                                   ,AV  ,DARK-LIGHTED                                           ,CLEAR                                                  ,                         ,NON-CONTROLLED ACCESS - INTERSECTION (WITHIN)          ,FOUR-WAY INTERSECTION                                  ,"2-WAY, NOT DIVIDED                                     ",SINGLE VEHICLE                                         ,                         ,TPD_TRAFFIC_INCIDENTS,,,,,,
991916.75,465288.959973752498627,37745,1608010375  ,185873,2,2016-08-01T00:00:00.000Z,1706,MON,0,1,0,3214      ,3214-PROP DMG TRAF ACCIDENT/HIT & RUN/BICYCLE          ,991916.75,465288.96,STONE AV N                    ,INSIDE                                                 ,TUCSON              ,N/A,     ,N/A,  ,At,PASTIME RD E                  ,        ,E ,PASTIME                                 ,RD  ,N ,STONE                                   ,AV  ,DAYLIGHT                                               ,CLOUDY                                                 ,                         ,NON-CONTROLLED ACCESS - INTERSECTION (WITHIN)          ,FOUR-WAY INTERSECTION                                  ,"2-WAY, NOT DIVIDED WITH CONT LEFT TURN LANE            ",SINGLE VEHICLE                                         ,                         ,TPD_TRAFFIC_INCIDENTS,\\central\data\Transportation\Traffic\Accident Data\2016\1608010375.pdf,,,,,
992648.479986876249313,469266.009842522442341,37750,1604220236  ,183448,2,2016-04-22T00:00:00.000Z,1205,FRI,0,0,0,3104      ,3104-INJURY TRAFFIC ACCIDENT/BICYCLE                   ,992648.48,469266.01,STONE AV N                    ,INSIDE                                                 ,TUCSON              ,N/A,     ,N/A,  ,At,WETMORE RD E                  ,        ,N ,STONE                                   ,AV  ,E ,WETMORE                                 ,RD  ,DAYLIGHT                                               ,CLEAR                                                  ,                         ,NON-CONTROLLED ACCESS - INTERSECTION (WITHIN)          ,FOUR-WAY INTERSECTION                                  ,"2-WAY, DIVIDED, UNPROT (PAINTED > 4 FEET) MEDIAN       ",SINGLE VEHICLE                                         ,                         ,TPD_TRAFFIC_INCIDENTS,\\central\data\Transportation\Traffic\Accident Data\2016\1604220236.pdf,,,,,
1007321.089895013719797,456264.330052495002747,37767,1411080415  ,171989,2,2014-11-08T00:00:00.000Z,2006,SAT,0,0,0,3104      ,3104-INJURY TRAFFIC ACCIDENT/BICYCLE                   ,1007321.09,456264.33,E GRANT RD                    ,INSIDE                                                 ,TUCSON              ,N/A,     ,N/A,  ,At,N EDITH BL                    ,        ,N ,EDITH                                   ,BL  ,E ,GRANT                                   ,RD  ,DARK-LIGHTED                                           ,CLEAR                                                  ,                         ,NON-CONTROLLED ACCESS - INTERSECTION-RELATED           ,T-INTERSECTION                                         ,"2-WAY, DIVIDED, UNPROT (PAINTED > 4 FEET) MEDIAN       ",ANGLE (FRONT TO SIDE) (OTHER THAN LEFT TURN)           ,                         ,TPD_TRAFFIC_INCIDENTS,,,,,,
1007321.089895013719797,456264.330052495002747,37769,1406190373  ,169558,2,2014-06-19T00:00:00.000Z,1602,THU,0,0,0,3104      ,3104-INJURY TRAFFIC ACCIDENT/BICYCLE                   ,1007321.09,456264.33,GRANT RD E                    ,INSIDE                                                 ,TUCSON              ,N/A,     ,N/A,  ,At,EDITH BL N                    ,        ,N ,EDITH                                   ,BL  ,E ,GRANT                                   ,RD  ,DAYLIGHT                                               ,CLEAR                                                  ,                         ,NON-CONTROLLED ACCESS - INTERSECTION (WITHIN)          ,T-INTERSECTION                                         ,"2-WAY, NOT DIVIDED WITH CONT LEFT TURN LANE            ",ANGLE (FRONT TO SIDE) (OTHER THAN LEFT TURN)           ,                         ,TPD_TRAFFIC_INCIDENTS,,,,,,
988224.37007873877883,450731.220144353806973,37798,1602290428  ,182199,2,2016-02-29T00:00:00.000Z,1821,MON,0,1,0,3114      ,3114-INJURY TRAF ACCIDENT/HIT & RUN/BICYCLE            ,988224.37,450731.22,SPEEDWAY BL W                 ,INSIDE                                                 ,TUCSON              ,N/A,     ,N/A,  ,At,I10 FRONTAGE RD E             ,        ,E ,I10 FRONTAGE                            ,RD  ,W ,SPEEDWAY                                ,BL  ,DUSK                                                   ,CLEAR                                                  ,                         ,NON-CONTROLLED ACCESS - INTERSECTION (WITHIN)          ,FOUR-WAY INTERSECTION                                  ,"2-WAY, DIVIDED POSITIVE MEDIAN BARRIER                 ",SINGLE VEHICLE                                         ,                         ,TPD_TRAFFIC_INCIDENTS,,,,,,
994599.18996062874794,464016.970144353806973,37804,1609160222  ,187070,2,2016-09-16T00:00:00.000Z,1019,FRI,0,0,0,3104      ,3104-INJURY TRAFFIC ACCIDENT/BICYCLE                   ,994599.19,464016.97,PRINCE RD E                   ,INSIDE                                                 ,TUCSON              ,N/A,     ,N/A,  ,At,LOS ALTOS AV N                ,        ,N ,LOS ALTOS                               ,AV  ,E ,PRINCE                                  ,RD  ,DAYLIGHT                                               ,CLEAR                                                  ,                         ,NON-CONTROLLED ACCESS - INTERSECTION (WITHIN)          ,T-INTERSECTION                                         ,"2-WAY, NOT DIVIDED WITH CONT LEFT TURN LANE            ",SINGLE VEHICLE                                         ,                         ,TPD_TRAFFIC_INCIDENTS,\\central\data\Transportation\Traffic\Accident Data\2016\1609160222.pdf,,,,,
995342.470144357532263,465355.669947504997253,37816,1711100256  ,197922,2,2017-11-10T00:00:00.000Z,1350,FRI,0,0,0,3104      ,3104-INJURY TRAFFIC ACCIDENT/BICYCLE                   ,995342.47,465355.67,1ST AV N                      ,INSIDE                                                 ,TUCSON              ,Approximately,50   ,Feet,S ,From,PASTIME RD E                  ,        ,N ,1ST                                     ,AV  ,E ,PASTIME                                 ,RD  ,DAYLIGHT                                               ,CLEAR                                                  ,                         ,NON-CONTROLLED ACCESS - DRIVEWAY                       ,FOUR-WAY INTERSECTION                                  ,"2-WAY, NOT DIVIDED WITH CONT LEFT TURN LANE            ",ANGLE (FRONT TO SIDE) (OTHER THAN LEFT TURN)           ,                         ,TPD_TRAFFIC_INCIDENTS,\\central\data\Transportation\Traffic\Accident Data\2017\1711100256.pdf,,,,,
988866.220144357532263,456020.080052495002747,37830,1605160118  ,184059,2,2016-05-16T00:00:00.000Z,0547,MON,0,0,1,3104      ,3104-INJURY TRAFFIC ACCIDENT/BICYCLE                   ,988866.22,456020.08,W GRANT RD                    ,INSIDE                                                 ,TUCSON              ,N/A,     ,N/A,  ,At,N 15TH AV                     ,        ,N ,15TH                                    ,AV  ,W ,GRANT                                   ,RD  ,DAYLIGHT                                               ,CLEAR                                                  ,                         ,NON-CONTROLLED ACCESS - INTERSECTION (WITHIN)          ,FOUR-WAY INTERSECTION                                  ,"2-WAY, DIVIDED, UNPROT (PAINTED > 4 FEET) MEDIAN       ",SINGLE VEHICLE                                         ,                         ,TPD_TRAFFIC_INCIDENTS,\\central\data\Transportation\Traffic\Accident Data\2016\1605160118.pdf,,,,,
999475.18996062874794,450938.520013123750687,37851,1509300322  ,178616,2,2015-09-30T00:00:00.000Z,1437,WED,0,0,0,3104      ,3104-INJURY TRAFFIC ACCIDENT/BICYCLE                   ,999475.19,450938.52,CHERRY AV N                   ,INSIDE                                                 ,TUCSON              ,N/A,     ,N/A,  ,At,SPEEDWAY BL E                 ,        ,N ,CHERRY                                  ,AV  ,E ,SPEEDWAY                                ,BL  ,DAYLIGHT                                               ,CLEAR                                                  ,                         ,NON-CONTROLLED ACCESS - INTERSECTION (WITHIN)          ,FOUR-WAY INTERSECTION                                  ,"2-WAY, NOT DIVIDED                                     ",SINGLE VEHICLE                                         ,                         ,TPD_TRAFFIC_INCIDENTS,,,,,,
999475.18996062874794,450938.520013123750687,37854,1602220010  ,182022,2,2016-02-22T00:00:00.000Z,0003,MON,0,0,0,3104      ,3104-INJURY TRAFFIC ACCIDENT/BICYCLE                   ,999475.19,450938.52,CHERRY AV N                   ,INSIDE                                                 ,TUCSON              ,N/A,     ,N/A,  ,At,SPEEDWAY BL E                 ,        ,N ,CHERRY                                  ,AV  ,E ,SPEEDWAY                                ,BL  ,DARK-LIGHTED                                           ,CLEAR                                                  ,                         ,NON-CONTROLLED ACCESS - INTERSECTION (WITHIN)          ,FOUR-WAY INTERSECTION                                  ,"2-WAY, DIVIDED, UNPROT (PAINTED > 4 FEET) MEDIAN       ",SINGLE VEHICLE                                         ,                         ,TPD_TRAFFIC_INCIDENTS,,,,,,
999475.18996062874794,450938.520013123750687,37855,1510200439  ,179114,2,2015-10-20T00:00:00.000Z,1657,TUE,0,1,0,3114      ,3114-INJURY TRAF ACCIDENT/HIT & RUN/BICYCLE            ,999475.19,450938.52,SPEEDWAY BL E                 ,INSIDE                                                 ,TUCSON              ,N/A,     ,N/A,  ,At,CHERRY AV N                   ,        ,N ,CHERRY                                  ,AV  ,E ,SPEEDWAY                                ,BL  ,DAYLIGHT                                               ,CLOUDY                                                 ,                         ,NON-CONTROLLED ACCESS - INTERSECTION (WITHIN)          ,FOUR-WAY INTERSECTION                                  ,"2-WAY, DIVIDED, UNPROT (PAINTED > 4 FEET) MEDIAN       ",SINGLE VEHICLE                                         ,                         ,TPD_TRAFFIC_INCIDENTS,,,,,,
1001184.62007873877883,423167.410104990005493,37860,1605250228  ,184306,2,2016-05-25T00:00:00.000Z,1158,WED,0,0,0,3104      ,3104-INJURY TRAFFIC ACCIDENT/BICYCLE                   ,1001184.62,423167.41,E WYOMING ST                  ,INSIDE                                                 ,TUCSON              ,N/A,     ,N/A,  ,At,S CAMPBELL AV                 ,        ,S ,CAMPBELL                                ,AV  ,E ,WYOMING                                 ,ST  ,DAYLIGHT                                               ,CLEAR                                                  ,                         ,NON-CONTROLLED ACCESS - INTERSECTION (WITHIN)          ,FOUR-WAY INTERSECTION                                  ,"2-WAY, NOT DIVIDED                                     ",SINGLE VEHICLE                                         ,                         ,TPD_TRAFFIC_INCIDENTS,\\central\data\Transportation\Traffic\Accident Data\2016\1605250228.pdf,,,,,
982989.68996062874794,450664.450131230056286,37890,1507240205  ,177132,2,2015-07-24T00:00:00.000Z,1247,FRI,0,0,0,3104      ,3104-INJURY TRAFFIC ACCIDENT/BICYCLE                   ,982989.69,450664.45,SPEEDWAY BL W                 ,INSIDE                                                 ,TUCSON              ,Approximately,5    ,Feet,W ,From,EL RIO DR N                   ,        ,N ,EL RIO                                  ,DR  ,W ,SPEEDWAY                                ,BL  ,DAYLIGHT                                               ,CLEAR                                                  ,                         ,NON-CONTROLLED ACCESS - INTERSECTION-RELATED           ,FOUR-WAY INTERSECTION                                  ,"2-WAY, DIVIDED, UNPROT (PAINTED > 4 FEET) MEDIAN       ",SINGLE VEHICLE                                         ,                         ,TPD_TRAFFIC_INCIDENTS,,,,,,
998077.06003937125206,461400.160104990005493,37900,1510280330  ,179293,2,2015-10-28T00:00:00.000Z,1537,WED,0,0,0,3104      ,3104-INJURY TRAFFIC ACCIDENT/BICYCLE                   ,998077.06,461400.16,MOUNTAIN AV N                 ,INSIDE                                                 ,TUCSON              ,N/A,     ,N/A,  ,At,FORT LOWELL RD E              ,        ,E ,FORT LOWELL                             ,RD  ,N ,MOUNTAIN                                ,AV  ,DAYLIGHT                                               ,CLEAR                                                  ,                         ,NON-CONTROLLED ACCESS - INTERSECTION (WITHIN)          ,FOUR-WAY INTERSECTION                                  ,"2-WAY, NOT DIVIDED WITH CONT LEFT TURN LANE            ",SINGLE VEHICLE                                         ,                         ,TPD_TRAFFIC_INCIDENTS,,,,,,
998077.06003937125206,461400.160104990005493,37901,1607110131  ,185341,2,2016-07-11T00:00:00.000Z,0705,MON,1,0,0,3004      ,3004-FATAL TRAFFIC ACCIDENT/BICYCLE                    ,998077.06,461400.16,FORT LOWELL RD E              ,INSIDE                                                 ,TUCSON              ,N/A,     ,N/A,  ,At,MOUNTAIN AV N                 ,        ,E ,FORT LOWELL                             ,RD  ,N ,MOUNTAIN                                ,AV  ,DAYLIGHT                                               ,CLEAR                                                  ,                         ,NON-CONTROLLED ACCESS - INTERSECTION (WITHIN)          ,FOUR-WAY INTERSECTION                                  ,"2-WAY, NOT DIVIDED WITH CONT LEFT TURN LANE            ",SINGLE VEHICLE                                         ,                         ,TPD_TRAFFIC_INCIDENTS,\\central\data\Transportation\Traffic\Accident Data\2016\1607110131.pdf,,,,,
998077.06003937125206,461400.160104990005493,37907,1707070268  ,194742,2,2017-07-07T00:00:00.000Z,1314,FRI,0,0,0,3104      ,3104-INJURY TRAFFIC ACCIDENT/BICYCLE                   ,998077.06,461400.16,FORT LOWELL RD E              ,INSIDE                                                 ,TUCSON              ,Approximately,UNK  ,Feet,W ,From,MOUNTAIN AV N                 ,        ,E ,FORT LOWELL                             ,RD  ,N ,MOUNTAIN                                ,AV  ,DAYLIGHT                                               ,CLEAR                                                  ,                         ,NON-CONTROLLED ACCESS - DRIVEWAY                       ,FOUR-WAY INTERSECTION                                  ,"2-WAY, NOT DIVIDED WITH CONT LEFT TURN LANE            ",REAR END (FRONT TO REAR)                               ,                         ,TPD_TRAFFIC_INCIDENTS,\\central\data\Transportation\Traffic\Accident Data\2017\1707070268.pdf,,,,,
1011448.56003937125206,443808.5,37929,1603030535  ,182285,3,2016-03-03T00:00:00.000Z,1800,THU,0,0,1,3104      ,3104-INJURY TRAFFIC ACCIDENT/BICYCLE                   ,1011448.56,443808.5,ALVERNON WY S                 ,INSIDE                                                 ,TUCSON              ,N/A,     ,N/A,  ,At,TIMROD ST E                   ,        ,S ,ALVERNON                                ,WY  ,E ,TIMROD                                  ,ST  ,DAYLIGHT                                               ,CLEAR                                                  ,                         ,NON-CONTROLLED ACCESS - INTERSECTION (WITHIN)          ,T-INTERSECTION                                         ,"2-WAY, DIVIDED, UNPROT (PAINTED > 4 FEET) MEDIAN       ",SINGLE VEHICLE                                         ,                         ,TPD_TRAFFIC_INCIDENTS,,,,,,
994032.37007873877883,452172.839895009994507,37957,1510220312  ,179161,2,2015-10-22T00:00:00.000Z,1458,THU,0,0,1,3104      ,3104-INJURY TRAFFIC ACCIDENT/BICYCLE                   ,994032.37,452172.84,N 4TH AV                      ,INSIDE                                                 ,TUCSON              ,N/A,     ,N/A,  ,At,E DRACHMAN ST                 ,        ,N ,4TH                                     ,AV  ,E ,DRACHMAN                                ,ST  ,DAYLIGHT                                               ,CLEAR                                                  ,                         ,NON-CONTROLLED ACCESS - INTERSECTION (WITHIN)          ,FOUR-WAY INTERSECTION                                  ,"2-WAY, NOT DIVIDED                                     ",SINGLE VEHICLE                                         ,                         ,TPD_TRAFFIC_INCIDENTS,,,,,,
994032.37007873877883,452172.839895009994507,37958,1502090388  ,173955,2,2015-02-09T00:00:00.000Z,1724,MON,0,0,0,3104      ,3104-INJURY TRAFFIC ACCIDENT/BICYCLE                   ,994032.37,452172.84,4TH AV N                      ,INSIDE                                                 ,TUCSON              ,N/A,     ,N/A,  ,At,DRACHMAN ST E                 ,        ,N ,4TH                                     ,AV  ,E ,DRACHMAN                                ,ST  ,DAYLIGHT                                               ,CLEAR                                                  ,                         ,CONTROLLED ACCESS - INTERSECTION (WITHIN)              ,ROUNDABOUT                                             ,"2-WAY, NOT DIVIDED WITH CONT LEFT TURN LANE            ",ANGLE (FRONT TO SIDE) (OTHER THAN LEFT TURN)           ,                         ,TPD_TRAFFIC_INCIDENTS,,,,,,
994032.37007873877883,452172.839895009994507,37959,1810050432  ,205361,2,2018-10-05T00:00:00.000Z,1731,FRI,0,0,0,3104      ,3104-INJURY TRAFFIC ACCIDENT/BICYCLE                   ,994032.37,452172.84,4TH AV N                      ,INSIDE                                                 ,TUCSON              ,N/A,     ,N/A,  ,At,DRACHMAN ST E                 ,        ,N ,4TH                                     ,AV  ,E ,DRACHMAN                                ,ST  ,DAYLIGHT                                               ,CLEAR                                                  ,                         ,NON-CONTROLLED ACCESS - INTERSECTION (WITHIN)          ,ROUNDABOUT                                             ,"2-WAY, NOT DIVIDED                                     ",OTHER                                                  ,PEDALCYCLE               ,TPD_TRAFFIC_INCIDENTS,\\central\data\Transportation\Traffic\Accident Data\2018\1810050432.pdf,,,,,
1024614.720144357532263,456506.470144353806973,37981,1603050184  ,182313,2,2016-03-05T00:00:00.000Z,0935,SAT,0,0,0,3104      ,3104-INJURY TRAFFIC ACCIDENT/BICYCLE                   ,1024614.72,456506.47,GRANT RD E                    ,INSIDE                                                 ,TUCSON              ,N/A,     ,N/A,  ,At,SAHUARA AV N                  ,        ,E ,GRANT                                   ,RD  ,N ,SAHUARA                                 ,AV  ,DAYLIGHT                                               ,CLEAR                                                  ,                         ,NON-CONTROLLED ACCESS - INTERSECTION (WITHIN)          ,T-INTERSECTION                                         ,"2-WAY, DIVIDED, UNPROT (PAINTED > 4 FEET) MEDIAN       ",SINGLE VEHICLE                                         ,                         ,TPD_TRAFFIC_INCIDENTS,,,,,,
995210.970144357532263,445348.970144353806973,39052,1809150250  ,204841,2,2018-09-15T00:00:00.000Z,1043,SAT,0,0,0,3104      ,3104-INJURY TRAFFIC ACCIDENT/BICYCLE                   ,995210.97,445348.97,AVIATION PW EB ON RAMP        ,INSIDE                                                 ,TUCSON              ,Approximately,25   ,Feet,E ,From,BROADWAY BL                   ,        ,E ,AVIATION PW EB ON RAMP                  ,    ,E ,BROADWAY                                ,BL  ,DAYLIGHT                                               ,CLEAR                                                  ,                         ,NON-CONTROLLED ACCESS - INTERSECTION-RELATED           ,T-INTERSECTION                                         ,ONE WAY TRAFFICWAY                                     ,OTHER                                                  ,PEDALCYCLE               ,TPD_TRAFFIC_INCIDENTS,\\central\data\Transportation\Traffic\Accident Data\2018\1809150250.pdf,,,,,
1012423,411439,39147,1711150489  ,198047,2,2017-11-15T00:00:00.000Z,1656,WED,0,1,0,3114      ,3114-INJURY TRAF ACCIDENT/HIT & RUN/BICYCLE            ,1012423,411439,COPPER BLOOM AV S             ,INSIDE                                                 ,TUCSON              ,N/A,     ,N/A,  ,At,ANGEL SPIRIT DR E             ,        ,E ,ANGEL SPIRIT                            ,DR  ,S ,COPPER BLOOM                            ,AV  ,DAYLIGHT                                               ,CLEAR                                                  ,                         ,NON-CONTROLLED ACCESS - INTERSECTION (WITHIN)          ,T-INTERSECTION                                         ,"2-WAY, NOT DIVIDED                                     ",OTHER                                                  ,PEDALCYCLIST             ,TPD_TRAFFIC_INCIDENTS,\\central\data\Transportation\Traffic\Accident Data\2017\1711150489.pdf,,,,,
1006191.979986876249313,443000.62007874250412,39151,1803090131  ,200799,2,2018-03-08T00:00:00.000Z,1725,THU,0,1,0,3114      ,3114-INJURY TRAF ACCIDENT/HIT & RUN/BICYCLE            ,1006191.98,443000.62,COUNTRY CLUB RD S             ,INSIDE                                                 ,TUCSON              ,Approximately,1/8  ,Miles,S ,From,WINSETT ST E                  ,        ,S ,COUNTRY CLUB                            ,RD  ,E ,WINSETT                                 ,ST  ,DUSK                                                   ,CLEAR                                                  ,                         ,NOT JUNCTION RELATED                                   ,,"2-WAY, NOT DIVIDED                                     ",OTHER                                                  ,PEDALCYCLIST             ,TPD_TRAFFIC_INCIDENTS,\\central\data\Transportation\Traffic\Accident Data\2018\1803090131.pdf,,,,,
1028832.87992126122117,435193.229986876249313,39264,1909190309  ,213681,2,2019-09-19T00:00:00.000Z,2140,THU,0,0,0,3104      ,3104-INJURY TRAFFIC ACCIDENT/BICYCLE                   ,1028832.88,435193.23,GOLF LINKS RD                 ,INSIDE                                                 ,TUCSON              ,Approximately,UNK  ,Feet,E ,From,S CALLE POLAR                 ,        ,S ,CALLE POLAR                             ,    ,E ,GOLF LINKS                              ,RD  ,DARK-LIGHTED                                           ,CLEAR                                                  ,                         ,NON-CONTROLLED ACCESS - INTERSECTION-RELATED           ,T-INTERSECTION                                         ,"2-WAY, DIVIDED, UNPROT (PAINTED > 4 FEET) MEDIAN       ",,PEDALCYCLE               ,TPD_TRAFFIC_INCIDENTS,\\central\data\Transportation\Traffic\Accident Data\2019\1909190309.pdf,,,,,
992735.740157481282949,456089.350065618753433,39278,1909160179  ,213604,2,2019-09-16T00:00:00.000Z,1607,MON,1,0,1,3004      ,3004-FATAL TRAFFIC ACCIDENT/BICYCLE                    ,992735.74,456089.35,GRANT RD E                    ,INSIDE                                                 ,TUCSON              ,Approximately,UNK  ,Feet,E ,From,ESTRELLA AV N                 ,        ,N ,ESTRELLA                                ,AV  ,E ,GRANT                                   ,RD  ,DAYLIGHT                                               ,CLOUDY                                                 ,                         ,NOT JUNCTION RELATED                                   ,,"2-WAY, NOT DIVIDED WITH CONT LEFT TURN LANE            ",,PEDALCYCLE               ,TPD_TRAFFIC_INCIDENTS,\\central\data\Transportation\Traffic\Accident Data\2019\1909160179.pdf,,,,,